action_type,activity_comment,activity_id,activity_properties,assay_chembl_id,assay_description,assay_type,assay_variant_accession,assay_variant_mutation,bao_endpoint,bao_format,bao_label,canonical_smiles,data_validity_comment,data_validity_description,document_chembl_id,document_journal,document_year,ligand_efficiency,modality,molecule_chembl_id,molecule_pref_name,parent_molecule_chembl_id,pchembl_value,potential_duplicate,qudt_units,record_id,relation,src_id,standard_flag,standard_relation,standard_text_value,standard_type,standard_units,standard_upper_value,standard_value,target_chembl_id,target_organism,target_pref_name,target_tax_id,text_value,toid,type,units,uo_units,upper_value,value,exclusion_reason,ic50_nM,smiles,measurement_class
,,72191,[],CHEMBL712040,Inhibition of matrix metalloprotease-9,B,,,BAO_0000190,BAO_0000357,single protein format,CNC(=O)[C@@H](NC(=O)[C@H](CC(C)C)[C@H](O)C(=O)NO)C(C)(C)C,,,CHEMBL1132530,Bioorg Med Chem Lett,1999.0,"{'bei': '26.63', 'le': '0.52', 'lle': '9.03', 'sei': '6.91'}",,CHEMBL279785,MARIMASTAT,CHEMBL279785,8.82,0,http://www.openphacts.org/units/Nanomolar,76330,=,1,1,=,,IC50,nM,,1.5,CHEMBL321,Homo sapiens,Matrix metalloproteinase-9,9606,,,IC50,nM,UO_0000065,,1.5,,1.5,CNC(=O)[C@@H](NC(=O)[C@H](CC(C)C)[C@H](O)C(=O)NO)C(C)(C)C,active
,,85195,[],CHEMBL712040,Inhibition of matrix metalloprotease-9,B,,,BAO_0000190,BAO_0000357,single protein format,COc1ccc(S(=O)(=O)N(CC(C)C)[C@@H](CCSCc2ccc(-c3ccccc3)cc2)C(=O)NO)cc1,,,CHEMBL1132530,Bioorg Med Chem Lett,1999.0,"{'bei': '17.87', 'le': '0.36', 'lle': '4.49', 'sei': '10.11'}",,CHEMBL296761,,CHEMBL296761,9.70,0,http://www.openphacts.org/units/Nanomolar,76327,=,1,1,=,,IC50,nM,,0.2,CHEMBL321,Homo sapiens,Matrix metalloproteinase-9,9606,,,IC50,nM,UO_0000065,,0.2,,0.2,COc1ccc(S(=O)(=O)N(CC(C)C)[C@@H](CCSCc2ccc(-c3ccccc3)cc2)C(=O)NO)cc1,active
,,86118,[],CHEMBL712040,Inhibition of matrix metalloprotease-9,B,,,BAO_0000190,BAO_0000357,single protein format,COc1ccc(S(=O)(=O)N(CC(C)C)[C@@H](CCSCc2ccccc2)C(=O)NO)cc1,,,CHEMBL1132530,Bioorg Med Chem Lett,1999.0,"{'bei': '18.43', 'le': '0.38', 'lle': '5.06', 'sei': '8.97'}",,CHEMBL296911,,CHEMBL296911,8.60,0,http://www.openphacts.org/units/Nanomolar,76326,=,1,1,=,,IC50,nM,,2.5,CHEMBL321,Homo sapiens,Matrix metalloproteinase-9,9606,,,IC50,nM,UO_0000065,,2.5,,2.5,COc1ccc(S(=O)(=O)N(CC(C)C)[C@@H](CCSCc2ccccc2)C(=O)NO)cc1,active
,,88211,[],CHEMBL712040,Inhibition of matrix metalloprotease-9,B,,,BAO_0000190,BAO_0000357,single protein format,COc1ccc(S(=O)(=O)N(CC(C)C)[C@@H](CCSCc2ccc(OCc3ccccc3)cc2)C(=O)NO)cc1,,,CHEMBL1132530,Bioorg Med Chem Lett,1999.0,"{'bei': '14.14', 'le': '0.28', 'lle': '2.98', 'sei': '7.70'}",,CHEMBL45162,,CHEMBL45162,8.10,0,http://www.openphacts.org/units/Nanomolar,76328,=,1,1,=,,IC50,nM,,8.0,CHEMBL321,Homo sapiens,Matrix metalloproteinase-9,9606,,,IC50,nM,UO_0000065,,8.0,,8.0,COc1ccc(S(=O)(=O)N(CC(C)C)[C@@H](CCSCc2ccc(OCc3ccccc3)cc2)C(=O)NO)cc1,active
,,91195,[],CHEMBL712040,Inhibition of matrix metalloprotease-9,B,,,BAO_0000190,BAO_0000357,single protein format,CSCC[C@@H](C(=O)NO)N(CC(C)C)S(=O)(=O)c1ccc(-c2ccccc2)cc1,,,CHEMBL1132530,Bioorg Med Chem Lett,1999.0,"{'bei': '22.21', 'le': '0.46', 'lle': '6.07', 'sei': '11.19'}",,CHEMBL47728,,CHEMBL47728,9.70,0,http://www.openphacts.org/units/Nanomolar,76333,=,1,1,=,,IC50,nM,,0.2,CHEMBL321,Homo sapiens,Matrix metalloproteinase-9,9606,,,IC50,nM,UO_0000065,,0.2,,0.2,CSCC[C@@H](C(=O)NO)N(CC(C)C)S(=O)(=O)c1ccc(-c2ccccc2)cc1,active
,,100134,[],CHEMBL712040,Inhibition of matrix metalloprotease-9,B,,,BAO_0000190,BAO_0000357,single protein format,CC[C@@H](C(=O)NO)N(CC(C)C)S(=O)(=O)c1ccc(OC)cc1,,,CHEMBL1132530,Bioorg Med Chem Lett,1999.0,"{'bei': '23.68', 'le': '0.48', 'lle': '6.52', 'sei': '8.50'}",,CHEMBL45357,,CHEMBL45357,8.15,0,http://www.openphacts.org/units/Nanomolar,76334,=,1,1,=,,IC50,nM,,7.0,CHEMBL321,Homo sapiens,Matrix metalloproteinase-9,9606,,,IC50,nM,UO_0000065,,7.0,,7.0,CC[C@@H](C(=O)NO)N(CC(C)C)S(=O)(=O)c1ccc(OC)cc1,active
,,136916,[],CHEMBL710583,Inhibition of Matrix metalloprotease-9,B,,,BAO_0000190,BAO_0000357,single protein format,Cc1cc(CCC[C@H](CC(=O)NO)C(=O)N[C@H](C(=O)N[C@H](C)c2ccccc2)C(C)(C)C)ccc1-c1ccccc1,,,CHEMBL1134203,Bioorg Med Chem Lett,2001.0,"{'bei': '10.89', 'le': '0.20', 'lle': '0.18', 'sei': '5.65'}",,CHEMBL117225,,CHEMBL117225,6.08,0,http://www.openphacts.org/units/Nanomolar,301060,=,1,1,=,,IC50,nM,,840.0,CHEMBL321,Homo sapiens,Matrix metalloproteinase-9,9606,,,IC50,nM,UO_0000065,,840.0,,840.0,Cc1cc(CCC[C@H](CC(=O)NO)C(=O)N[C@H](C(=O)N[C@H](C)c2ccccc2)C(C)(C)C)ccc1-c1ccccc1,active
,,185679,[],CHEMBL714516,Inhibition of Matrix metalloprotease-9,B,,,BAO_0000190,BAO_0000357,single protein format,O=C(NO)C(CCN1C(=O)c2ccccc2C1=O)COc1ccc(-c2ccccc2)cc1,,,CHEMBL1134157,Bioorg Med Chem Lett,2001.0,"{'bei': '19.28', 'le': '0.35', 'lle': '4.76', 'sei': '8.65'}",,CHEMBL101121,,CHEMBL101121,8.30,0,http://www.openphacts.org/units/Nanomolar,189020,=,1,1,=,,IC50,nM,,5.0,CHEMBL321,Homo sapiens,Matrix metalloproteinase-9,9606,,,IC50,nM,UO_0000065,,5.0,,5.0,O=C(NO)C(CCN1C(=O)c2ccccc2C1=O)COc1ccc(-c2ccccc2)cc1,active
,,187002,[],CHEMBL714516,Inhibition of Matrix metalloprotease-9,B,,,BAO_0000190,BAO_0000357,single protein format,O=C(NO)C(CCN1C(=O)c2ccccc2S1(=O)=O)COc1ccc(-c2ccccc2)cc1,,,CHEMBL1134157,Bioorg Med Chem Lett,2001.0,"{'bei': '16.71', 'le': '0.32', 'lle': '4.71', 'sei': '6.90'}",,CHEMBL103442,,CHEMBL103442,7.80,0,http://www.openphacts.org/units/Nanomolar,189019,=,1,1,=,,IC50,nM,,16.0,CHEMBL321,Homo sapiens,Matrix metalloproteinase-9,9606,,,IC50,nM,UO_0000065,,16.0,,16.0,O=C(NO)C(CCN1C(=O)c2ccccc2S1(=O)=O)COc1ccc(-c2ccccc2)cc1,active
,,191959,[],CHEMBL714516,Inhibition of Matrix metalloprotease-9,B,,,BAO_0000190,BAO_0000357,single protein format,N#Cc1ccc(-c2ccc(OCC(CCn3nnc4ccccc4c3=O)C(=O)NO)cc2)cc1,,,CHEMBL1134157,Bioorg Med Chem Lett,2001.0,"{'bei': '20.25', 'le': '0.37', 'lle': '6.30', 'sei': '7.09'}",,CHEMBL317508,,CHEMBL317508,9.22,0,http://www.openphacts.org/units/Nanomolar,189012,=,1,1,=,,IC50,nM,,0.6,CHEMBL321,Homo sapiens,Matrix metalloproteinase-9,9606,,,IC50,nM,UO_0000065,,0.6,,0.6,N#Cc1ccc(-c2ccc(OCC(CCn3nnc4ccccc4c3=O)C(=O)NO)cc2)cc1,active
,,194268,[],CHEMBL714516,Inhibition of Matrix metalloprotease-9,B,,,BAO_0000190,BAO_0000357,single protein format,CNC(=O)[C@@H](NC(=O)[C@H](CC(C)C)[C@H](O)C(=O)NO)C(C)(C)C,,,CHEMBL1134157,Bioorg Med Chem Lett,2001.0,"{'bei': '26.54', 'le': '0.52', 'lle': '9.01', 'sei': '6.88'}",,CHEMBL279785,MARIMASTAT,CHEMBL279785,8.80,0,http://www.openphacts.org/units/Nanomolar,189009,=,1,1,=,,IC50,nM,,1.6,CHEMBL321,Homo sapiens,Matrix metalloproteinase-9,9606,,,IC50,nM,UO_0000065,,1.6,,1.6,CNC(=O)[C@@H](NC(=O)[C@H](CC(C)C)[C@H](O)C(=O)NO)C(C)(C)C,active
,,195387,[],CHEMBL714516,Inhibition of Matrix metalloprotease-9,B,,,BAO_0000190,BAO_0000357,single protein format,O=C(NO)C(CCn1nnc2ccccc2c1=O)COCCc1ccc(-c2ccc(Cl)cc2)cc1,,,CHEMBL1134157,Bioorg Med Chem Lett,2001.0,"{'bei': '17.13', 'le': '0.33', 'lle': '4.56', 'sei': '7.94'}",,CHEMBL100584,,CHEMBL100584,8.44,0,http://www.openphacts.org/units/Nanomolar,189011,=,1,1,=,,IC50,nM,,3.6,CHEMBL321,Homo sapiens,Matrix metalloproteinase-9,9606,,,IC50,nM,UO_0000065,,3.6,,3.6,O=C(NO)C(CCn1nnc2ccccc2c1=O)COCCc1ccc(-c2ccc(Cl)cc2)cc1,active
,,195393,[],CHEMBL714516,Inhibition of Matrix metalloprotease-9,B,,,BAO_0000190,BAO_0000357,single protein format,CC1(C)SCCN(S(=O)(=O)c2ccc(Oc3ccncc3)cc2)[C@H]1C(=O)NO,,,CHEMBL1134157,Bioorg Med Chem Lett,2001.0,"{'bei': '22.90', 'le': '0.47', 'lle': '7.44', 'sei': '8.91'}",,CHEMBL75094,PRINOMASTAT,CHEMBL75094,9.70,0,http://www.openphacts.org/units/Nanomolar,189010,=,1,1,=,,IC50,nM,,0.2,CHEMBL321,Homo sapiens,Matrix metalloproteinase-9,9606,,,IC50,nM,UO_0000065,,0.2,,0.2,CC1(C)SCCN(S(=O)(=O)c2ccc(Oc3ccncc3)cc2)[C@H]1C(=O)NO,active
,,200121,[],CHEMBL714516,Inhibition of Matrix metalloprotease-9,B,,,BAO_0000190,BAO_0000357,single protein format,O=C(NO)C(CCCN1C(=O)c2ccccc2C1=O)COc1ccc(-c2ccccc2)cc1,,,CHEMBL1134157,Bioorg Med Chem Lett,2001.0,"{'bei': '14.97', 'le': '0.28', 'lle': '2.73', 'sei': '6.94'}",,CHEMBL318795,,CHEMBL318795,6.66,0,http://www.openphacts.org/units/Nanomolar,189015,=,1,1,=,,IC50,nM,,221.0,CHEMBL321,Homo sapiens,Matrix metalloproteinase-9,9606,,,IC50,nM,UO_0000065,,221.0,,221.0,O=C(NO)C(CCCN1C(=O)c2ccccc2C1=O)COc1ccc(-c2ccccc2)cc1,active
,,204982,[],CHEMBL714516,Inhibition of Matrix metalloprotease-9,B,,,BAO_0000190,BAO_0000357,single protein format,O=C(NO)C(CCn1c(=O)[nH]c2ccccc2c1=O)COc1ccc(-c2ccccc2)cc1,,,CHEMBL1134157,Bioorg Med Chem Lett,2001.0,"{'bei': '17.06', 'le': '0.31', 'lle': '4.65', 'sei': '6.70'}",,CHEMBL100805,,CHEMBL100805,7.60,0,http://www.openphacts.org/units/Nanomolar,189014,=,1,1,=,,IC50,nM,,25.0,CHEMBL321,Homo sapiens,Matrix metalloproteinase-9,9606,,,IC50,nM,UO_0000065,,25.0,,25.0,O=C(NO)C(CCn1c(=O)[nH]c2ccccc2c1=O)COc1ccc(-c2ccccc2)cc1,active
,,207376,[],CHEMBL714516,Inhibition of Matrix metalloprotease-9,B,,,BAO_0000190,BAO_0000357,single protein format,CN1C(=O)N(CCC(COc2ccc(-c3ccccc3)cc2)C(=O)NO)C(=O)C1(C)C,,,CHEMBL1134157,Bioorg Med Chem Lett,2001.0,"{'bei': '15.75', 'le': '0.30', 'lle': '3.78', 'sei': '6.76'}",,CHEMBL323148,,CHEMBL323148,6.70,0,http://www.openphacts.org/units/Nanomolar,189016,=,1,1,=,,IC50,nM,,199.0,CHEMBL321,Homo sapiens,Matrix metalloproteinase-9,9606,,,IC50,nM,UO_0000065,,199.0,,199.0,CN1C(=O)N(CCC(COc2ccc(-c3ccccc3)cc2)C(=O)NO)C(=O)C1(C)C,active
,,207382,[],CHEMBL714516,Inhibition of Matrix metalloprotease-9,B,,,BAO_0000190,BAO_0000357,single protein format,O=C(NO)C(CCn1nnc2ccccc2c1=O)COc1ccc(-c2ccccc2)cc1,,,CHEMBL1134157,Bioorg Med Chem Lett,2001.0,"{'bei': '20.91', 'le': '0.38', 'lle': '5.95', 'sei': '8.46'}",,CHEMBL323371,,CHEMBL323371,9.00,0,http://www.openphacts.org/units/Nanomolar,189018,=,1,1,=,,IC50,nM,,1.0,CHEMBL321,Homo sapiens,Matrix metalloproteinase-9,9606,,,IC50,nM,UO_0000065,,1.0,,1.0,O=C(NO)C(CCn1nnc2ccccc2c1=O)COc1ccc(-c2ccccc2)cc1,active
,,210778,[],CHEMBL714516,Inhibition of Matrix metalloprotease-9,B,,,BAO_0000190,BAO_0000357,single protein format,N#Cc1ccc(-c2ccc(OCCC(=O)NO)cc2)cc1,,,CHEMBL1134157,Bioorg Med Chem Lett,2001.0,"{'bei': '21.90', 'le': '0.40', 'lle': '3.68', 'sei': '7.51'}",,CHEMBL38851,,CHEMBL38851,6.18,0,http://www.openphacts.org/units/Nanomolar,189021,=,1,1,=,,IC50,nM,,655.0,CHEMBL321,Homo sapiens,Matrix metalloproteinase-9,9606,,,IC50,nM,UO_0000065,,655.0,,655.0,N#Cc1ccc(-c2ccc(OCCC(=O)NO)cc2)cc1,active
,,216739,[],CHEMBL714516,Inhibition of Matrix metalloprotease-9,B,,,BAO_0000190,BAO_0000357,single protein format,O=C(NO)C(CCn1nnc2ccccc2c1=O)COc1ccc(-c2ccc(Cl)cc2)cc1,,,CHEMBL1134157,Bioorg Med Chem Lett,2001.0,"{'bei': '19.84', 'le': '0.38', 'lle': '5.52', 'sei': '8.67'}",,CHEMBL317132,,CHEMBL317132,9.22,0,http://www.openphacts.org/units/Nanomolar,189013,=,1,1,=,,IC50,nM,,0.6,CHEMBL321,Homo sapiens,Matrix metalloproteinase-9,9606,,,IC50,nM,UO_0000065,,0.6,,0.6,O=C(NO)C(CCn1nnc2ccccc2c1=O)COc1ccc(-c2ccc(Cl)cc2)cc1,active
,,217988,[],CHEMBL714516,Inhibition of Matrix metalloprotease-9,B,,,BAO_0000190,BAO_0000357,single protein format,O=C(NO)C(CCn1ncc2ccccc2c1=O)COc1ccc(-c2ccccc2)cc1,,,CHEMBL1134157,Bioorg Med Chem Lett,2001.0,"{'bei': '17.42', 'le': '0.32', 'lle': '3.83', 'sei': '8.01'}",,CHEMBL102459,,CHEMBL102459,7.48,0,http://www.openphacts.org/units/Nanomolar,189017,=,1,1,=,,IC50,nM,,33.0,CHEMBL321,Homo sapiens,Matrix metalloproteinase-9,9606,,,IC50,nM,UO_0000065,,33.0,,33.0,O=C(NO)C(CCn1ncc2ccccc2c1=O)COc1ccc(-c2ccccc2)cc1,active
,,251845,[],CHEMBL687536,Inhibition of human recombinant 92 kDa gelatinase MMP-9 at 100 uM,B,,,BAO_0000190,BAO_0000357,single protein format,CNC(=O)[C@H](Cc1c[nH]c2ccccc12)NC(=O)[C@@H](CC(=O)NO)CC(C)C,,,CHEMBL1128777,Bioorg Med Chem Lett,1995.0,"{'bei': '24.97', 'le': '0.47', 'lle': '8.20', 'sei': '7.86'}",,CHEMBL19611,ILOMASTAT,CHEMBL19611,9.70,0,http://www.openphacts.org/units/Nanomolar,70497,=,1,1,=,,IC50,nM,,0.2,CHEMBL321,Homo sapiens,Matrix metalloproteinase-9,9606,,,IC50,nM,UO_0000065,,0.2,,0.2,CNC(=O)[C@H](Cc1c[nH]c2ccccc12)NC(=O)[C@@H](CC(=O)NO)CC(C)C,active
,,255920,[],CHEMBL687544,Inhibition of human recombinant Gelatinase B (MMP-9),B,,,BAO_0000190,BAO_0000357,single protein format,CCCCCCCCC[C@H](CC(=O)NO)C(=O)N[C@H](C(=O)NC)C(C)(C)C,,,CHEMBL1130307,Bioorg Med Chem Lett,1997.0,"{'bei': '22.89', 'le': '0.45', 'lle': '5.90', 'sei': '8.21'}",,CHEMBL59338,,CHEMBL59338,8.82,0,http://www.openphacts.org/units/Nanomolar,103521,=,1,1,=,,IC50,nM,,1.5,CHEMBL321,Homo sapiens,Matrix metalloproteinase-9,9606,,,IC50,nM,UO_0000065,,1.5,,1.5,CCCCCCCCC[C@H](CC(=O)NO)C(=O)N[C@H](C(=O)NC)C(C)(C)C,active
,,349927,[],CHEMBL715218,Inhibition of Matrix metalloprotease-9 activity,B,,,BAO_0000190,BAO_0000357,single protein format,CNCC#CCOc1ccc(S(=O)(=O)N(C)c2c(C)cc(Br)cc2C(=O)NO)cc1,,,CHEMBL1135289,Bioorg Med Chem Lett,2002.0,"{'bei': '12.47', 'le': '0.28', 'lle': '3.89', 'sei': '5.73'}",,CHEMBL19269,,CHEMBL19269,6.19,0,http://www.openphacts.org/units/Nanomolar,23578,=,1,1,=,,IC50,nM,,643.0,CHEMBL321,Homo sapiens,Matrix metalloproteinase-9,9606,,,IC50,nM,UO_0000065,,643.0,,643.0,CNCC#CCOc1ccc(S(=O)(=O)N(C)c2c(C)cc(Br)cc2C(=O)NO)cc1,active
,,351371,[],CHEMBL715218,Inhibition of Matrix metalloprotease-9 activity,B,,,BAO_0000190,BAO_0000357,single protein format,COc1ccc(S(=O)(=O)N(C)c2c(C(=O)NO)cc(Br)cc2C2CCN(C)CC2)cc1,,,CHEMBL1135289,Bioorg Med Chem Lett,2002.0,"{'bei': '16.98', 'le': '0.38', 'lle': '5.49', 'sei': '8.77'}",,CHEMBL278872,,CHEMBL278872,8.70,0,http://www.openphacts.org/units/Nanomolar,23590,=,1,1,=,,IC50,nM,,2.0,CHEMBL321,Homo sapiens,Matrix metalloproteinase-9,9606,,,IC50,nM,UO_0000065,,2.0,,2.0,COc1ccc(S(=O)(=O)N(C)c2c(C(=O)NO)cc(Br)cc2C2CCN(C)CC2)cc1,active
,,351376,[],CHEMBL715218,Inhibition of Matrix metalloprotease-9 activity,B,,,BAO_0000190,BAO_0000357,single protein format,CCCC#CCOc1ccc(S(=O)(=O)N(C)c2c(C)cc(Br)cc2C(=O)NO)cc1,,,CHEMBL1135289,Bioorg Med Chem Lett,2002.0,"{'bei': '13.39', 'le': '0.30', 'lle': '2.75', 'sei': '6.92'}",,CHEMBL18649,,CHEMBL18649,6.63,0,http://www.openphacts.org/units/Nanomolar,23583,=,1,1,=,,IC50,nM,,232.0,CHEMBL321,Homo sapiens,Matrix metalloproteinase-9,9606,,,IC50,nM,UO_0000065,,232.0,,232.0,CCCC#CCOc1ccc(S(=O)(=O)N(C)c2c(C)cc(Br)cc2C(=O)NO)cc1,active
,,351381,[],CHEMBL715218,Inhibition of Matrix metalloprotease-9 activity,B,,,BAO_0000190,BAO_0000357,single protein format,COCC#CCOc1ccc(S(=O)(=O)N(C)c2c(C)cc(Br)cc2C(=O)NO)cc1,,,CHEMBL1135289,Bioorg Med Chem Lett,2002.0,"{'bei': '12.89', 'le': '0.29', 'lle': '3.68', 'sei': '6.10'}",,CHEMBL18895,,CHEMBL18895,6.41,0,http://www.openphacts.org/units/Nanomolar,23579,=,1,1,=,,IC50,nM,,387.0,CHEMBL321,Homo sapiens,Matrix metalloproteinase-9,9606,,,IC50,nM,UO_0000065,,387.0,,387.0,COCC#CCOc1ccc(S(=O)(=O)N(C)c2c(C)cc(Br)cc2C(=O)NO)cc1,active
,,352718,[],CHEMBL715218,Inhibition of Matrix metalloprotease-9 activity,B,,,BAO_0000190,BAO_0000357,single protein format,Cc1cc(Br)cc(C(=O)NO)c1N(C)S(=O)(=O)c1ccc(OCC#Cc2ccccc2)cc1,,,CHEMBL1135289,Bioorg Med Chem Lett,2002.0,"{'bei': '11.46', 'le': '0.25', 'lle': '1.94', 'sei': '6.32'}",,CHEMBL418737,,CHEMBL418737,6.07,0,http://www.openphacts.org/units/Nanomolar,23581,=,1,1,=,,IC50,nM,,857.0,CHEMBL321,Homo sapiens,Matrix metalloproteinase-9,9606,,,IC50,nM,UO_0000065,,857.0,,857.0,Cc1cc(Br)cc(C(=O)NO)c1N(C)S(=O)(=O)c1ccc(OCC#Cc2ccccc2)cc1,active
,,352723,[],CHEMBL715218,Inhibition of Matrix metalloprotease-9 activity,B,,,BAO_0000190,BAO_0000357,single protein format,Cc1cc(Br)cc(C(=O)NO)c1N(C)S(=O)(=O)c1ccc(OCC#CCNCCCN(C)C)cc1,,,CHEMBL1135289,Bioorg Med Chem Lett,2002.0,"{'bei': '10.43', 'le': '0.23', 'lle': '3.29', 'sei': '5.32'}",,CHEMBL276275,,CHEMBL276275,5.92,0,http://www.openphacts.org/units/Nanomolar,23577,=,1,1,=,,IC50,nM,,1205.0,CHEMBL321,Homo sapiens,Matrix metalloproteinase-9,9606,,,IC50,nM,UO_0000065,,1205.0,,1205.0,Cc1cc(Br)cc(C(=O)NO)c1N(C)S(=O)(=O)c1ccc(OCC#CCNCCCN(C)C)cc1,intermediate
,,354284,[],CHEMBL715218,Inhibition of Matrix metalloprotease-9 activity,B,,,BAO_0000190,BAO_0000357,single protein format,CCC#CCOc1ccc(S(=O)(=O)N(C)c2c(C)cc(Br)cc2C(=O)NO)cc1,,,CHEMBL1135289,Bioorg Med Chem Lett,2002.0,"{'bei': '12.67', 'le': '0.29', 'lle': '2.61', 'sei': '6.35'}",,CHEMBL19371,,CHEMBL19371,6.10,0,http://www.openphacts.org/units/Nanomolar,23587,=,1,1,=,,IC50,nM,,800.0,CHEMBL321,Homo sapiens,Matrix metalloproteinase-9,9606,,,IC50,nM,UO_0000065,,800.0,,800.0,CCC#CCOc1ccc(S(=O)(=O)N(C)c2c(C)cc(Br)cc2C(=O)NO)cc1,active
,,358604,[],CHEMBL715218,Inhibition of Matrix metalloprotease-9 activity,B,,,BAO_0000190,BAO_0000357,single protein format,Cc1cc(Br)cc(C(=O)NO)c1N(C)S(=O)(=O)c1ccc(OCC#CCO)cc1,,,CHEMBL1135289,Bioorg Med Chem Lett,2002.0,"{'bei': '13.08', 'le': '0.30', 'lle': '4.24', 'sei': '5.44'}",,CHEMBL18943,,CHEMBL18943,6.32,0,http://www.openphacts.org/units/Nanomolar,23580,=,1,1,=,,IC50,nM,,477.0,CHEMBL321,Homo sapiens,Matrix metalloproteinase-9,9606,,,IC50,nM,UO_0000065,,477.0,,477.0,Cc1cc(Br)cc(C(=O)NO)c1N(C)S(=O)(=O)c1ccc(OCC#CCO)cc1,active
,,360021,[],CHEMBL715218,Inhibition of Matrix metalloprotease-9 activity,B,,,BAO_0000190,BAO_0000357,single protein format,CC#CCOc1ccc(S(=O)(=O)N(C)c2c(C(=O)NO)cc(Br)cc2C2CCN(C)CC2)cc1,,,CHEMBL1135289,Bioorg Med Chem Lett,2002.0,"{'bei': '12.32', 'le': '0.27', 'lle': '3.18', 'sei': '6.84'}",,CHEMBL18667,,CHEMBL18667,6.78,0,http://www.openphacts.org/units/Nanomolar,23572,=,1,1,=,,IC50,nM,,166.0,CHEMBL321,Homo sapiens,Matrix metalloproteinase-9,9606,,,IC50,nM,UO_0000065,,166.0,,166.0,CC#CCOc1ccc(S(=O)(=O)N(C)c2c(C(=O)NO)cc(Br)cc2C2CCN(C)CC2)cc1,active
,,364132,[],CHEMBL715218,Inhibition of Matrix metalloprotease-9 activity,B,,,BAO_0000190,BAO_0000357,single protein format,CC#CCOc1ccc(S(=O)(=O)N(C)c2c(C)cc(Br)cc2C(=O)NO)cc1,,,CHEMBL1135289,Bioorg Med Chem Lett,2002.0,"{'bei': '13.95', 'le': '0.32', 'lle': '3.42', 'sei': '6.79'}",,CHEMBL19005,,CHEMBL19005,6.52,0,http://www.openphacts.org/units/Nanomolar,23588,=,1,1,=,,IC50,nM,,304.0,CHEMBL321,Homo sapiens,Matrix metalloproteinase-9,9606,,,IC50,nM,UO_0000065,,304.0,,304.0,CC#CCOc1ccc(S(=O)(=O)N(C)c2c(C)cc(Br)cc2C(=O)NO)cc1,active
,,365605,[],CHEMBL715218,Inhibition of Matrix metalloprotease-9 activity,B,,,BAO_0000190,BAO_0000357,single protein format,CCN(CC)CC#CCOc1ccc(S(=O)(=O)N(C)c2c(C)cc(Br)cc2C(=O)NO)cc1,,,CHEMBL1135289,Bioorg Med Chem Lett,2002.0,"{'bei': '10.30', 'le': '0.23', 'lle': '2.12', 'sei': '5.59'}",,CHEMBL277206,,CHEMBL277206,5.55,0,http://www.openphacts.org/units/Nanomolar,23576,=,1,1,=,,IC50,nM,,2827.0,CHEMBL321,Homo sapiens,Matrix metalloproteinase-9,9606,,,IC50,nM,UO_0000065,,2827.0,,2827.0,CCN(CC)CC#CCOc1ccc(S(=O)(=O)N(C)c2c(C)cc(Br)cc2C(=O)NO)cc1,intermediate
,,375460,[],CHEMBL715218,Inhibition of Matrix metalloprotease-9 activity,B,,,BAO_0000190,BAO_0000357,single protein format,CC#CCOc1ccc(S(=O)(=O)N(C)c2c(C(=O)NO)cc(-c3ccccc3)cc2C2CCN(C)CC2)cc1,,,CHEMBL1135289,Bioorg Med Chem Lett,2002.0,"{'bei': '13.79', 'le': '0.26', 'lle': '3.04', 'sei': '7.62'}",,CHEMBL19278,,CHEMBL19278,7.55,0,http://www.openphacts.org/units/Nanomolar,23571,=,1,1,=,,IC50,nM,,28.0,CHEMBL321,Homo sapiens,Matrix metalloproteinase-9,9606,,,IC50,nM,UO_0000065,,28.0,,28.0,CC#CCOc1ccc(S(=O)(=O)N(C)c2c(C(=O)NO)cc(-c3ccccc3)cc2C2CCN(C)CC2)cc1,active
,,385406,[],CHEMBL715218,Inhibition of Matrix metalloprotease-9 activity,B,,,BAO_0000190,BAO_0000357,single protein format,CCCCOc1ccc(S(=O)(=O)N(C)c2c(C)cc(Br)cc2C(=O)NO)cc1,,,CHEMBL1135289,Bioorg Med Chem Lett,2002.0,"{'bei': '16.29', 'le': '0.37', 'lle': '3.80', 'sei': '8.00'}",,CHEMBL273764,,CHEMBL273764,7.68,0,http://www.openphacts.org/units/Nanomolar,23584,=,1,1,=,,IC50,nM,,21.0,CHEMBL321,Homo sapiens,Matrix metalloproteinase-9,9606,,,IC50,nM,UO_0000065,,21.0,,21.0,CCCCOc1ccc(S(=O)(=O)N(C)c2c(C)cc(Br)cc2C(=O)NO)cc1,active
,,385411,[],CHEMBL715218,Inhibition of Matrix metalloprotease-9 activity,B,,,BAO_0000190,BAO_0000357,single protein format,C#CC(C)Oc1ccc(S(=O)(=O)N(C)c2c(C)cc(Br)cc2C(=O)NO)cc1,,,CHEMBL1135289,Bioorg Med Chem Lett,2002.0,"{'bei': '13.57', 'le': '0.31', 'lle': '3.24', 'sei': '6.61'}",,CHEMBL19279,,CHEMBL19279,6.34,0,http://www.openphacts.org/units/Nanomolar,23586,=,1,1,=,,IC50,nM,,455.0,CHEMBL321,Homo sapiens,Matrix metalloproteinase-9,9606,,,IC50,nM,UO_0000065,,455.0,,455.0,C#CC(C)Oc1ccc(S(=O)(=O)N(C)c2c(C)cc(Br)cc2C(=O)NO)cc1,active
,,513690,[],CHEMBL687547,"Inhibition of Gelatinase B, matrix metalloprotease-9",B,,,BAO_0000190,BAO_0000357,single protein format,CCCCCCCCOc1ccc(CC2(C)C(=O)NC(=O)NC2=O)cc1,,,CHEMBL1134035,Bioorg Med Chem Lett,2001.0,"{'bei': '18.82', 'le': '0.36', 'lle': '3.45', 'sei': '8.03'}",,CHEMBL177077,,CHEMBL177077,6.79,0,http://www.openphacts.org/units/Nanomolar,347193,=,1,1,=,,IC50,nM,,164.0,CHEMBL321,Homo sapiens,Matrix metalloproteinase-9,9606,,,IC50,uM,UO_0000065,,0.164,,164.0,CCCCCCCCOc1ccc(CC2(C)C(=O)NC(=O)NC2=O)cc1,active
,,517544,[],CHEMBL687547,"Inhibition of Gelatinase B, matrix metalloprotease-9",B,,,BAO_0000190,BAO_0000357,single protein format,O=C1NC(=O)C(c2ccc(Oc3ccccc3)cc2)C(=O)N1,,,CHEMBL1134035,Bioorg Med Chem Lett,2001.0,"{'bei': '16.38', 'le': '0.30', 'lle': '2.92', 'sei': '5.74'}",,CHEMBL176517,,CHEMBL176517,4.85,0,http://www.openphacts.org/units/Nanomolar,347192,=,1,1,=,,IC50,nM,,14000.0,CHEMBL321,Homo sapiens,Matrix metalloproteinase-9,9606,,,IC50,uM,UO_0000065,,14.0,,14000.0,O=C1NC(=O)C(c2ccc(Oc3ccccc3)cc2)C(=O)N1,inactive
,,529522,[],CHEMBL687547,"Inhibition of Gelatinase B, matrix metalloprotease-9",B,,,BAO_0000190,BAO_0000357,single protein format,CCCCCCC1(c2ccc(-c3ccccc3)cc2)C(=O)NC(=O)NC1=O,,,CHEMBL1134035,Bioorg Med Chem Lett,2001.0,"{'bei': '16.64', 'le': '0.31', 'lle': '2.13', 'sei': '8.06'}",,CHEMBL175282,,CHEMBL175282,6.06,0,http://www.openphacts.org/units/Nanomolar,347190,=,1,1,=,,IC50,nM,,863.0,CHEMBL321,Homo sapiens,Matrix metalloproteinase-9,9606,,,IC50,uM,UO_0000065,,0.863,,863.0,CCCCCCC1(c2ccc(-c3ccccc3)cc2)C(=O)NC(=O)NC1=O,active
,,536114,[],CHEMBL687547,"Inhibition of Gelatinase B, matrix metalloprotease-9",B,,,BAO_0000190,BAO_0000357,single protein format,O=C1NC(=O)C(CCO)(c2ccc(Oc3ccccc3)cc2)C(=O)N1,,,CHEMBL1134035,Bioorg Med Chem Lett,2001.0,"{'bei': '20.36', 'le': '0.38', 'lle': '5.46', 'sei': '6.62'}",,CHEMBL174641,,CHEMBL174641,6.93,0,http://www.openphacts.org/units/Nanomolar,347196,=,1,1,=,,IC50,nM,,118.0,CHEMBL321,Homo sapiens,Matrix metalloproteinase-9,9606,,,IC50,uM,UO_0000065,,0.118,,118.0,O=C1NC(=O)C(CCO)(c2ccc(Oc3ccccc3)cc2)C(=O)N1,active
,,536119,[],CHEMBL687547,"Inhibition of Gelatinase B, matrix metalloprotease-9",B,,,BAO_0000190,BAO_0000357,single protein format,CCCCCCC1(c2ccc(Oc3ccccc3)cc2)C(=O)NC(=O)NC1=O,,,CHEMBL1134035,Bioorg Med Chem Lett,2001.0,"{'bei': '20.36', 'le': '0.38', 'lle': '3.69', 'sei': '9.17'}",,CHEMBL176832,,CHEMBL176832,7.75,0,http://www.openphacts.org/units/Nanomolar,347187,=,1,1,=,,IC50,nM,,18.0,CHEMBL321,Homo sapiens,Matrix metalloproteinase-9,9606,,,IC50,uM,UO_0000065,,0.018,,18.0,CCCCCCC1(c2ccc(Oc3ccccc3)cc2)C(=O)NC(=O)NC1=O,active
,,537492,[],CHEMBL687547,"Inhibition of Gelatinase B, matrix metalloprotease-9",B,,,BAO_0000190,BAO_0000357,single protein format,O=C1NC(=O)C(COCc2ccccc2)(c2ccc(Oc3ccccc3)cc2)C(=O)N1,,,CHEMBL1134035,Bioorg Med Chem Lett,2001.0,"{'bei': '18.66', 'le': '0.34', 'lle': '4.47', 'sei': '8.29'}",,CHEMBL177740,,CHEMBL177740,7.77,0,http://www.openphacts.org/units/Nanomolar,347185,=,1,1,=,,IC50,nM,,17.0,CHEMBL321,Homo sapiens,Matrix metalloproteinase-9,9606,,,IC50,uM,UO_0000065,,0.017,,17.0,O=C1NC(=O)C(COCc2ccccc2)(c2ccc(Oc3ccccc3)cc2)C(=O)N1,active
,,545237,[],CHEMBL687547,"Inhibition of Gelatinase B, matrix metalloprotease-9",B,,,BAO_0000190,BAO_0000357,single protein format,CCCCCCC1(c2ccc(-c3ccccc3)cc2)C(=O)NC(=S)NC1=O,,,CHEMBL1134035,Bioorg Med Chem Lett,2001.0,"{'bei': '12.93', 'le': '0.25', 'lle': '0.83', 'sei': '8.46'}",,CHEMBL176876,,CHEMBL176876,4.92,0,http://www.openphacts.org/units/Nanomolar,347194,=,1,1,=,,IC50,nM,,12000.0,CHEMBL321,Homo sapiens,Matrix metalloproteinase-9,9606,,,IC50,uM,UO_0000065,,12.0,,12000.0,CCCCCCC1(c2ccc(-c3ccccc3)cc2)C(=O)NC(=S)NC1=O,inactive
,,546587,[],CHEMBL687547,"Inhibition of Gelatinase B, matrix metalloprotease-9",B,,,BAO_0000190,BAO_0000357,single protein format,CCCCCCC1(c2ccccc2)C(=O)NC(=O)NC1=O,,,CHEMBL1134035,Bioorg Med Chem Lett,2001.0,"{'bei': '22.48', 'le': '0.42', 'lle': '4.22', 'sei': '8.61'}",,CHEMBL173075,,CHEMBL173075,6.48,0,http://www.openphacts.org/units/Nanomolar,347191,=,1,1,=,,IC50,nM,,330.0,CHEMBL321,Homo sapiens,Matrix metalloproteinase-9,9606,,,IC50,uM,UO_0000065,,0.33,,330.0,CCCCCCC1(c2ccccc2)C(=O)NC(=O)NC1=O,active
,,546592,[],CHEMBL687547,"Inhibition of Gelatinase B, matrix metalloprotease-9",B,,,BAO_0000190,BAO_0000357,single protein format,CC1(c2ccc(Oc3ccccc3)cc2)C(=O)NC(=O)NC1=O,,,CHEMBL1134035,Bioorg Med Chem Lett,2001.0,"{'bei': '23.47', 'le': '0.43', 'lle': '5.18', 'sei': '8.62'}",,CHEMBL176467,,CHEMBL176467,7.28,0,http://www.openphacts.org/units/Nanomolar,347188,=,1,1,=,,IC50,nM,,52.0,CHEMBL321,Homo sapiens,Matrix metalloproteinase-9,9606,,,IC50,uM,UO_0000065,,0.052,,52.0,CC1(c2ccc(Oc3ccccc3)cc2)C(=O)NC(=O)NC1=O,active
,,547971,[],CHEMBL687547,"Inhibition of Gelatinase B, matrix metalloprotease-9",B,,,BAO_0000190,BAO_0000357,single protein format,CC1(c2ccccc2)C(=O)NC(=O)NC1=O,,,CHEMBL1134035,Bioorg Med Chem Lett,2001.0,"{'bei': '22.72', 'le': '0.42', 'lle': '4.65', 'sei': '6.59'}",,CHEMBL329617,,CHEMBL329617,4.96,0,http://www.openphacts.org/units/Nanomolar,347186,=,1,1,=,,IC50,nM,,11000.0,CHEMBL321,Homo sapiens,Matrix metalloproteinase-9,9606,,,IC50,uM,UO_0000065,,11.0,,11000.0,CC1(c2ccccc2)C(=O)NC(=O)NC1=O,inactive
,,547976,[],CHEMBL687547,"Inhibition of Gelatinase B, matrix metalloprotease-9",B,,,BAO_0000190,BAO_0000357,single protein format,CCC1(c2ccc(-c3ccccc3)cc2)C(=O)NC(=O)NC1=O,,,CHEMBL1134035,Bioorg Med Chem Lett,2001.0,"{'bei': '19.97', 'le': '0.37', 'lle': '3.79', 'sei': '8.18'}",,CHEMBL367524,,CHEMBL367524,6.16,0,http://www.openphacts.org/units/Nanomolar,347189,=,1,1,=,,IC50,nM,,696.0,CHEMBL321,Homo sapiens,Matrix metalloproteinase-9,9606,,,IC50,uM,UO_0000065,,0.696,,696.0,CCC1(c2ccc(-c3ccccc3)cc2)C(=O)NC(=O)NC1=O,active
,,598936,[],CHEMBL712567,"Inhibition of matrix metalloprotease-9, gelatinase-B",B,,,BAO_0000190,BAO_0000357,single protein format,CNC(=O)[C@@H](NC(=O)[C@H](CC(C)C)C[C@@H](O)CS)C(C)(C)C,,,CHEMBL1130987,Bioorg Med Chem Lett,1998.0,"{'bei': '19.86', 'le': '0.41', 'lle': '4.99', 'sei': '8.42'}",,CHEMBL16505,,CHEMBL16505,6.60,0,http://www.openphacts.org/units/Nanomolar,19019,=,1,1,=,,IC50,nM,,250.0,CHEMBL321,Homo sapiens,Matrix metalloproteinase-9,9606,,,IC50,nM,UO_0000065,,250.0,,250.0,CNC(=O)[C@@H](NC(=O)[C@H](CC(C)C)C[C@@H](O)CS)C(C)(C)C,active
,,607638,[],CHEMBL712567,"Inhibition of matrix metalloprotease-9, gelatinase-B",B,,,BAO_0000190,BAO_0000357,single protein format,CNC(=O)[C@@H](NC(=O)[C@H](CC(C)C)C[C@H](O)CS)C(C)(C)C,,,CHEMBL1130987,Bioorg Med Chem Lett,1998.0,"{'bei': '24.35', 'le': '0.50', 'lle': '6.49', 'sei': '10.32'}",,CHEMBL16630,,CHEMBL16630,8.10,0,http://www.openphacts.org/units/Nanomolar,19021,=,1,1,=,,IC50,nM,,8.0,CHEMBL321,Homo sapiens,Matrix metalloproteinase-9,9606,,,IC50,nM,UO_0000065,,8.0,,8.0,CNC(=O)[C@@H](NC(=O)[C@H](CC(C)C)C[C@H](O)CS)C(C)(C)C,active
,,611168,[],CHEMBL712567,"Inhibition of matrix metalloprotease-9, gelatinase-B",B,,,BAO_0000190,BAO_0000357,single protein format,CNC(=O)[C@@H](NC(=O)[C@@H](CC(=O)CS)CC(C)C)C(C)(C)C,,,CHEMBL1130987,Bioorg Med Chem Lett,1998.0,"{'bei': '24.50', 'le': '0.50', 'lle': '6.29', 'sei': '10.76'}",,CHEMBL16933,,CHEMBL16933,8.10,0,http://www.openphacts.org/units/Nanomolar,19023,=,1,1,=,,IC50,nM,,8.0,CHEMBL321,Homo sapiens,Matrix metalloproteinase-9,9606,,,IC50,nM,UO_0000065,,8.0,,8.0,CNC(=O)[C@@H](NC(=O)[C@@H](CC(=O)CS)CC(C)C)C(C)(C)C,active
,,616396,[],CHEMBL712567,"Inhibition of matrix metalloprotease-9, gelatinase-B",B,,,BAO_0000190,BAO_0000357,single protein format,CNC(=O)[C@@H](NC(=O)[C@@H](CC(=O)NO)CC(C)C)C(C)(C)C,,,CHEMBL1130987,Bioorg Med Chem Lett,1998.0,"{'bei': '25.11', 'le': '0.49', 'lle': '7.10', 'sei': '7.37'}",,CHEMBL16520,RO-319790,CHEMBL16520,7.92,0,http://www.openphacts.org/units/Nanomolar,19026,=,1,1,=,,IC50,nM,,12.0,CHEMBL321,Homo sapiens,Matrix metalloproteinase-9,9606,,,IC50,nM,UO_0000065,,12.0,,12.0,CNC(=O)[C@@H](NC(=O)[C@@H](CC(=O)NO)CC(C)C)C(C)(C)C,active
,,617817,[],CHEMBL712567,"Inhibition of matrix metalloprotease-9, gelatinase-B",B,,,BAO_0000190,BAO_0000357,single protein format,CCCCCCC[C@H](CC(=O)CS)C(=O)N[C@@H](CC(C)C)C(=O)NC(=O)C(CC(C)C)NCC,,,CHEMBL1130987,Bioorg Med Chem Lett,1998.0,"{'bei': '15.41', 'le': '0.31', 'lle': '3.65', 'sei': '7.38'}",,CHEMBL16595,,CHEMBL16595,7.70,0,http://www.openphacts.org/units/Nanomolar,19020,=,1,1,=,,IC50,nM,,20.0,CHEMBL321,Homo sapiens,Matrix metalloproteinase-9,9606,,,IC50,nM,UO_0000065,,20.0,,20.0,CCCCCCC[C@H](CC(=O)CS)C(=O)N[C@@H](CC(C)C)C(=O)NC(=O)C(CC(C)C)NCC,active
,,619092,[],CHEMBL712567,"Inhibition of matrix metalloprotease-9, gelatinase-B",B,,,BAO_0000190,BAO_0000357,single protein format,CCCCCCC[C@H](C[C@@H](O)CS)C(=O)N[C@H](C(=O)NC)C(C)(C)C,,,CHEMBL1130987,Bioorg Med Chem Lett,1998.0,"{'bei': '21.15', 'le': '0.43', 'lle': '5.00', 'sei': '10.10'}",,CHEMBL16650,,CHEMBL16650,7.92,0,http://www.openphacts.org/units/Nanomolar,19024,=,1,1,=,,IC50,nM,,12.0,CHEMBL321,Homo sapiens,Matrix metalloproteinase-9,9606,,,IC50,nM,UO_0000065,,12.0,,12.0,CCCCCCC[C@H](C[C@@H](O)CS)C(=O)N[C@H](C(=O)NC)C(C)(C)C,active
,,622704,[],CHEMBL712567,"Inhibition of matrix metalloprotease-9, gelatinase-B",B,,,BAO_0000190,BAO_0000357,single protein format,CCCCCCC[C@H](C[C@H](O)CS)C(=O)N[C@@H](CC(C)C)C(=O)NC(=O)C(CC(C)C)NCC,,,CHEMBL1130987,Bioorg Med Chem Lett,1998.0,"{'bei': '15.19', 'le': '0.31', 'lle': '3.78', 'sei': '7.09'}",,CHEMBL17082,,CHEMBL17082,7.62,0,http://www.openphacts.org/units/Nanomolar,19018,=,1,1,=,,IC50,nM,,24.0,CHEMBL321,Homo sapiens,Matrix metalloproteinase-9,9606,,,IC50,nM,UO_0000065,,24.0,,24.0,CCCCCCC[C@H](C[C@H](O)CS)C(=O)N[C@@H](CC(C)C)C(=O)NC(=O)C(CC(C)C)NCC,active
,,625141,[],CHEMBL712567,"Inhibition of matrix metalloprotease-9, gelatinase-B",B,,,BAO_0000190,BAO_0000357,single protein format,CCCCCCC[C@H](C[C@H](O)CS)C(=O)N[C@H](C(=O)NC)C(C)(C)C,,,CHEMBL1130987,Bioorg Med Chem Lett,1998.0,"{'bei': '26.31', 'le': '0.54', 'lle': '6.93', 'sei': '12.56'}",,CHEMBL16519,,CHEMBL16519,9.85,0,http://www.openphacts.org/units/Nanomolar,19025,=,1,1,=,,IC50,nM,,0.14,CHEMBL321,Homo sapiens,Matrix metalloproteinase-9,9606,,,IC50,nM,UO_0000065,,0.14,,0.14,CCCCCCC[C@H](C[C@H](O)CS)C(=O)N[C@H](C(=O)NC)C(C)(C)C,active
,,627727,[],CHEMBL712567,"Inhibition of matrix metalloprotease-9, gelatinase-B",B,,,BAO_0000190,BAO_0000357,single protein format,CCCCCCC[C@H](CC(=O)CS)C(=O)N[C@H](C(=O)NC)C(C)(C)C,,,CHEMBL1130987,Bioorg Med Chem Lett,1998.0,"{'bei': '26.45', 'le': '0.54', 'lle': '6.72', 'sei': '13.09'}",,CHEMBL16554,,CHEMBL16554,9.85,0,http://www.openphacts.org/units/Nanomolar,19022,=,1,1,=,,IC50,nM,,0.14,CHEMBL321,Homo sapiens,Matrix metalloproteinase-9,9606,,,IC50,nM,UO_0000065,,0.14,,0.14,CCCCCCC[C@H](CC(=O)CS)C(=O)N[C@H](C(=O)NC)C(C)(C)C,active
,,632993,[],CHEMBL687546,"Inhibition of human gelatinase B, MMP9",B,,,BAO_0000190,BAO_0000357,single protein format,CNC(=O)[C@H](NC(=O)[C@@H](CC(=O)NO)CC(C)C)C(C)(C)C,,,CHEMBL1130523,Bioorg Med Chem Lett,1997.0,"{'bei': '25.31', 'le': '0.50', 'lle': '7.16', 'sei': '7.42'}",,CHEMBL306412,,CHEMBL306412,7.98,0,http://www.openphacts.org/units/Nanomolar,133152,=,1,1,=,,IC50,nM,,10.4,CHEMBL321,Homo sapiens,Matrix metalloproteinase-9,9606,,,IC50,nM,UO_0000065,,10.4,,10.4,CNC(=O)[C@H](NC(=O)[C@@H](CC(=O)NO)CC(C)C)C(C)(C)C,active
,,632998,[],CHEMBL687546,"Inhibition of human gelatinase B, MMP9",B,,,BAO_0000190,BAO_0000357,single protein format,CNC(=O)[C@H](NC(=O)[C@H](CC(C)C)[C@@H](C)C(=O)NO)C(C)(C)C,,,CHEMBL1130523,Bioorg Med Chem Lett,1997.0,"{'bei': '26.16', 'le': '0.51', 'lle': '7.55', 'sei': '8.02'}",,CHEMBL439944,,CHEMBL439944,8.62,0,http://www.openphacts.org/units/Nanomolar,133153,=,1,1,=,,IC50,nM,,2.4,CHEMBL321,Homo sapiens,Matrix metalloproteinase-9,9606,,,IC50,nM,UO_0000065,,2.4,,2.4,CNC(=O)[C@H](NC(=O)[C@H](CC(C)C)[C@@H](C)C(=O)NO)C(C)(C)C,active
,,647370,[],CHEMBL687546,"Inhibition of human gelatinase B, MMP9",B,,,BAO_0000190,BAO_0000357,single protein format,CNC(=O)[C@H](NC(=O)[C@H](CC(C)C)[C@@H](CN1C(=O)c2ccccc2C1=O)C(=O)NO)C(C)(C)C,,,CHEMBL1130523,Bioorg Med Chem Lett,1997.0,"{'bei': '17.63', 'le': '0.34', 'lle': '7.03', 'sei': '5.77'}",,CHEMBL74670,,CHEMBL74670,8.37,0,http://www.openphacts.org/units/Nanomolar,133154,=,1,1,=,,IC50,nM,,4.3,CHEMBL321,Homo sapiens,Matrix metalloproteinase-9,9606,,,IC50,nM,UO_0000065,,4.3,,4.3,CNC(=O)[C@H](NC(=O)[C@H](CC(C)C)[C@@H](CN1C(=O)c2ccccc2C1=O)C(=O)NO)C(C)(C)C,active
,,650064,[],CHEMBL872676,Inhibition of matrix metalloprotease-9 (MMP-9).,B,,,BAO_0000190,BAO_0000357,single protein format,CNC(=O)C(NC(=O)[C@H](CC(C)C)[C@H](O)C(=O)NO)C(C)(C)C,,,CHEMBL1133572,J Med Chem,2000.0,"{'bei': '25.72', 'le': '0.51', 'lle': '8.73', 'sei': '6.67'}",,CHEMBL115189,,CHEMBL115189,8.52,0,http://www.openphacts.org/units/Nanomolar,217055,=,1,1,=,,IC50,nM,,3.0,CHEMBL321,Homo sapiens,Matrix metalloproteinase-9,9606,,,IC50,nM,UO_0000065,,3.0,,3.0,CNC(=O)C(NC(=O)[C@H](CC(C)C)[C@H](O)C(=O)NO)C(C)(C)C,active
,,650934,[],CHEMBL687546,"Inhibition of human gelatinase B, MMP9",B,,,BAO_0000190,BAO_0000357,single protein format,CC(C)C[C@@H](C(=O)N1CCCCC1)[C@@H](CN1C(=O)N(C)C(C)(C)C1=O)C(=O)NO,,,CHEMBL1130523,Bioorg Med Chem Lett,1997.0,"{'bei': '16.14', 'le': '0.31', 'lle': '5.17', 'sei': '6.01'}",,CHEMBL305729,,CHEMBL305729,6.62,0,http://www.openphacts.org/units/Nanomolar,133155,=,1,1,=,,IC50,nM,,237.0,CHEMBL321,Homo sapiens,Matrix metalloproteinase-9,9606,,,IC50,nM,UO_0000065,,237.0,,237.0,CC(C)C[C@@H](C(=O)N1CCCCC1)[C@@H](CN1C(=O)N(C)C(C)(C)C1=O)C(=O)NO,active
,,658145,[],CHEMBL687546,"Inhibition of human gelatinase B, MMP9",B,,,BAO_0000190,BAO_0000357,single protein format,CNC(=O)[C@H](NC(=O)[C@H](CC(C)C)[C@@H](CN1C(=O)N(C)C(C)(C)C1=O)C(=O)NO)C(C)(C)C,,,CHEMBL1130523,Bioorg Med Chem Lett,1997.0,"{'bei': '18.21', 'le': '0.35', 'lle': '7.83', 'sei': '5.77'}",,CHEMBL73763,,CHEMBL73763,8.55,0,http://www.openphacts.org/units/Nanomolar,133157,=,1,1,=,,IC50,nM,,2.8,CHEMBL321,Homo sapiens,Matrix metalloproteinase-9,9606,,,IC50,nM,UO_0000065,,2.8,,2.8,CNC(=O)[C@H](NC(=O)[C@H](CC(C)C)[C@@H](CN1C(=O)N(C)C(C)(C)C1=O)C(=O)NO)C(C)(C)C,active
,,665677,[],CHEMBL687546,"Inhibition of human gelatinase B, MMP9",B,,,BAO_0000190,BAO_0000357,single protein format,CN1C(=O)N(C[C@@H](C(=O)NO)[C@@H](CC2CCCC2)C(=O)N2CCCCC2)C(=O)C1(C)C,,,CHEMBL1130523,Bioorg Med Chem Lett,1997.0,"{'bei': '16.56', 'le': '0.32', 'lle': '5.24', 'sei': '6.56'}",,CHEMBL307192,,CHEMBL307192,7.23,0,http://www.openphacts.org/units/Nanomolar,133156,=,1,1,=,,IC50,nM,,59.0,CHEMBL321,Homo sapiens,Matrix metalloproteinase-9,9606,,,IC50,nM,UO_0000065,,59.0,,59.0,CN1C(=O)N(C[C@@H](C(=O)NO)[C@@H](CC2CCCC2)C(=O)N2CCCCC2)C(=O)C1(C)C,active
,,676063,[],CHEMBL715226,Inhibition of Matrix metalloprotease-9,B,,,BAO_0000190,BAO_0000357,single protein format,CCCCC#CCOc1ccc(S(=O)(=O)N(C)c2c(C)cc(Br)cc2C(=O)NO)cc1,,,CHEMBL1135288,Bioorg Med Chem Lett,2002.0,"{'bei': '12.58', 'le': '0.28', 'lle': '2.14', 'sei': '6.68'}",,CHEMBL416173,,CHEMBL416173,6.41,0,http://www.openphacts.org/units/Nanomolar,22617,=,1,1,=,,IC50,nM,,389.0,CHEMBL321,Homo sapiens,Matrix metalloproteinase-9,9606,,,IC50,nM,UO_0000065,,389.0,,389.0,CCCCC#CCOc1ccc(S(=O)(=O)N(C)c2c(C)cc(Br)cc2C(=O)NO)cc1,active
,,693219,[],CHEMBL715226,Inhibition of Matrix metalloprotease-9,B,,,BAO_0000190,BAO_0000357,single protein format,C#CCOc1ccc(S(=O)(=O)N(C)c2c(C)cc(Br)cc2C(=O)NO)cc1,,,CHEMBL1135288,Bioorg Med Chem Lett,2002.0,"{'bei': '17.26', 'le': '0.40', 'lle': '5.11', 'sei': '8.16'}",,CHEMBL278060,,CHEMBL278060,7.82,0,http://www.openphacts.org/units/Nanomolar,22619,=,1,1,=,,IC50,nM,,15.0,CHEMBL321,Homo sapiens,Matrix metalloproteinase-9,9606,,,IC50,nM,UO_0000065,,15.0,,15.0,C#CCOc1ccc(S(=O)(=O)N(C)c2c(C)cc(Br)cc2C(=O)NO)cc1,active
,,699045,[],CHEMBL715226,Inhibition of Matrix metalloprotease-9,B,,,BAO_0000190,BAO_0000357,single protein format,COc1ccc(S(=O)(=O)N(C)c2c(C)cc(Br)cc2C(=O)NO)cc1,,,CHEMBL1135288,Bioorg Med Chem Lett,2002.0,"{'bei': '18.54', 'le': '0.43', 'lle': '5.25', 'sei': '8.30'}",,CHEMBL18614,,CHEMBL18614,7.96,0,http://www.openphacts.org/units/Nanomolar,22615,=,1,1,=,,IC50,nM,,11.0,CHEMBL321,Homo sapiens,Matrix metalloproteinase-9,9606,,,IC50,nM,UO_0000065,,11.0,,11.0,COc1ccc(S(=O)(=O)N(C)c2c(C)cc(Br)cc2C(=O)NO)cc1,active
,,713272,[],CHEMBL710582,Inhibition of Matrix metalloprotease-9,B,,,BAO_0000190,BAO_0000357,single protein format,CNC(=O)[C@H](Cc1ccccc1)NC(=O)[C@H](CC(C)C)[C@H](CSc1cccs1)C(=O)NO,,,CHEMBL1134202,Bioorg Med Chem Lett,2001.0,"{'bei': '19.21', 'le': '0.39', 'lle': '6.07', 'sei': '8.53'}",,CHEMBL279786,BATIMASTAT,CHEMBL279786,9.17,0,http://www.openphacts.org/units/Nanomolar,300243,=,1,1,=,,IC50,nM,,0.67,CHEMBL321,Homo sapiens,Matrix metalloproteinase-9,9606,,,IC50,nM,UO_0000065,,0.67,,0.67,CNC(=O)[C@H](Cc1ccccc1)NC(=O)[C@H](CC(C)C)[C@H](CSc1cccs1)C(=O)NO,active
,,722953,[],CHEMBL714517,Inhibition of human matrix metalloprotease 9,B,,,BAO_0000190,BAO_0000357,single protein format,C[C@H](C(=O)NO)N(Cc1ccccc1)[P@](C)(=O)c1ccccc1,,,CHEMBL1132204,J Med Chem,1999.0,"{'bei': '22.53', 'le': '0.44', 'lle': '4.87', 'sei': '10.75'}",,CHEMBL355752,,CHEMBL355752,7.49,0,http://www.openphacts.org/units/Nanomolar,342941,=,1,1,=,,IC50,nM,,32.5,CHEMBL321,Homo sapiens,Matrix metalloproteinase-9,9606,,,IC50,nM,UO_0000065,,32.5,,32.5,C[C@H](C(=O)NO)N(Cc1ccccc1)[P@](C)(=O)c1ccccc1,active
,,730198,[],CHEMBL714517,Inhibition of human matrix metalloprotease 9,B,,,BAO_0000190,BAO_0000357,single protein format,CC(C)C[C@H](C(=O)NO)N(Cc1ccccc1)[P@](C)(=O)c1ccccc1,,,CHEMBL1132204,J Med Chem,1999.0,"{'bei': '20.53', 'le': '0.40', 'lle': '4.05', 'sei': '11.04'}",,CHEMBL176602,,CHEMBL176602,7.69,0,http://www.openphacts.org/units/Nanomolar,342951,=,1,1,=,,IC50,nM,,20.6,CHEMBL321,Homo sapiens,Matrix metalloproteinase-9,9606,,,IC50,nM,UO_0000065,,20.6,,20.6,CC(C)C[C@H](C(=O)NO)N(Cc1ccccc1)[P@](C)(=O)c1ccccc1,active
,,754891,[],CHEMBL712562,Inhibition of human matrix metalloprotease-9,B,,,BAO_0000190,BAO_0000357,single protein format,COc1ccc(S(=O)(=O)N2CC(C)(C)C([C@H](O)CSc3ccccc3)[C@@H]2C(=O)NO)cc1,,,CHEMBL1134592,J Med Chem,2001.0,"{'bei': '18.82', 'le': '0.39', 'lle': '6.68', 'sei': '7.79'}",,CHEMBL420657,,CHEMBL420657,9.05,0,http://www.openphacts.org/units/Nanomolar,195411,=,1,1,=,,IC50,nM,,0.9,CHEMBL321,Homo sapiens,Matrix metalloproteinase-9,9606,,,IC50,nM,UO_0000065,,0.9,,0.9,COc1ccc(S(=O)(=O)N2CC(C)(C)C([C@H](O)CSc3ccccc3)[C@@H]2C(=O)NO)cc1,active
,,759372,[],CHEMBL712562,Inhibition of human matrix metalloprotease-9,B,,,BAO_0000190,BAO_0000357,single protein format,COc1ccc(CSCC2[C@H](C(=O)NO)N(S(=O)(=O)c3ccc(OC)cc3)CC2(C)C)cc1,,,CHEMBL1134592,J Med Chem,2001.0,"{'bei': '16.89', 'le': '0.35', 'lle': '5.20', 'sei': '7.95'}",,CHEMBL323575,,CHEMBL323575,8.36,0,http://www.openphacts.org/units/Nanomolar,195410,=,1,1,=,,IC50,nM,,4.4,CHEMBL321,Homo sapiens,Matrix metalloproteinase-9,9606,,,IC50,nM,UO_0000065,,4.4,,4.4,COc1ccc(CSCC2[C@H](C(=O)NO)N(S(=O)(=O)c3ccc(OC)cc3)CC2(C)C)cc1,active
,,761556,[],CHEMBL712562,Inhibition of human matrix metalloprotease-9,B,,,BAO_0000190,BAO_0000357,single protein format,COc1ccc(S(=O)(=O)N(CC(C)C)[C@H](CCSCc2ccccc2)C(=O)NO)cc1,,,CHEMBL1134592,J Med Chem,2001.0,"{'bei': '18.43', 'le': '0.38', 'lle': '5.06', 'sei': '8.97'}",,CHEMBL320402,,CHEMBL320402,8.60,0,http://www.openphacts.org/units/Nanomolar,195406,=,1,1,=,,IC50,nM,,2.5,CHEMBL321,Homo sapiens,Matrix metalloproteinase-9,9606,,,IC50,nM,UO_0000065,,2.5,,2.5,COc1ccc(S(=O)(=O)N(CC(C)C)[C@H](CCSCc2ccccc2)C(=O)NO)cc1,active
,,762527,[],CHEMBL712562,Inhibition of human matrix metalloprotease-9,B,,,BAO_0000190,BAO_0000357,single protein format,COc1ccc(S(=O)(=O)N2CC(C)(C)C(CO)[C@@H]2C(=O)NO)cc1,,,CHEMBL1134592,J Med Chem,2001.0,"{'bei': '20.37', 'le': '0.42', 'lle': '7.09', 'sei': '6.28'}",,CHEMBL322888,,CHEMBL322888,7.30,0,http://www.openphacts.org/units/Nanomolar,195409,=,1,1,=,,IC50,nM,,50.0,CHEMBL321,Homo sapiens,Matrix metalloproteinase-9,9606,,,IC50,nM,UO_0000065,,50.0,,50.0,COc1ccc(S(=O)(=O)N2CC(C)(C)C(CO)[C@@H]2C(=O)NO)cc1,active
,,773750,[],CHEMBL712562,Inhibition of human matrix metalloprotease-9,B,,,BAO_0000190,BAO_0000357,single protein format,C=CC1[C@H](C(=O)NO)N(S(=O)(=O)c2ccc(OC)cc2)CC1(C)C,,,CHEMBL1134592,J Med Chem,2001.0,"{'bei': '19.36', 'le': '0.39', 'lle': '5.46', 'sei': '7.15'}",,CHEMBL104446,,CHEMBL104446,6.86,0,http://www.openphacts.org/units/Nanomolar,195408,=,1,1,=,,IC50,nM,,138.0,CHEMBL321,Homo sapiens,Matrix metalloproteinase-9,9606,,,IC50,nM,UO_0000065,,138.0,,138.0,C=CC1[C@H](C(=O)NO)N(S(=O)(=O)c2ccc(OC)cc2)CC1(C)C,active
,,773755,[],CHEMBL712562,Inhibition of human matrix metalloprotease-9,B,,,BAO_0000190,BAO_0000357,single protein format,COc1ccc(S(=O)(=O)N2CC(C)(C)C(CSCCc3ccccc3)[C@@H]2C(=O)NO)cc1,,,CHEMBL1134592,J Med Chem,2001.0,"{'bei': '17.87', 'le': '0.37', 'lle': '5.36', 'sei': '8.91'}",,CHEMBL102698,,CHEMBL102698,8.55,0,http://www.openphacts.org/units/Nanomolar,195414,=,1,1,=,,IC50,nM,,2.8,CHEMBL321,Homo sapiens,Matrix metalloproteinase-9,9606,,,IC50,nM,UO_0000065,,2.8,,2.8,COc1ccc(S(=O)(=O)N2CC(C)(C)C(CSCCc3ccccc3)[C@@H]2C(=O)NO)cc1,active
,,773760,[],CHEMBL712562,Inhibition of human matrix metalloprotease-9,B,,,BAO_0000190,BAO_0000357,single protein format,COc1ccc(S(=O)(=O)N2CC(C)(C)C(COCc3ccccc3)[C@@H]2C(=O)NO)cc1,,,CHEMBL1134592,J Med Chem,2001.0,"{'bei': '17.92', 'le': '0.35', 'lle': '5.61', 'sei': '7.64'}",,CHEMBL322412,,CHEMBL322412,8.04,0,http://www.openphacts.org/units/Nanomolar,195413,=,1,1,=,,IC50,nM,,9.2,CHEMBL321,Homo sapiens,Matrix metalloproteinase-9,9606,,,IC50,nM,UO_0000065,,9.2,,9.2,COc1ccc(S(=O)(=O)N2CC(C)(C)C(COCc3ccccc3)[C@@H]2C(=O)NO)cc1,active
,,779310,[],CHEMBL712562,Inhibition of human matrix metalloprotease-9,B,,,BAO_0000190,BAO_0000357,single protein format,COc1ccc(S(=O)(=O)N2CC(C)(C)C([C@@H](O)CSc3ccccc3)[C@@H]2C(=O)NO)cc1,,,CHEMBL1134592,J Med Chem,2001.0,"{'bei': '17.57', 'le': '0.36', 'lle': '6.07', 'sei': '7.27'}",,CHEMBL105962,,CHEMBL105962,8.44,0,http://www.openphacts.org/units/Nanomolar,195412,=,1,1,=,,IC50,nM,,3.6,CHEMBL321,Homo sapiens,Matrix metalloproteinase-9,9606,,,IC50,nM,UO_0000065,,3.6,,3.6,COc1ccc(S(=O)(=O)N2CC(C)(C)C([C@@H](O)CSc3ccccc3)[C@@H]2C(=O)NO)cc1,active
,,781613,[],CHEMBL712562,Inhibition of human matrix metalloprotease-9,B,,,BAO_0000190,BAO_0000357,single protein format,COc1ccc(S(=O)(=O)N2CC(C)(C)C(CSCc3ccccc3)[C@@H]2C(=O)NO)cc1,,,CHEMBL1134592,J Med Chem,2001.0,"{'bei': '19.47', 'le': '0.40', 'lle': '5.90', 'sei': '9.43'}",,CHEMBL102415,,CHEMBL102415,9.05,0,http://www.openphacts.org/units/Nanomolar,195407,=,1,1,=,,IC50,nM,,0.9,CHEMBL321,Homo sapiens,Matrix metalloproteinase-9,9606,,,IC50,nM,UO_0000065,,0.9,,0.9,COc1ccc(S(=O)(=O)N2CC(C)(C)C(CSCc3ccccc3)[C@@H]2C(=O)NO)cc1,active
,,849433,[],CHEMBL687545,"Inhibition of Gelatinase B, matrix metalloprotease-9",B,,,BAO_0000190,BAO_0000357,single protein format,CNC(=O)[C@H](Cc1ccccc1)NC(=O)[C@H]1[C@@H](COCC(=O)NO)[C@@H]1CSc1ccccc1,,,CHEMBL1152114,Bioorg Med Chem Lett,1997.0,"{'bei': '9.42', 'le': '0.18', 'lle': '2.80', 'sei': '3.81'}",,CHEMBL106889,,CHEMBL106889,4.44,0,http://www.openphacts.org/units/Nanomolar,198290,=,1,1,=,,IC50,nM,,36000.0,CHEMBL321,Homo sapiens,Matrix metalloproteinase-9,9606,,,IC50,uM,UO_0000065,,36.0,,36000.0,CNC(=O)[C@H](Cc1ccccc1)NC(=O)[C@H]1[C@@H](COCC(=O)NO)[C@@H]1CSc1ccccc1,inactive
,,865653,[],CHEMBL714520,Inhibition of Matrix metalloprotease-9,B,,,BAO_0000190,BAO_0000357,single protein format,COc1ccc(S(=O)(=O)N2CC[C@H](C(=O)NO)N(S(=O)(=O)c3ccc(OC)cc3)CC2)cc1,,,CHEMBL1134017,Bioorg Med Chem Lett,2001.0,"{'bei': '18.62', 'le': '0.38', 'lle': '8.64', 'sei': '6.52'}",,CHEMBL427616,,CHEMBL427616,9.30,0,http://www.openphacts.org/units/Nanomolar,1546,=,1,1,=,,IC50,nM,,0.5,CHEMBL321,Homo sapiens,Matrix metalloproteinase-9,9606,,,IC50,nM,UO_0000065,,0.5,,0.5,COc1ccc(S(=O)(=O)N2CC[C@H](C(=O)NO)N(S(=O)(=O)c3ccc(OC)cc3)CC2)cc1,active
,,867015,[],CHEMBL714520,Inhibition of Matrix metalloprotease-9,B,,,BAO_0000190,BAO_0000357,single protein format,COc1ccc(S(=O)(=O)N2CN(C(C)(C)C)C(=O)C[C@@H]2C(=O)NO)cc1,,,CHEMBL1134017,Bioorg Med Chem Lett,2001.0,"{'bei': '23.24', 'le': '0.47', 'lle': '8.41', 'sei': '7.71'}",,CHEMBL7108,,CHEMBL7108,8.96,0,http://www.openphacts.org/units/Nanomolar,1542,=,1,1,=,,IC50,nM,,1.1,CHEMBL321,Homo sapiens,Matrix metalloproteinase-9,9606,,,IC50,nM,UO_0000065,,1.1,,1.1,COc1ccc(S(=O)(=O)N2CN(C(C)(C)C)C(=O)C[C@@H]2C(=O)NO)cc1,active
,,867999,[],CHEMBL712041,"Inhibition of matrix metalloprotease-9, MMP-9",B,,,BAO_0000190,BAO_0000357,single protein format,CNC(=O)[C@H](Cc1ccccc1)NC(=O)[C@H](CC(C)C)NC(=O)C(S)CCCCN1C(=O)c2ccccc2C1=O,,,CHEMBL1129216,Bioorg Med Chem Lett,1997.0,"{'bei': '13.27', 'le': '0.26', 'lle': '4.76', 'sei': '6.03'}",,CHEMBL93357,,CHEMBL93357,7.52,0,http://www.openphacts.org/units/Nanomolar,172367,=,1,1,=,,IC50,nM,,30.0,CHEMBL321,Homo sapiens,Matrix metalloproteinase-9,9606,,,IC50,uM,UO_0000065,,0.03,,30.0,CNC(=O)[C@H](Cc1ccccc1)NC(=O)[C@H](CC(C)C)NC(=O)C(S)CCCCN1C(=O)c2ccccc2C1=O,active
,,873290,[],CHEMBL714520,Inhibition of Matrix metalloprotease-9,B,,,BAO_0000190,BAO_0000357,single protein format,COc1ccc(S(=O)(=O)N2CCN(C(C)C)C(=O)C[C@@H]2C(=O)NO)cc1,,,CHEMBL1134017,Bioorg Med Chem Lett,2001.0,"{'bei': '21.76', 'le': '0.44', 'lle': '8.19', 'sei': '7.21'}",,CHEMBL7756,,CHEMBL7756,8.39,0,http://www.openphacts.org/units/Nanomolar,1544,=,1,1,=,,IC50,nM,,4.1,CHEMBL321,Homo sapiens,Matrix metalloproteinase-9,9606,,,IC50,nM,UO_0000065,,4.1,,4.1,COc1ccc(S(=O)(=O)N2CCN(C(C)C)C(=O)C[C@@H]2C(=O)NO)cc1,active
,,876553,[],CHEMBL712041,"Inhibition of matrix metalloprotease-9, MMP-9",B,,,BAO_0000190,BAO_0000357,single protein format,CNC(=O)[C@H](Cc1ccccc1)NC(=O)[C@H](CSC)NC(=O)[C@H](S)CCN1C(=O)CCC1=O,,,CHEMBL1129216,Bioorg Med Chem Lett,1997.0,"{'bei': '15.21', 'le': '0.31', 'lle': '7.37', 'sei': '6.03'}",,CHEMBL92970,,CHEMBL92970,7.52,0,http://www.openphacts.org/units/Nanomolar,172363,=,1,1,=,,IC50,nM,,30.0,CHEMBL321,Homo sapiens,Matrix metalloproteinase-9,9606,,,IC50,uM,UO_0000065,,0.03,,30.0,CNC(=O)[C@H](Cc1ccccc1)NC(=O)[C@H](CSC)NC(=O)[C@H](S)CCN1C(=O)CCC1=O,active
,,879054,[],CHEMBL712041,"Inhibition of matrix metalloprotease-9, MMP-9",B,,,BAO_0000190,BAO_0000357,single protein format,CNC(=O)[C@H](Cc1ccccc1)NC(=O)[C@H](CC(C)C)NC(=O)C(S)CCCC(=O)O,,,CHEMBL1129216,Bioorg Med Chem Lett,1997.0,"{'bei': '16.60', 'le': '0.33', 'lle': '5.95', 'sei': '6.02'}",,CHEMBL96473,,CHEMBL96473,7.50,0,http://www.openphacts.org/units/Nanomolar,172364,=,1,1,=,,IC50,nM,,32.0,CHEMBL321,Homo sapiens,Matrix metalloproteinase-9,9606,,,IC50,uM,UO_0000065,,0.032,,32.0,CNC(=O)[C@H](Cc1ccccc1)NC(=O)[C@H](CC(C)C)NC(=O)C(S)CCCC(=O)O,active
,,879310,[],CHEMBL714520,Inhibition of Matrix metalloprotease-9,B,,,BAO_0000190,BAO_0000357,single protein format,COc1ccc(S(=O)(=O)N2CN(C3CCCCC3)C(=O)C[C@@H]2C(=O)NO)cc1,,,CHEMBL1134017,Bioorg Med Chem Lett,2001.0,"{'bei': '20.61', 'le': '0.41', 'lle': '7.40', 'sei': '7.30'}",,CHEMBL269019,,CHEMBL269019,8.48,0,http://www.openphacts.org/units/Nanomolar,1552,=,1,1,=,,IC50,nM,,3.3,CHEMBL321,Homo sapiens,Matrix metalloproteinase-9,9606,,,IC50,nM,UO_0000065,,3.3,,3.3,COc1ccc(S(=O)(=O)N2CN(C3CCCCC3)C(=O)C[C@@H]2C(=O)NO)cc1,active
,,881664,[],CHEMBL712041,"Inhibition of matrix metalloprotease-9, MMP-9",B,,,BAO_0000190,BAO_0000357,single protein format,CNC(=O)[C@H](Cc1ccccc1)NC(=O)[C@H](CC(C)C)NC(=O)C(S)CCCN1C(=O)c2ccccc2C1=O,,,CHEMBL1129216,Bioorg Med Chem Lett,1997.0,"{'bei': '15.42', 'le': '0.30', 'lle': '6.15', 'sei': '6.84'}",,CHEMBL93155,,CHEMBL93155,8.52,0,http://www.openphacts.org/units/Nanomolar,172368,=,1,1,=,,IC50,nM,,3.0,CHEMBL321,Homo sapiens,Matrix metalloproteinase-9,9606,,,IC50,uM,UO_0000065,,0.003,,3.0,CNC(=O)[C@H](Cc1ccccc1)NC(=O)[C@H](CC(C)C)NC(=O)C(S)CCCN1C(=O)c2ccccc2C1=O,active
,,881900,[],CHEMBL714520,Inhibition of Matrix metalloprotease-9,B,,,BAO_0000190,BAO_0000357,single protein format,COc1ccc(S(=O)(=O)N2CN(C)C(=O)C[C@@H]2C(=O)NO)cc1,,,CHEMBL1134017,Bioorg Med Chem Lett,2001.0,"{'bei': '22.19', 'le': '0.45', 'lle': '8.24', 'sei': '6.55'}",,CHEMBL6973,,CHEMBL6973,7.62,0,http://www.openphacts.org/units/Nanomolar,1540,=,1,1,=,,IC50,nM,,24.1,CHEMBL321,Homo sapiens,Matrix metalloproteinase-9,9606,,,IC50,nM,UO_0000065,,24.1,,24.1,COc1ccc(S(=O)(=O)N2CN(C)C(=O)C[C@@H]2C(=O)NO)cc1,active
,,887772,[],CHEMBL712041,"Inhibition of matrix metalloprotease-9, MMP-9",B,,,BAO_0000190,BAO_0000357,single protein format,CNC(=O)[C@H](Cc1ccccc1)NC(=O)[C@H](CC(C)C)NC(=O)C(S)CCN1C(=O)c2ccccc2C1=O,,,CHEMBL1129216,Bioorg Med Chem Lett,1997.0,"{'bei': '13.94', 'le': '0.27', 'lle': '5.53', 'sei': '6.02'}",,CHEMBL92835,,CHEMBL92835,7.51,0,http://www.openphacts.org/units/Nanomolar,172369,=,1,1,=,,IC50,nM,,31.0,CHEMBL321,Homo sapiens,Matrix metalloproteinase-9,9606,,,IC50,uM,UO_0000065,,0.031,,31.0,CNC(=O)[C@H](Cc1ccccc1)NC(=O)[C@H](CC(C)C)NC(=O)C(S)CCN1C(=O)c2ccccc2C1=O,active
,,890262,[],CHEMBL712041,"Inhibition of matrix metalloprotease-9, MMP-9",B,,,BAO_0000190,BAO_0000357,single protein format,CNC(=O)[C@H](Cc1ccccc1)NC(=O)[C@H](CC(C)C)NC(=O)C(S)Cc1ccccc1,,,CHEMBL1129216,Bioorg Med Chem Lett,1997.0,"{'bei': '16.24', 'le': '0.32', 'lle': '4.87', 'sei': '8.47'}",,CHEMBL327262,,CHEMBL327262,7.40,0,http://www.openphacts.org/units/Nanomolar,172359,=,1,1,=,,IC50,nM,,40.0,CHEMBL321,Homo sapiens,Matrix metalloproteinase-9,9606,,,IC50,uM,UO_0000065,,0.04,,40.0,CNC(=O)[C@H](Cc1ccccc1)NC(=O)[C@H](CC(C)C)NC(=O)C(S)Cc1ccccc1,active
,,891492,[],CHEMBL712041,"Inhibition of matrix metalloprotease-9, MMP-9",B,,,BAO_0000190,BAO_0000357,single protein format,CNC(=O)[C@H](Cc1ccccc1)NC(=O)[C@H](CC(C)C)NC(=O)CS,,,CHEMBL1129216,Bioorg Med Chem Lett,1997.0,"{'bei': '19.28', 'le': '0.38', 'lle': '6.13', 'sei': '8.07'}",,CHEMBL329145,,CHEMBL329145,7.05,0,http://www.openphacts.org/units/Nanomolar,172358,=,1,1,=,,IC50,nM,,90.0,CHEMBL321,Homo sapiens,Matrix metalloproteinase-9,9606,,,IC50,uM,UO_0000065,,0.09,,90.0,CNC(=O)[C@H](Cc1ccccc1)NC(=O)[C@H](CC(C)C)NC(=O)CS,active
,,891668,[],CHEMBL714520,Inhibition of Matrix metalloprotease-9,B,,,BAO_0000190,BAO_0000357,single protein format,COc1ccc(S(=O)(=O)N2CN(Cc3ccccc3)C(=O)C[C@@H]2C(=O)NO)cc1,,,CHEMBL1134017,Bioorg Med Chem Lett,2001.0,"{'bei': '19.47', 'le': '0.38', 'lle': '7.22', 'sei': '7.03'}",,CHEMBL7390,,CHEMBL7390,8.17,0,http://www.openphacts.org/units/Nanomolar,1551,=,1,1,=,,IC50,nM,,6.8,CHEMBL321,Homo sapiens,Matrix metalloproteinase-9,9606,,,IC50,nM,UO_0000065,,6.8,,6.8,COc1ccc(S(=O)(=O)N2CN(Cc3ccccc3)C(=O)C[C@@H]2C(=O)NO)cc1,active
,,892609,[],CHEMBL712041,"Inhibition of matrix metalloprotease-9, MMP-9",B,,,BAO_0000190,BAO_0000357,single protein format,CNC(=O)[C@H](Cc1ccccc1)NC(=O)[C@H](CSC)NC(=O)[C@@H](S)CCN1C(=O)CCC1=O,,,CHEMBL1129216,Bioorg Med Chem Lett,1997.0,"{'bei': '16.78', 'le': '0.34', 'lle': '8.15', 'sei': '6.66'}",,CHEMBL92512,,CHEMBL92512,8.30,0,http://www.openphacts.org/units/Nanomolar,172361,=,1,1,=,,IC50,nM,,5.0,CHEMBL321,Homo sapiens,Matrix metalloproteinase-9,9606,,,IC50,uM,UO_0000065,,0.005,,5.0,CNC(=O)[C@H](Cc1ccccc1)NC(=O)[C@H](CSC)NC(=O)[C@@H](S)CCN1C(=O)CCC1=O,active
,,892781,[],CHEMBL714520,Inhibition of Matrix metalloprotease-9,B,,,BAO_0000190,BAO_0000357,single protein format,COc1ccc(S(=O)(=O)N2CCN(Cc3ccccc3)C(=O)C[C@@H]2C(=O)NO)cc1,,,CHEMBL1134017,Bioorg Med Chem Lett,2001.0,"{'bei': '20.76', 'le': '0.41', 'lle': '8.01', 'sei': '7.74'}",,CHEMBL415482,,CHEMBL415482,9.00,0,http://www.openphacts.org/units/Nanomolar,1549,=,1,1,=,,IC50,nM,,1.0,CHEMBL321,Homo sapiens,Matrix metalloproteinase-9,9606,,,IC50,nM,UO_0000065,,1.0,,1.0,COc1ccc(S(=O)(=O)N2CCN(Cc3ccccc3)C(=O)C[C@@H]2C(=O)NO)cc1,active
,,893890,[],CHEMBL714520,Inhibition of Matrix metalloprotease-9,B,,,BAO_0000190,BAO_0000357,single protein format,COc1ccc(S(=O)(=O)N2CCN(C(=O)OCc3ccccc3)CC[C@@H]2C(=O)NO)cc1,,,CHEMBL1134017,Bioorg Med Chem Lett,2001.0,"{'bei': '18.87', 'le': '0.37', 'lle': '7.14', 'sei': '6.97'}",,CHEMBL267939,,CHEMBL267939,8.74,0,http://www.openphacts.org/units/Nanomolar,1547,=,1,1,=,,IC50,nM,,1.8,CHEMBL321,Homo sapiens,Matrix metalloproteinase-9,9606,,,IC50,nM,UO_0000065,,1.8,,1.8,COc1ccc(S(=O)(=O)N2CCN(C(=O)OCc3ccccc3)CC[C@@H]2C(=O)NO)cc1,active
,,896202,[],CHEMBL714520,Inhibition of Matrix metalloprotease-9,B,,,BAO_0000190,BAO_0000357,single protein format,COCCN1CN(S(=O)(=O)c2ccc(OC)cc2)[C@@H](C(=O)NO)CC1=O,,,CHEMBL1134017,Bioorg Med Chem Lett,2001.0,"{'bei': '18.79', 'le': '0.38', 'lle': '7.88', 'sei': '5.80'}",,CHEMBL266292,,CHEMBL266292,7.28,0,http://www.openphacts.org/units/Nanomolar,1543,=,1,1,=,,IC50,nM,,52.5,CHEMBL321,Homo sapiens,Matrix metalloproteinase-9,9606,,,IC50,nM,UO_0000065,,52.5,,52.5,COCCN1CN(S(=O)(=O)c2ccc(OC)cc2)[C@@H](C(=O)NO)CC1=O,active
,,896209,[],CHEMBL714520,Inhibition of Matrix metalloprotease-9,B,,,BAO_0000190,BAO_0000357,single protein format,COc1ccc(S(=O)(=O)N2CCN(S(=O)(=O)c3cn(C)cn3)CC[C@@H]2C(=O)NO)cc1,,,CHEMBL1134017,Bioorg Med Chem Lett,2001.0,"{'bei': '17.44', 'le': '0.36', 'lle': '8.87', 'sei': '5.46'}",,CHEMBL268114,,CHEMBL268114,8.26,0,http://www.openphacts.org/units/Nanomolar,1545,=,1,1,=,,IC50,nM,,5.5,CHEMBL321,Homo sapiens,Matrix metalloproteinase-9,9606,,,IC50,nM,UO_0000065,,5.5,,5.5,COc1ccc(S(=O)(=O)N2CCN(S(=O)(=O)c3cn(C)cn3)CC[C@@H]2C(=O)NO)cc1,active
,,897223,[],CHEMBL712041,"Inhibition of matrix metalloprotease-9, MMP-9",B,,,BAO_0000190,BAO_0000357,single protein format,CNC(=O)[C@H](Cc1ccccc1)NC(=O)[C@H](CC(C)C)NC(=O)C(S)CCc1ccccc1,,,CHEMBL1129216,Bioorg Med Chem Lett,1997.0,"{'bei': '15.55', 'le': '0.30', 'lle': '4.38', 'sei': '8.36'}",,CHEMBL431268,,CHEMBL431268,7.30,0,http://www.openphacts.org/units/Nanomolar,172370,=,1,1,=,,IC50,nM,,50.0,CHEMBL321,Homo sapiens,Matrix metalloproteinase-9,9606,,,IC50,uM,UO_0000065,,0.05,,50.0,CNC(=O)[C@H](Cc1ccccc1)NC(=O)[C@H](CC(C)C)NC(=O)C(S)CCc1ccccc1,active
,,897226,[],CHEMBL712041,"Inhibition of matrix metalloprotease-9, MMP-9",B,,,BAO_0000190,BAO_0000357,single protein format,CNC(=O)[C@H](Cc1ccccc1)NC(=O)[C@H](CSC)NC(=O)C(S)CCN1C(=O)CCC1=O,,,CHEMBL1129216,Bioorg Med Chem Lett,1997.0,"{'bei': '16.27', 'le': '0.33', 'lle': '7.90', 'sei': '6.45'}",,CHEMBL316332,,CHEMBL316332,8.05,0,http://www.openphacts.org/units/Nanomolar,172362,=,1,1,=,,IC50,nM,,9.0,CHEMBL321,Homo sapiens,Matrix metalloproteinase-9,9606,,,IC50,uM,UO_0000065,,0.009,,9.0,CNC(=O)[C@H](Cc1ccccc1)NC(=O)[C@H](CSC)NC(=O)C(S)CCN1C(=O)CCC1=O,active
,,899697,[],CHEMBL712041,"Inhibition of matrix metalloprotease-9, MMP-9",B,,,BAO_0000190,BAO_0000357,single protein format,CNC(=O)[C@H](Cc1ccccc1)NC(=O)[C@H](CC(C)C)NC(=O)C(S)CCCC(=O)OC,,,CHEMBL1129216,Bioorg Med Chem Lett,1997.0,"{'bei': '19.33', 'le': '0.38', 'lle': '7.37', 'sei': '7.92'}",,CHEMBL93320,,CHEMBL93320,9.00,0,http://www.openphacts.org/units/Nanomolar,172366,=,1,1,=,,IC50,nM,,1.0,CHEMBL321,Homo sapiens,Matrix metalloproteinase-9,9606,,,IC50,uM,UO_0000065,,0.001,,1.0,CNC(=O)[C@H](Cc1ccccc1)NC(=O)[C@H](CC(C)C)NC(=O)C(S)CCCC(=O)OC,active
,,903349,[],CHEMBL712041,"Inhibition of matrix metalloprotease-9, MMP-9",B,,,BAO_0000190,BAO_0000357,single protein format,CNC(=O)[C@H](Cc1ccccc1)NC(=O)[C@H](CC(C)C)NC(=O)C(S)C(C)C,,,CHEMBL1129216,Bioorg Med Chem Lett,1997.0,"{'bei': '18.46', 'le': '0.37', 'lle': '5.57', 'sei': '8.62'}",,CHEMBL329002,,CHEMBL329002,7.52,0,http://www.openphacts.org/units/Nanomolar,172360,=,1,1,=,,IC50,nM,,30.0,CHEMBL321,Homo sapiens,Matrix metalloproteinase-9,9606,,,IC50,uM,UO_0000065,,0.03,,30.0,CNC(=O)[C@H](Cc1ccccc1)NC(=O)[C@H](CC(C)C)NC(=O)C(S)C(C)C,active
,,903352,[],CHEMBL712041,"Inhibition of matrix metalloprotease-9, MMP-9",B,,,BAO_0000190,BAO_0000357,single protein format,CNC(=O)[C@H](Cc1ccccc1)NC(=O)[C@H](CC(C)C)NC(=O)C(S)CCCNS(C)(=O)=O,,,CHEMBL1129216,Bioorg Med Chem Lett,1997.0,"{'bei': '16.42', 'le': '0.34', 'lle': '7.60', 'sei': '6.16'}",,CHEMBL94256,,CHEMBL94256,8.22,0,http://www.openphacts.org/units/Nanomolar,172365,=,1,1,=,,IC50,nM,,6.0,CHEMBL321,Homo sapiens,Matrix metalloproteinase-9,9606,,,IC50,uM,UO_0000065,,0.006,,6.0,CNC(=O)[C@H](Cc1ccccc1)NC(=O)[C@H](CC(C)C)NC(=O)C(S)CCCNS(C)(=O)=O,active
,,903578,[],CHEMBL714520,Inhibition of Matrix metalloprotease-9,B,,,BAO_0000190,BAO_0000357,single protein format,COc1ccc(S(=O)(=O)N2CN(C(C)C)C(=O)C[C@@H]2C(=O)NO)cc1,,,CHEMBL1134017,Bioorg Med Chem Lett,2001.0,"{'bei': '22.55', 'le': '0.46', 'lle': '8.22', 'sei': '7.21'}",,CHEMBL268377,,CHEMBL268377,8.38,0,http://www.openphacts.org/units/Nanomolar,1541,=,1,1,=,,IC50,nM,,4.2,CHEMBL321,Homo sapiens,Matrix metalloproteinase-9,9606,,,IC50,nM,UO_0000065,,4.2,,4.2,COc1ccc(S(=O)(=O)N2CN(C(C)C)C(=O)C[C@@H]2C(=O)NO)cc1,active
,,906544,[],CHEMBL712568,Inhibition of human Matrix metalloprotease-9 (MMP-9),B,,,BAO_0000190,BAO_0000357,single protein format,C[C@@H](C[C@@H](CO)NC(=O)c1ccc(Oc2ccccc2)cc1)C(=O)NO,,,CHEMBL1145989,J Med Chem,2003.0,"{'bei': '25.38', 'le': '0.48', 'lle': '7.00', 'sei': '8.43'}",,CHEMBL116944,,CHEMBL116944,9.10,0,http://www.openphacts.org/units/Nanomolar,222333,=,1,1,=,,IC50,nM,,0.8,CHEMBL321,Homo sapiens,Matrix metalloproteinase-9,9606,,,IC50,nM,UO_0000065,,0.8,,0.8,C[C@@H](C[C@@H](CO)NC(=O)c1ccc(Oc2ccccc2)cc1)C(=O)NO,active
,,913035,[],CHEMBL712568,Inhibition of human Matrix metalloprotease-9 (MMP-9),B,,,BAO_0000190,BAO_0000357,single protein format,C[C@@H](C[C@@H](COC(=O)CCC(=O)O)NC(=O)c1ccc(Oc2ccccc2)cc1)C(=O)NO,,,CHEMBL1145989,J Med Chem,2003.0,"{'bei': '18.66', 'le': '0.35', 'lle': '6.03', 'sei': '5.65'}",,CHEMBL118497,,CHEMBL118497,8.55,0,http://www.openphacts.org/units/Nanomolar,222334,=,1,1,=,,IC50,nM,,2.8,CHEMBL321,Homo sapiens,Matrix metalloproteinase-9,9606,,,IC50,nM,UO_0000065,,2.8,,2.8,C[C@@H](C[C@@H](COC(=O)CCC(=O)O)NC(=O)c1ccc(Oc2ccccc2)cc1)C(=O)NO,active
,,949764,[],CHEMBL710585,Inhibition of gelatinase-B (Matrix metalloprotease-9),B,,,BAO_0000190,BAO_0000357,single protein format,COc1ccc(S(=O)(=O)N2CCCS(=O)(=O)C(C)(C)[C@@H]2C(=O)NO)cc1,,,CHEMBL1132690,J Med Chem,1999.0,"{'bei': '20.77', 'le': '0.44', 'lle': '8.28', 'sei': '6.49'}",,CHEMBL342210,,CHEMBL342210,8.44,0,http://www.openphacts.org/units/Nanomolar,272277,=,1,1,=,,IC50,nM,,3.6,CHEMBL321,Homo sapiens,Matrix metalloproteinase-9,9606,,,IC50,nM,UO_0000065,,3.6,,3.6,COc1ccc(S(=O)(=O)N2CCCS(=O)(=O)C(C)(C)[C@@H]2C(=O)NO)cc1,active
,,949771,[],CHEMBL710585,Inhibition of gelatinase-B (Matrix metalloprotease-9),B,,,BAO_0000190,BAO_0000357,single protein format,COc1ccc(S(=O)(=O)N2CCCCCSC(C)(C)[C@@H]2C(=O)NO)cc1,,,CHEMBL1132690,J Med Chem,1999.0,"{'bei': '20.95', 'le': '0.44', 'lle': '6.17', 'sei': '8.79'}",,CHEMBL441662,,CHEMBL441662,8.43,0,http://www.openphacts.org/units/Nanomolar,272275,=,1,1,=,,IC50,nM,,3.7,CHEMBL321,Homo sapiens,Matrix metalloproteinase-9,9606,,,IC50,nM,UO_0000065,,3.7,,3.7,COc1ccc(S(=O)(=O)N2CCCCCSC(C)(C)[C@@H]2C(=O)NO)cc1,active
,,953819,[],CHEMBL710585,Inhibition of gelatinase-B (Matrix metalloprotease-9),B,,,BAO_0000190,BAO_0000357,single protein format,COc1ccc(S(=O)(=O)N2CCCSC(C)(C)[C@H]2C(=O)NO)cc1,,,CHEMBL1132690,J Med Chem,1999.0,"{'bei': '15.64', 'le': '0.33', 'lle': '4.38', 'sei': '6.10'}",,CHEMBL1234370,,CHEMBL1234370,5.86,0,http://www.openphacts.org/units/Nanomolar,272282,=,1,1,=,,IC50,nM,,1390.0,CHEMBL321,Homo sapiens,Matrix metalloproteinase-9,9606,,,IC50,nM,UO_0000065,,1390.0,,1390.0,COc1ccc(S(=O)(=O)N2CCCSC(C)(C)[C@H]2C(=O)NO)cc1,intermediate
,,967906,[],CHEMBL710585,Inhibition of gelatinase-B (Matrix metalloprotease-9),B,,,BAO_0000190,BAO_0000357,single protein format,COc1ccc(S(=O)(=O)N2CCCSC(C)(C)[C@@H]2C(=O)NO)cc1,,,CHEMBL1132690,J Med Chem,1999.0,"{'bei': '23.29', 'le': '0.50', 'lle': '7.24', 'sei': '9.09'}",,CHEMBL140970,,CHEMBL140970,8.72,0,http://www.openphacts.org/units/Nanomolar,272278,=,1,1,=,,IC50,nM,,1.9,CHEMBL321,Homo sapiens,Matrix metalloproteinase-9,9606,,,IC50,nM,UO_0000065,,1.9,,1.9,COc1ccc(S(=O)(=O)N2CCCSC(C)(C)[C@@H]2C(=O)NO)cc1,active
,,972844,[],CHEMBL710585,Inhibition of gelatinase-B (Matrix metalloprotease-9),B,,,BAO_0000190,BAO_0000357,single protein format,COc1ccc(S(=O)(=O)N2CCCCC(C)(C)[C@@H]2C(=O)NO)cc1,,,CHEMBL1132690,J Med Chem,1999.0,"{'bei': '26.09', 'le': '0.53', 'lle': '7.53', 'sei': '9.69'}",,CHEMBL140152,,CHEMBL140152,9.30,0,http://www.openphacts.org/units/Nanomolar,272276,=,1,1,=,,IC50,nM,,0.5,CHEMBL321,Homo sapiens,Matrix metalloproteinase-9,9606,,,IC50,nM,UO_0000065,,0.5,,0.5,COc1ccc(S(=O)(=O)N2CCCCC(C)(C)[C@@H]2C(=O)NO)cc1,active
,,984163,[],CHEMBL710585,Inhibition of gelatinase-B (Matrix metalloprotease-9),B,,,BAO_0000190,BAO_0000357,single protein format,COc1ccc(S(=O)(=O)N2CCSC(C)(C)[C@@H]2C(=O)NO)cc1,,,CHEMBL1132690,J Med Chem,1999.0,"{'bei': '25.10', 'le': '0.54', 'lle': '7.96', 'sei': '9.43'}",,CHEMBL141080,,CHEMBL141080,9.05,0,http://www.openphacts.org/units/Nanomolar,272280,=,1,1,=,,IC50,nM,,0.9,CHEMBL321,Homo sapiens,Matrix metalloproteinase-9,9606,,,IC50,nM,UO_0000065,,0.9,,0.9,COc1ccc(S(=O)(=O)N2CCSC(C)(C)[C@@H]2C(=O)NO)cc1,active
,,1033606,[],CHEMBL712900,Inhibition of matrix metalloprotease-9,B,,,BAO_0000190,BAO_0000357,single protein format,CC1(C)NC(=O)N(C[C@@H](COc2ccc(-c3ccc(OC(F)(F)F)cc3)cc2)N(O)C=O)C1=O,,,CHEMBL1134096,Bioorg Med Chem Lett,2001.0,"{'bei': '14.38', 'le': '0.28', 'lle': '3.74', 'sei': '6.38'}",,CHEMBL40143,,CHEMBL40143,6.92,0,http://www.openphacts.org/units/Nanomolar,63336,=,1,1,=,,IC50,nM,,120.0,CHEMBL321,Homo sapiens,Matrix metalloproteinase-9,9606,,,IC50,nM,UO_0000065,,120.0,,120.0,CC1(C)NC(=O)N(C[C@@H](COc2ccc(-c3ccc(OC(F)(F)F)cc3)cc2)N(O)C=O)C1=O,active
,,1055614,[],CHEMBL712900,Inhibition of matrix metalloprotease-9,B,,,BAO_0000190,BAO_0000357,single protein format,CC1(C)NC(=O)N(C[C@H](COc2ccc(-c3ccc(OC(F)(F)F)cc3)cc2)N(O)C=O)C1=O,,,CHEMBL1134096,Bioorg Med Chem Lett,2001.0,"{'bei': '12.30', 'le': '0.24', 'lle': '2.74', 'sei': '5.46'}",,CHEMBL41943,,CHEMBL41943,5.92,0,http://www.openphacts.org/units/Nanomolar,63335,=,1,1,=,,IC50,nM,,1200.0,CHEMBL321,Homo sapiens,Matrix metalloproteinase-9,9606,,,IC50,nM,UO_0000065,,1200.0,,1200.0,CC1(C)NC(=O)N(C[C@H](COc2ccc(-c3ccc(OC(F)(F)F)cc3)cc2)N(O)C=O)C1=O,intermediate
,,1104100,[],CHEMBL714518,Inhibition of Matrix metalloprotease-9,B,,,BAO_0000190,BAO_0000357,single protein format,COc1ccc(S(=O)(=O)N2CCCN(S(=O)(=O)c3ccc(OC)cc3)C2C(=O)NO)cc1,,,CHEMBL1131091,J Med Chem,1998.0,"{'bei': '17.32', 'le': '0.36', 'lle': '7.79', 'sei': '5.90'}",,CHEMBL333729,,CHEMBL333729,8.41,0,http://www.openphacts.org/units/Nanomolar,226134,=,1,1,=,,IC50,nM,,3.9,CHEMBL321,Homo sapiens,Matrix metalloproteinase-9,9606,,,IC50,nM,UO_0000065,,3.9,,3.9,COc1ccc(S(=O)(=O)N2CCCN(S(=O)(=O)c3ccc(OC)cc3)C2C(=O)NO)cc1,active
,,1108857,[],CHEMBL714518,Inhibition of Matrix metalloprotease-9,B,,,BAO_0000190,BAO_0000357,single protein format,CCCCOc1ccc(S(=O)(=O)N2CC(C)(C)CN(S(=O)(=O)c3ccc(OCCCC)cc3)C2C(=O)NO)cc1,,,CHEMBL1131091,J Med Chem,1998.0,"{'bei': '11.70', 'le': '0.24', 'lle': '3.40', 'sei': '4.91'}",,CHEMBL334107,,CHEMBL334107,7.00,0,http://www.openphacts.org/units/Nanomolar,226131,=,1,1,=,,IC50,nM,,101.0,CHEMBL321,Homo sapiens,Matrix metalloproteinase-9,9606,,,IC50,nM,UO_0000065,,101.0,,101.0,CCCCOc1ccc(S(=O)(=O)N2CC(C)(C)CN(S(=O)(=O)c3ccc(OCCCC)cc3)C2C(=O)NO)cc1,active
,,1109696,[],CHEMBL712570,Inhibition of human matrix metalloprotease-9 (MMP-9),B,,,BAO_0000190,BAO_0000357,single protein format,CNC(=O)[C@H](Cc1ccccc1)NC(=O)[C@H](CC(C)C)[C@H](CSc1cccs1)C(=O)NO,,,CHEMBL1144897,J Med Chem,2003.0,"{'bei': '19.31', 'le': '0.39', 'lle': '6.12', 'sei': '8.58'}",,CHEMBL279786,BATIMASTAT,CHEMBL279786,9.22,0,http://www.openphacts.org/units/Nanomolar,223454,=,1,1,=,,IC50,nM,,0.6,CHEMBL321,Homo sapiens,Matrix metalloproteinase-9,9606,,,IC50,nM,UO_0000065,,0.6,,0.6,CNC(=O)[C@H](Cc1ccccc1)NC(=O)[C@H](CC(C)C)[C@H](CSc1cccs1)C(=O)NO,active
,,1119600,[],CHEMBL714518,Inhibition of Matrix metalloprotease-9,B,,,BAO_0000190,BAO_0000357,single protein format,COc1ccc(S(=O)(=O)N2CC(O)CN(S(=O)(=O)c3ccc(OC)cc3)C2C(=O)NO)cc1,,,CHEMBL1131091,J Med Chem,1998.0,"{'bei': '16.60', 'le': '0.34', 'lle': '8.74', 'sei': '5.12'}",,CHEMBL118744,,CHEMBL118744,8.33,0,http://www.openphacts.org/units/Nanomolar,226129,=,1,1,=,,IC50,nM,,4.7,CHEMBL321,Homo sapiens,Matrix metalloproteinase-9,9606,,,IC50,nM,UO_0000065,,4.7,,4.7,COc1ccc(S(=O)(=O)N2CC(O)CN(S(=O)(=O)c3ccc(OC)cc3)C2C(=O)NO)cc1,active
,,1126821,[],CHEMBL714518,Inhibition of Matrix metalloprotease-9,B,,,BAO_0000190,BAO_0000357,single protein format,COc1ccc(S(=O)(=O)N2CC(C)(C)CN(S(=O)(=O)c3ccc(OC)cc3)C2C(=O)NO)cc1,,,CHEMBL1131091,J Med Chem,1998.0,"{'bei': '16.68', 'le': '0.34', 'lle': '7.31', 'sei': '6.01'}",,CHEMBL115727,,CHEMBL115727,8.57,0,http://www.openphacts.org/units/Nanomolar,226128,=,1,1,=,,IC50,nM,,2.7,CHEMBL321,Homo sapiens,Matrix metalloproteinase-9,9606,,,IC50,nM,UO_0000065,,2.7,,2.7,COc1ccc(S(=O)(=O)N2CC(C)(C)CN(S(=O)(=O)c3ccc(OC)cc3)C2C(=O)NO)cc1,active
,,1128093,[],CHEMBL714518,Inhibition of Matrix metalloprotease-9,B,,,BAO_0000190,BAO_0000357,single protein format,COc1ccc(S(=O)(=O)N(Cc2cccnc2)[C@@H](C(=O)NO)C(C)C)cc1.Cl,,,CHEMBL1131091,J Med Chem,1998.0,"{'bei': '21.26', 'le': '0.42', 'lle': '6.56', 'sei': '7.69'}",,CHEMBL514138,CGS-27023A,CHEMBL267178,8.37,0,http://www.openphacts.org/units/Nanomolar,226133,=,1,1,=,,IC50,nM,,4.3,CHEMBL321,Homo sapiens,Matrix metalloproteinase-9,9606,,,IC50,nM,UO_0000065,,4.3,,4.3,COc1ccc(S(=O)(=O)N(Cc2cccnc2)[C@@H](C(=O)NO)C(C)C)cc1,active
,,1131242,[],CHEMBL712570,Inhibition of human matrix metalloprotease-9 (MMP-9),B,,,BAO_0000190,BAO_0000357,single protein format,CO[C@@H](NC(=O)[C@@H](NC(=O)[C@H](CCCc1ccc(-c2ccccc2)c(C)c1)CC(=O)NO)C(C)(C)C)c1ccccc1,,,CHEMBL1144897,J Med Chem,2003.0,"{'bei': '10.90', 'le': '0.20', 'lle': '0.76', 'sei': '5.35'}",,CHEMBL326489,,CHEMBL326489,6.25,0,http://www.openphacts.org/units/Nanomolar,223455,=,1,1,=,,IC50,nM,,560.0,CHEMBL321,Homo sapiens,Matrix metalloproteinase-9,9606,,,IC50,nM,UO_0000065,,560.0,,560.0,CO[C@@H](NC(=O)[C@@H](NC(=O)[C@H](CCCc1ccc(-c2ccccc2)c(C)c1)CC(=O)NO)C(C)(C)C)c1ccccc1,active
,,1132379,[],CHEMBL712570,Inhibition of human matrix metalloprotease-9 (MMP-9),B,,,BAO_0000190,BAO_0000357,single protein format,CO[C@@H](NC(=O)[C@@H](NC(=O)[C@H](CCCc1ccc(-c2ccccc2)c(C)c1)CC(=O)O)C(C)(C)C)c1ccccc1,,,CHEMBL1144897,J Med Chem,2003.0,"{'bei': '8.08', 'le': '0.15', 'lle': '-1.55', 'sei': '4.31'}",,CHEMBL115460,,CHEMBL115460,4.52,0,http://www.openphacts.org/units/Nanomolar,223453,=,1,1,=,,IC50,nM,,30400.0,CHEMBL321,Homo sapiens,Matrix metalloproteinase-9,9606,,,IC50,nM,UO_0000065,,30400.0,,30400.0,CO[C@@H](NC(=O)[C@@H](NC(=O)[C@H](CCCc1ccc(-c2ccccc2)c(C)c1)CC(=O)O)C(C)(C)C)c1ccccc1,inactive
,,1137927,[],CHEMBL714518,Inhibition of Matrix metalloprotease-9,B,,,BAO_0000190,BAO_0000357,single protein format,COc1ccc(S(=O)(=O)N2CC3(CN(S(=O)(=O)c4ccc(OC)cc4)C2C(=O)NO)SCCCS3)cc1,,,CHEMBL1131091,J Med Chem,1998.0,"{'bei': '13.24', 'le': '0.29', 'lle': '6.01', 'sei': '5.48'}",,CHEMBL118848,,CHEMBL118848,7.81,0,http://www.openphacts.org/units/Nanomolar,226127,=,1,1,=,,IC50,nM,,15.6,CHEMBL321,Homo sapiens,Matrix metalloproteinase-9,9606,,,IC50,nM,UO_0000065,,15.6,,15.6,COc1ccc(S(=O)(=O)N2CC3(CN(S(=O)(=O)c4ccc(OC)cc4)C2C(=O)NO)SCCCS3)cc1,active
,,1424500,[],CHEMBL829409,Inhibition of human matrix metalloprotease-9,B,,,BAO_0000190,BAO_0000357,single protein format,CC(C)ON([C@H](CCNC(=O)OCc1ccccc1)C(=O)NO)S(=O)(=O)c1ccc(-c2ccccc2)cc1,,,CHEMBL1141995,Bioorg Med Chem Lett,2005.0,"{'bei': '14.39', 'le': '0.28', 'lle': '3.93', 'sei': '5.81'}",,CHEMBL362651,,CHEMBL362651,7.80,0,http://www.openphacts.org/units/Nanomolar,365962,=,1,1,=,,IC50,nM,,16.0,CHEMBL321,Homo sapiens,Matrix metalloproteinase-9,9606,,,IC50,nM,UO_0000065,,16.0,,16.0,CC(C)ON([C@H](CCNC(=O)OCc1ccccc1)C(=O)NO)S(=O)(=O)c1ccc(-c2ccccc2)cc1,active
,,1424503,[],CHEMBL829409,Inhibition of human matrix metalloprotease-9,B,,,BAO_0000190,BAO_0000357,single protein format,CC(C)ON([C@H](CCN)C(=O)NO)S(=O)(=O)c1ccc(-c2ccccc2)cc1,,,CHEMBL1141995,Bioorg Med Chem Lett,2005.0,"{'bei': '13.12', 'le': '0.26', 'lle': '3.44', 'sei': '4.38'}",,CHEMBL369317,,CHEMBL369317,5.34,0,http://www.openphacts.org/units/Nanomolar,365969,=,1,1,=,,IC50,nM,,4517.0,CHEMBL321,Homo sapiens,Matrix metalloproteinase-9,9606,,,IC50,nM,UO_0000065,,4517.0,,4517.0,CC(C)ON([C@H](CCN)C(=O)NO)S(=O)(=O)c1ccc(-c2ccccc2)cc1,intermediate
,,1424609,[],CHEMBL829409,Inhibition of human matrix metalloprotease-9,B,,,BAO_0000190,BAO_0000357,single protein format,COc1ccc(S(=O)(=O)N(Cc2cccnc2)[C@@H](C(=O)NO)C(C)C)cc1.Cl,,,CHEMBL1141995,Bioorg Med Chem Lett,2005.0,"{'bei': '20.58', 'le': '0.41', 'lle': '6.29', 'sei': '7.44'}",,CHEMBL514138,CGS-27023A,CHEMBL267178,8.10,0,http://www.openphacts.org/units/Nanomolar,365975,=,1,1,=,,IC50,nM,,8.0,CHEMBL321,Homo sapiens,Matrix metalloproteinase-9,9606,,,IC50,nM,UO_0000065,,8.0,,8.0,COc1ccc(S(=O)(=O)N(Cc2cccnc2)[C@@H](C(=O)NO)C(C)C)cc1,active
,,1424621,[],CHEMBL829409,Inhibition of human matrix metalloprotease-9,B,,,BAO_0000190,BAO_0000357,single protein format,CC1(C)SCCN(S(=O)(=O)c2ccc(Oc3ccncc3)cc2)[C@H]1C(=O)NO,,,CHEMBL1141995,Bioorg Med Chem Lett,2005.0,"{'bei': '22.63', 'le': '0.47', 'lle': '7.33', 'sei': '8.81'}",,CHEMBL75094,PRINOMASTAT,CHEMBL75094,9.59,0,http://www.openphacts.org/units/Nanomolar,365981,=,1,1,=,,IC50,nM,,0.26,CHEMBL321,Homo sapiens,Matrix metalloproteinase-9,9606,,,IC50,nM,UO_0000065,,0.26,,0.26,CC1(C)SCCN(S(=O)(=O)c2ccc(Oc3ccncc3)cc2)[C@H]1C(=O)NO,active
,,1426522,[],CHEMBL829409,Inhibition of human matrix metalloprotease-9,B,,,BAO_0000190,BAO_0000357,single protein format,CC(C)ON(CC(=O)NO)S(=O)(=O)c1ccc(-c2ccccc2)cc1,,,CHEMBL1141995,Bioorg Med Chem Lett,2005.0,"{'bei': '18.38', 'le': '0.37', 'lle': '4.51', 'sei': '6.98'}",,CHEMBL181244,,CHEMBL181244,6.70,0,http://www.openphacts.org/units/Nanomolar,365937,=,1,1,=,,IC50,nM,,200.0,CHEMBL321,Homo sapiens,Matrix metalloproteinase-9,9606,,,IC50,nM,UO_0000065,,200.0,,200.0,CC(C)ON(CC(=O)NO)S(=O)(=O)c1ccc(-c2ccccc2)cc1,active
,,1426525,[],CHEMBL829409,Inhibition of human matrix metalloprotease-9,B,,,BAO_0000190,BAO_0000357,single protein format,CC(C)ON(C(C(=O)NO)C(C)C)S(=O)(=O)c1ccc(-c2ccccc2)cc1,,,CHEMBL1141995,Bioorg Med Chem Lett,2005.0,"{'bei': '18.96', 'le': '0.38', 'lle': '4.50', 'sei': '8.03'}",,CHEMBL179616,,CHEMBL179616,7.71,0,http://www.openphacts.org/units/Nanomolar,365943,=,1,1,=,,IC50,nM,,19.6,CHEMBL321,Homo sapiens,Matrix metalloproteinase-9,9606,,,IC50,nM,UO_0000065,,19.6,,19.6,CC(C)ON(C(C(=O)NO)C(C)C)S(=O)(=O)c1ccc(-c2ccccc2)cc1,active
,,1426631,[],CHEMBL829409,Inhibition of human matrix metalloprotease-9,B,,,BAO_0000190,BAO_0000357,single protein format,CC(C)ON([C@@H](C(=O)NO)C(C)C)S(=O)(=O)c1ccc(-c2ccccc2)cc1,,,CHEMBL1141995,Bioorg Med Chem Lett,2005.0,"{'bei': '20.11', 'le': '0.40', 'lle': '4.96', 'sei': '8.52'}",,CHEMBL179288,,CHEMBL179288,8.17,0,http://www.openphacts.org/units/Nanomolar,365950,=,1,1,=,,IC50,nM,,6.7,CHEMBL321,Homo sapiens,Matrix metalloproteinase-9,9606,,,IC50,nM,UO_0000065,,6.7,,6.7,CC(C)ON([C@@H](C(=O)NO)C(C)C)S(=O)(=O)c1ccc(-c2ccccc2)cc1,active
,,1426644,[],CHEMBL829409,Inhibition of human matrix metalloprotease-9,B,,,BAO_0000190,BAO_0000357,single protein format,CC(C)ON([C@H](C(=O)NO)C(C)C)S(=O)(=O)c1ccc(-c2ccccc2)cc1,,,CHEMBL1141995,Bioorg Med Chem Lett,2005.0,"{'bei': '19.40', 'le': '0.38', 'lle': '4.68', 'sei': '8.22'}",,CHEMBL362678,,CHEMBL362678,7.89,0,http://www.openphacts.org/units/Nanomolar,365956,=,1,1,=,,IC50,nM,,13.0,CHEMBL321,Homo sapiens,Matrix metalloproteinase-9,9606,,,IC50,nM,UO_0000065,,13.0,,13.0,CC(C)ON([C@H](C(=O)NO)C(C)C)S(=O)(=O)c1ccc(-c2ccccc2)cc1,active
,,1436489,[],CHEMBL833070,Inhibition of human matrix metalloprotease-9 expressed in Sf9 insect cells,B,,,BAO_0000190,BAO_0000219,cell-based format,CNC(=O)[C@H](Cc1ccccc1)NC(=O)[C@H](CC(C)C)[C@H](CSc1cccs1)C(=O)NO,,,CHEMBL1145216,Bioorg Med Chem Lett,2005.0,"{'bei': '15.92', 'le': '0.32', 'lle': '4.50', 'sei': '7.07'}",,CHEMBL279786,BATIMASTAT,CHEMBL279786,7.60,0,http://www.openphacts.org/units/Nanomolar,370339,=,1,1,=,,IC50,nM,,25.0,CHEMBL321,Homo sapiens,Matrix metalloproteinase-9,9606,,,IC50,uM,UO_0000065,,0.025,,25.0,CNC(=O)[C@H](Cc1ccccc1)NC(=O)[C@H](CC(C)C)[C@H](CSc1cccs1)C(=O)NO,active
,,1508116,[],CHEMBL832895,In vitro inhibition of human Matrix metalloprotease 9,B,,,BAO_0000190,BAO_0000357,single protein format,O=C1NC(=O)C(c2ccc(Oc3ccc(Br)cc3)cc2)(N2CCN(CCO)CC2)C(=O)N1,,,CHEMBL1144414,J Med Chem,2005.0,"{'bei': '16.68', 'le': '0.36', 'lle': '6.99', 'sei': '7.55'}",,CHEMBL192872,,CHEMBL192872,8.40,0,http://www.openphacts.org/units/Nanomolar,390118,=,1,1,=,,IC50,nM,,4.0,CHEMBL321,Homo sapiens,Matrix metalloproteinase-9,9606,,,IC50,nM,UO_0000065,,4.0,,4.0,O=C1NC(=O)C(c2ccc(Oc3ccc(Br)cc3)cc2)(N2CCN(CCO)CC2)C(=O)N1,active
,,1508120,[],CHEMBL832895,In vitro inhibition of human Matrix metalloprotease 9,B,,,BAO_0000190,BAO_0000357,single protein format,O=C1NC(=O)C(c2ccc(Oc3ccc(I)cc3)cc2)(N2CCN(CCO)CC2)C(=O)N1,,,CHEMBL1144414,J Med Chem,2005.0,"{'bei': '15.81', 'le': '0.37', 'lle': '7.45', 'sei': '7.82'}",,CHEMBL192249,,CHEMBL192249,8.70,0,http://www.openphacts.org/units/Nanomolar,390151,=,1,1,=,,IC50,nM,,2.0,CHEMBL321,Homo sapiens,Matrix metalloproteinase-9,9606,,,IC50,nM,UO_0000065,,2.0,,2.0,O=C1NC(=O)C(c2ccc(Oc3ccc(I)cc3)cc2)(N2CCN(CCO)CC2)C(=O)N1,active
,,1508124,[],CHEMBL832895,In vitro inhibition of human Matrix metalloprotease 9,B,,,BAO_0000190,BAO_0000357,single protein format,COc1ccc(Oc2ccc(C3(N4CCN(CCO)CC4)C(=O)NC(=O)NC3=O)cc2)cc1,,,CHEMBL1144414,J Med Chem,2005.0,"{'bei': '18.09', 'le': '0.34', 'lle': '7.56', 'sei': '6.83'}",,CHEMBL195743,,CHEMBL195743,8.22,0,http://www.openphacts.org/units/Nanomolar,390185,=,1,1,=,,IC50,nM,,6.0,CHEMBL321,Homo sapiens,Matrix metalloproteinase-9,9606,,,IC50,nM,UO_0000065,,6.0,,6.0,COc1ccc(Oc2ccc(C3(N4CCN(CCO)CC4)C(=O)NC(=O)NC3=O)cc2)cc1,active
,,1508131,[],CHEMBL832895,In vitro inhibition of human Matrix metalloprotease 9,B,,,BAO_0000190,BAO_0000357,single protein format,O=C1NC(=O)C(c2ccc(Oc3ccc(Br)cc3)cc2)(N2CCN(CCBr)CC2)C(=O)N1,,,CHEMBL1144414,J Med Chem,2005.0,"{'bei': '13.40', 'le': '0.32', 'lle': '4.77', 'sei': '8.34'}",,CHEMBL436326,,CHEMBL436326,7.58,0,http://www.openphacts.org/units/Nanomolar,390249,=,1,1,=,,IC50,nM,,26.0,CHEMBL321,Homo sapiens,Matrix metalloproteinase-9,9606,,,IC50,nM,UO_0000065,,26.0,,26.0,O=C1NC(=O)C(c2ccc(Oc3ccc(Br)cc3)cc2)(N2CCN(CCBr)CC2)C(=O)N1,active
,,1508138,[],CHEMBL832895,In vitro inhibition of human Matrix metalloprotease 9,B,,,BAO_0000190,BAO_0000357,single protein format,O=C1NC(=O)C(c2ccc(Oc3ccc(Br)cc3)cc2)(N2CCNCC2)C(=O)N1,,,CHEMBL1144414,J Med Chem,2005.0,"{'bei': '18.94', 'le': '0.41', 'lle': '6.99', 'sei': '8.72'}",,CHEMBL435690,,CHEMBL435690,8.70,0,http://www.openphacts.org/units/Nanomolar,390313,=,1,1,=,,IC50,nM,,2.0,CHEMBL321,Homo sapiens,Matrix metalloproteinase-9,9606,,,IC50,nM,UO_0000065,,2.0,,2.0,O=C1NC(=O)C(c2ccc(Oc3ccc(Br)cc3)cc2)(N2CCNCC2)C(=O)N1,active
,,1508142,[],CHEMBL832895,In vitro inhibition of human Matrix metalloprotease 9,B,,,BAO_0000190,BAO_0000357,single protein format,CC(C)N1CCN(C2(c3ccc(Oc4ccc(Br)cc4)cc3)C(=O)NC(=O)NC2=O)CC1,,,CHEMBL1144414,J Med Chem,2005.0,"{'bei': '17.95', 'le': '0.38', 'lle': '6.17', 'sei': '9.89'}",,CHEMBL370685,,CHEMBL370685,9.00,0,http://www.openphacts.org/units/Nanomolar,390342,=,1,1,=,,IC50,nM,,1.0,CHEMBL321,Homo sapiens,Matrix metalloproteinase-9,9606,,,IC50,nM,UO_0000065,,1.0,,1.0,CC(C)N1CCN(C2(c3ccc(Oc4ccc(Br)cc4)cc3)C(=O)NC(=O)NC2=O)CC1,active
,,1508146,[],CHEMBL832895,In vitro inhibition of human Matrix metalloprotease 9,B,,,BAO_0000190,BAO_0000357,single protein format,NCCN1CCN(C2(c3ccc(Oc4ccc(Br)cc4)cc3)C(=O)NC(=O)NC2=O)CC1,,,CHEMBL1144414,J Med Chem,2005.0,"{'bei': '15.63', 'le': '0.34', 'lle': '6.47', 'sei': '6.71'}",,CHEMBL371600,,CHEMBL371600,7.85,0,http://www.openphacts.org/units/Nanomolar,390444,=,1,1,=,,IC50,nM,,14.0,CHEMBL321,Homo sapiens,Matrix metalloproteinase-9,9606,,,IC50,nM,UO_0000065,,14.0,,14.0,NCCN1CCN(C2(c3ccc(Oc4ccc(Br)cc4)cc3)C(=O)NC(=O)NC2=O)CC1,active
,,1508309,[],CHEMBL832895,In vitro inhibition of human Matrix metalloprotease 9,B,,,BAO_0000190,BAO_0000357,single protein format,O=C(O)CCN1CCN(C2(c3ccc(Oc4ccc(Br)cc4)cc3)C(=O)NC(=O)NC2=O)CC1,,,CHEMBL1144414,J Med Chem,2005.0,"{'bei': '14.27', 'le': '0.30', 'lle': '5.69', 'sei': '5.91'}",,CHEMBL192370,,CHEMBL192370,7.58,0,http://www.openphacts.org/units/Nanomolar,390480,=,1,1,=,,IC50,nM,,26.0,CHEMBL321,Homo sapiens,Matrix metalloproteinase-9,9606,,,IC50,nM,UO_0000065,,26.0,,26.0,O=C(O)CCN1CCN(C2(c3ccc(Oc4ccc(Br)cc4)cc3)C(=O)NC(=O)NC2=O)CC1,active
,,1508313,[],CHEMBL832895,In vitro inhibition of human Matrix metalloprotease 9,B,,,BAO_0000190,BAO_0000357,single protein format,C[Si](C)(C)c1ccc(N2CCN(C3(c4ccc(Oc5ccc(Br)cc5)cc4)C(=O)NC(=O)NC3=O)CC2)cc1,,,CHEMBL1144414,J Med Chem,2005.0,"{'bei': '10.30', 'le': None, 'lle': None, 'sei': None}",,CHEMBL372263,,CHEMBL372263,6.26,0,http://www.openphacts.org/units/Nanomolar,389985,=,1,1,=,,IC50,nM,,550.0,CHEMBL321,Homo sapiens,Matrix metalloproteinase-9,9606,,,IC50,nM,UO_0000065,,550.0,,550.0,C[Si](C)(C)c1ccc(N2CCN(C3(c4ccc(Oc5ccc(Br)cc5)cc4)C(=O)NC(=O)NC3=O)CC2)cc1,active
,,1508317,[],CHEMBL832895,In vitro inhibition of human Matrix metalloprotease 9,B,,,BAO_0000190,BAO_0000357,single protein format,O=C1NC(=O)C(c2ccc(Oc3ccc(Br)cc3)cc2)(N2CCN(c3ccc(F)cc3)CC2)C(=O)N1,,,CHEMBL1144414,J Med Chem,2005.0,"{'bei': '13.95', 'le': '0.29', 'lle': '3.96', 'sei': '8.49'}",,CHEMBL190871,,CHEMBL190871,7.72,0,http://www.openphacts.org/units/Nanomolar,390016,=,1,1,=,,IC50,nM,,19.0,CHEMBL321,Homo sapiens,Matrix metalloproteinase-9,9606,,,IC50,nM,UO_0000065,,19.0,,19.0,O=C1NC(=O)C(c2ccc(Oc3ccc(Br)cc3)cc2)(N2CCN(c3ccc(F)cc3)CC2)C(=O)N1,active
,,1508321,[],CHEMBL832895,In vitro inhibition of human Matrix metalloprotease 9,B,,,BAO_0000190,BAO_0000357,single protein format,O=C1NC(=O)C(c2ccc(Oc3ccc(Br)cc3)cc2)(N2CCN(c3ccc([N+](=O)[O-])cc3)CC2)C(=O)N1,,,CHEMBL1144414,J Med Chem,2005.0,"{'bei': '12.48', 'le': '0.26', 'lle': '3.71', 'sei': '5.40'}",,CHEMBL372705,,CHEMBL372705,7.24,0,http://www.openphacts.org/units/Nanomolar,390055,=,1,1,=,,IC50,nM,,57.0,CHEMBL321,Homo sapiens,Matrix metalloproteinase-9,9606,,,IC50,nM,UO_0000065,,57.0,,57.0,O=C1NC(=O)C(c2ccc(Oc3ccc(Br)cc3)cc2)(N2CCN(c3ccc([N+](=O)[O-])cc3)CC2)C(=O)N1,active
,,1508325,[],CHEMBL832895,In vitro inhibition of human Matrix metalloprotease 9,B,,,BAO_0000190,BAO_0000357,single protein format,O=C1NC(=O)C(c2ccc(Oc3ccc(Br)cc3)cc2)(N2CCN(c3ccc(I)cc3)CC2)C(=O)N1,,,CHEMBL1144414,J Med Chem,2005.0,"{'bei': '12.10', 'le': '0.30', 'lle': '3.77', 'sei': '8.79'}",,CHEMBL372914,,CHEMBL372914,8.00,0,http://www.openphacts.org/units/Nanomolar,390088,=,1,1,=,,IC50,nM,,10.0,CHEMBL321,Homo sapiens,Matrix metalloproteinase-9,9606,,,IC50,nM,UO_0000065,,10.0,,10.0,O=C1NC(=O)C(c2ccc(Oc3ccc(Br)cc3)cc2)(N2CCN(c3ccc(I)cc3)CC2)C(=O)N1,active
,,1508332,[],CHEMBL832895,In vitro inhibition of human Matrix metalloprotease 9,B,,,BAO_0000190,BAO_0000357,single protein format,O=C1NC(=O)C(c2ccc(Oc3ccc(Br)cc3)cc2)(N2CCN(C(=O)c3cccc(I)c3)CC2)C(=O)N1,,,CHEMBL1144414,J Med Chem,2005.0,"{'bei': '11.17', 'le': '0.28', 'lle': '3.83', 'sei': '7.13'}",,CHEMBL191986,,CHEMBL191986,7.70,0,http://www.openphacts.org/units/Nanomolar,390119,=,1,1,=,,IC50,nM,,20.0,CHEMBL321,Homo sapiens,Matrix metalloproteinase-9,9606,,,IC50,nM,UO_0000065,,20.0,,20.0,O=C1NC(=O)C(c2ccc(Oc3ccc(Br)cc3)cc2)(N2CCN(C(=O)c3cccc(I)c3)CC2)C(=O)N1,active
,,1508335,[],CHEMBL832409,In vitro inhibition of human Matrix metalloprotease 9,B,,,BAO_0000190,BAO_0000357,single protein format,COc1ccc(S(=O)(=O)N(Cc2cccnc2)[C@@H](C(=O)NO)C(C)C)cc1.Cl,,,CHEMBL1144414,J Med Chem,2005.0,"{'bei': '18.35', 'le': '0.37', 'lle': '5.41', 'sei': '6.64'}",,CHEMBL514138,CGS-27023A,CHEMBL267178,7.22,0,http://www.openphacts.org/units/Nanomolar,390152,=,1,1,=,,IC50,nM,,60.0,CHEMBL321,Homo sapiens,Matrix metalloproteinase-9,9606,,,IC50,nM,UO_0000065,,60.0,,60.0,COc1ccc(S(=O)(=O)N(Cc2cccnc2)[C@@H](C(=O)NO)C(C)C)cc1,active
,,1508337,[],CHEMBL832409,In vitro inhibition of human Matrix metalloprotease 9,B,,,BAO_0000190,BAO_0000357,single protein format,CC(C)[C@@H](NS(=O)(=O)c1ccc(NC(=O)c2ccc(O[11CH3])cc2)cc1)C(=O)O,,,CHEMBL1144414,J Med Chem,2005.0,"{'bei': '16.48', 'le': '0.33', 'lle': '4.36', 'sei': '5.50'}",,CHEMBL2311189,,CHEMBL191956,6.70,0,http://www.openphacts.org/units/Nanomolar,390153,=,1,1,=,,IC50,nM,,200.0,CHEMBL321,Homo sapiens,Matrix metalloproteinase-9,9606,,,IC50,nM,UO_0000065,,200.0,,200.0,CC(C)[C@@H](NS(=O)(=O)c1ccc(NC(=O)c2ccc(O[11CH3])cc2)cc1)C(=O)O,active
,,1617444,[],CHEMBL881784,Inhibitory activity against matrix metallopeptidase 9,B,,,BAO_0000190,BAO_0000357,single protein format,CC#CCOc1ccc(S(=O)(=O)N2CCOCC2C(=O)NO)cc1,,,CHEMBL1141066,Bioorg Med Chem Lett,2005.0,"{'bei': '19.10', 'le': '0.39', 'lle': '6.79', 'sei': '6.44'}",,CHEMBL196092,,CHEMBL196092,6.77,0,http://www.openphacts.org/units/Nanomolar,405193,=,1,1,=,,IC50,nM,,170.0,CHEMBL321,Homo sapiens,Matrix metalloproteinase-9,9606,,,IC50,nM,UO_0000065,,170.0,,170.0,CC#CCOc1ccc(S(=O)(=O)N2CCOCC2C(=O)NO)cc1,active
,,1617449,[],CHEMBL881784,Inhibitory activity against matrix metallopeptidase 9,B,,,BAO_0000190,BAO_0000357,single protein format,CC#CCOc1ccc(S(=O)(=O)N2CCSCC2C(=O)NO)cc1,,,CHEMBL1141066,Bioorg Med Chem Lett,2005.0,"{'bei': '20.73', 'le': '0.44', 'lle': '6.98', 'sei': '8.00'}",,CHEMBL370129,,CHEMBL370129,7.68,0,http://www.openphacts.org/units/Nanomolar,405194,=,1,1,=,,IC50,nM,,21.0,CHEMBL321,Homo sapiens,Matrix metalloproteinase-9,9606,,,IC50,nM,UO_0000065,,21.0,,21.0,CC#CCOc1ccc(S(=O)(=O)N2CCSCC2C(=O)NO)cc1,active
,,1617454,[],CHEMBL881784,Inhibitory activity against matrix metallopeptidase 9,B,,,BAO_0000190,BAO_0000357,single protein format,CC#CCOc1ccc(S(=O)(=O)N2CCNCC2C(=O)NO)cc1,,,CHEMBL1141066,Bioorg Med Chem Lett,2005.0,"{'bei': '22.22', 'le': '0.45', 'lle': '8.29', 'sei': '7.27'}",,CHEMBL436324,,CHEMBL436324,7.85,0,http://www.openphacts.org/units/Nanomolar,405195,=,1,1,=,,IC50,nM,,14.0,CHEMBL321,Homo sapiens,Matrix metalloproteinase-9,9606,,,IC50,nM,UO_0000065,,14.0,,14.0,CC#CCOc1ccc(S(=O)(=O)N2CCNCC2C(=O)NO)cc1,active
,,1617459,[],CHEMBL881784,Inhibitory activity against matrix metallopeptidase 9,B,,,BAO_0000190,BAO_0000357,single protein format,CC#CCOc1ccc(S(=O)(=O)N2CCN(Cc3cccnc3)CC2C(=O)NO)cc1,,,CHEMBL1141066,Bioorg Med Chem Lett,2005.0,"{'bei': '15.67', 'le': '0.31', 'lle': '6.11', 'sei': '6.22'}",,CHEMBL194627,,CHEMBL194627,6.97,0,http://www.openphacts.org/units/Nanomolar,405196,=,1,1,=,,IC50,nM,,108.0,CHEMBL321,Homo sapiens,Matrix metalloproteinase-9,9606,,,IC50,nM,UO_0000065,,108.0,,108.0,CC#CCOc1ccc(S(=O)(=O)N2CCN(Cc3cccnc3)CC2C(=O)NO)cc1,active
,,1617464,[],CHEMBL881784,Inhibitory activity against matrix metallopeptidase 9,B,,,BAO_0000190,BAO_0000357,single protein format,CC#CCOc1ccc(S(=O)(=O)N2CCN(C(C)=O)CC2C(=O)NO)cc1,,,CHEMBL1141066,Bioorg Med Chem Lett,2005.0,"{'bei': '17.84', 'le': '0.36', 'lle': '7.24', 'sei': '6.07'}",,CHEMBL195948,,CHEMBL195948,7.06,0,http://www.openphacts.org/units/Nanomolar,405197,=,1,1,=,,IC50,nM,,88.0,CHEMBL321,Homo sapiens,Matrix metalloproteinase-9,9606,,,IC50,nM,UO_0000065,,88.0,,88.0,CC#CCOc1ccc(S(=O)(=O)N2CCN(C(C)=O)CC2C(=O)NO)cc1,active
,,1617469,[],CHEMBL881784,Inhibitory activity against matrix metallopeptidase 9,B,,,BAO_0000190,BAO_0000357,single protein format,CC#CCOc1ccc(S(=O)(=O)N2CCN(C(=O)c3cccs3)CC2C(=O)NO)cc1,,,CHEMBL1141066,Bioorg Med Chem Lett,2005.0,"{'bei': '14.24', 'le': '0.29', 'lle': '5.43', 'sei': '5.68'}",,CHEMBL381224,,CHEMBL381224,6.60,0,http://www.openphacts.org/units/Nanomolar,405198,=,1,1,=,,IC50,nM,,251.0,CHEMBL321,Homo sapiens,Matrix metalloproteinase-9,9606,,,IC50,nM,UO_0000065,,251.0,,251.0,CC#CCOc1ccc(S(=O)(=O)N2CCN(C(=O)c3cccs3)CC2C(=O)NO)cc1,active
,,1617474,[],CHEMBL881784,Inhibitory activity against matrix metallopeptidase 9,B,,,BAO_0000190,BAO_0000357,single protein format,CC#CCOc1ccc(S(=O)(=O)N2CCN(C(=O)OC)CC2C(=O)NO)cc1,,,CHEMBL1141066,Bioorg Med Chem Lett,2005.0,"{'bei': '17.37', 'le': '0.35', 'lle': '7.11', 'sei': '5.70'}",,CHEMBL372908,,CHEMBL372908,7.15,0,http://www.openphacts.org/units/Nanomolar,405199,=,1,1,=,,IC50,nM,,71.0,CHEMBL321,Homo sapiens,Matrix metalloproteinase-9,9606,,,IC50,nM,UO_0000065,,71.0,,71.0,CC#CCOc1ccc(S(=O)(=O)N2CCN(C(=O)OC)CC2C(=O)NO)cc1,active
,,1617479,[],CHEMBL881784,Inhibitory activity against matrix metallopeptidase 9,B,,,BAO_0000190,BAO_0000357,single protein format,CC#CCOc1ccc(S(=O)(=O)N2CCN(S(C)(=O)=O)CC2C(=O)NO)cc1,,,CHEMBL1141066,Bioorg Med Chem Lett,2005.0,"{'bei': '16.90', 'le': '0.36', 'lle': '8.06', 'sei': '5.47'}",,CHEMBL194237,,CHEMBL194237,7.29,0,http://www.openphacts.org/units/Nanomolar,405200,=,1,1,=,,IC50,nM,,51.0,CHEMBL321,Homo sapiens,Matrix metalloproteinase-9,9606,,,IC50,nM,UO_0000065,,51.0,,51.0,CC#CCOc1ccc(S(=O)(=O)N2CCN(S(C)(=O)=O)CC2C(=O)NO)cc1,active
,,1617486,[],CHEMBL881784,Inhibitory activity against matrix metallopeptidase 9,B,,,BAO_0000190,BAO_0000357,single protein format,CC#CCOc1ccc(S(=O)(=O)N2CCN(C(=O)N(CC)CC)CC2C(=O)NO)cc1,,,CHEMBL1141066,Bioorg Med Chem Lett,2005.0,"{'bei': '14.71', 'le': '0.29', 'lle': '5.93', 'sei': '5.57'}",,CHEMBL370825,,CHEMBL370825,6.66,0,http://www.openphacts.org/units/Nanomolar,405202,=,1,1,=,,IC50,nM,,221.0,CHEMBL321,Homo sapiens,Matrix metalloproteinase-9,9606,,,IC50,nM,UO_0000065,,221.0,,221.0,CC#CCOc1ccc(S(=O)(=O)N2CCN(C(=O)N(CC)CC)CC2C(=O)NO)cc1,active
,,1617491,[],CHEMBL881784,Inhibitory activity against matrix metallopeptidase 9,B,,,BAO_0000190,BAO_0000357,single protein format,CC#CCOc1ccc(S(=O)(=O)N2CCN(C(=O)CCCC)CC2C(=O)NO)cc1,,,CHEMBL1141066,Bioorg Med Chem Lett,2005.0,"{'bei': '15.27', 'le': '0.30', 'lle': '5.69', 'sei': '5.75'}",,CHEMBL198100,,CHEMBL198100,6.68,0,http://www.openphacts.org/units/Nanomolar,405203,=,1,1,=,,IC50,nM,,209.0,CHEMBL321,Homo sapiens,Matrix metalloproteinase-9,9606,,,IC50,nM,UO_0000065,,209.0,,209.0,CC#CCOc1ccc(S(=O)(=O)N2CCN(C(=O)CCCC)CC2C(=O)NO)cc1,active
,,1617496,[],CHEMBL881784,Inhibitory activity against matrix metallopeptidase 9,B,,,BAO_0000190,BAO_0000357,single protein format,CC#CCOc1ccc(S(=O)(=O)N2CCSC(C)(C)C2C(=O)NO)cc1,,,CHEMBL1141066,Bioorg Med Chem Lett,2005.0,"{'bei': '19.88', 'le': '0.42', 'lle': '6.44', 'sei': '8.26'}",,CHEMBL382975,,CHEMBL382975,7.92,0,http://www.openphacts.org/units/Nanomolar,405204,=,1,1,=,,IC50,nM,,12.0,CHEMBL321,Homo sapiens,Matrix metalloproteinase-9,9606,,,IC50,nM,UO_0000065,,12.0,,12.0,CC#CCOc1ccc(S(=O)(=O)N2CCSC(C)(C)C2C(=O)NO)cc1,active
,,1617965,[],CHEMBL881784,Inhibitory activity against matrix metallopeptidase 9,B,,,BAO_0000190,BAO_0000357,single protein format,CC#CCOc1ccc(S(=O)(=O)N2CCOCC2C(=O)NO)cc1,,,CHEMBL1141066,Bioorg Med Chem Lett,2005.0,"{'bei': '19.10', 'le': '0.39', 'lle': '6.79', 'sei': '6.44'}",,CHEMBL196092,,CHEMBL196092,6.77,0,http://www.openphacts.org/units/Nanomolar,405392,=,1,1,=,,IC50,nM,,170.0,CHEMBL321,Homo sapiens,Matrix metalloproteinase-9,9606,,,IC50,nM,UO_0000065,,170.0,,170.0,CC#CCOc1ccc(S(=O)(=O)N2CCOCC2C(=O)NO)cc1,active
,,1617972,[],CHEMBL881784,Inhibitory activity against matrix metallopeptidase 9,B,,,BAO_0000190,BAO_0000357,single protein format,CC#CCOc1ccc(S(=O)(=O)N2CCSCC2C(=O)NO)cc1,,,CHEMBL1141066,Bioorg Med Chem Lett,2005.0,"{'bei': '20.73', 'le': '0.44', 'lle': '6.98', 'sei': '8.00'}",,CHEMBL370129,,CHEMBL370129,7.68,0,http://www.openphacts.org/units/Nanomolar,405394,=,1,1,=,,IC50,nM,,21.0,CHEMBL321,Homo sapiens,Matrix metalloproteinase-9,9606,,,IC50,nM,UO_0000065,,21.0,,21.0,CC#CCOc1ccc(S(=O)(=O)N2CCSCC2C(=O)NO)cc1,active
,,1617977,[],CHEMBL881784,Inhibitory activity against matrix metallopeptidase 9,B,,,BAO_0000190,BAO_0000357,single protein format,CC#CCOc1ccc(S(=O)(=O)N2CCNCC2C(=O)NO)cc1,,,CHEMBL1141066,Bioorg Med Chem Lett,2005.0,"{'bei': '22.22', 'le': '0.45', 'lle': '8.29', 'sei': '7.27'}",,CHEMBL436324,,CHEMBL436324,7.85,0,http://www.openphacts.org/units/Nanomolar,405395,=,1,1,=,,IC50,nM,,14.0,CHEMBL321,Homo sapiens,Matrix metalloproteinase-9,9606,,,IC50,nM,UO_0000065,,14.0,,14.0,CC#CCOc1ccc(S(=O)(=O)N2CCNCC2C(=O)NO)cc1,active
,,1617982,[],CHEMBL881784,Inhibitory activity against matrix metallopeptidase 9,B,,,BAO_0000190,BAO_0000357,single protein format,CC#CCOc1ccc(S(=O)(=O)N2CCN(Cc3cccnc3)CC2C(=O)NO)cc1,,,CHEMBL1141066,Bioorg Med Chem Lett,2005.0,"{'bei': '15.67', 'le': '0.31', 'lle': '6.11', 'sei': '6.22'}",,CHEMBL194627,,CHEMBL194627,6.97,0,http://www.openphacts.org/units/Nanomolar,405396,=,1,1,=,,IC50,nM,,108.0,CHEMBL321,Homo sapiens,Matrix metalloproteinase-9,9606,,,IC50,nM,UO_0000065,,108.0,,108.0,CC#CCOc1ccc(S(=O)(=O)N2CCN(Cc3cccnc3)CC2C(=O)NO)cc1,active
,,1617987,[],CHEMBL881784,Inhibitory activity against matrix metallopeptidase 9,B,,,BAO_0000190,BAO_0000357,single protein format,CC#CCOc1ccc(S(=O)(=O)N2CCN(C(C)=O)CC2C(=O)NO)cc1,,,CHEMBL1141066,Bioorg Med Chem Lett,2005.0,"{'bei': '17.84', 'le': '0.36', 'lle': '7.24', 'sei': '6.07'}",,CHEMBL195948,,CHEMBL195948,7.06,0,http://www.openphacts.org/units/Nanomolar,405397,=,1,1,=,,IC50,nM,,88.0,CHEMBL321,Homo sapiens,Matrix metalloproteinase-9,9606,,,IC50,nM,UO_0000065,,88.0,,88.0,CC#CCOc1ccc(S(=O)(=O)N2CCN(C(C)=O)CC2C(=O)NO)cc1,active
,,1617992,[],CHEMBL881784,Inhibitory activity against matrix metallopeptidase 9,B,,,BAO_0000190,BAO_0000357,single protein format,CC#CCOc1ccc(S(=O)(=O)N2CCN(C(=O)c3cccs3)CC2C(=O)NO)cc1,,,CHEMBL1141066,Bioorg Med Chem Lett,2005.0,"{'bei': '14.24', 'le': '0.29', 'lle': '5.43', 'sei': '5.68'}",,CHEMBL381224,,CHEMBL381224,6.60,0,http://www.openphacts.org/units/Nanomolar,405398,=,1,1,=,,IC50,nM,,251.0,CHEMBL321,Homo sapiens,Matrix metalloproteinase-9,9606,,,IC50,nM,UO_0000065,,251.0,,251.0,CC#CCOc1ccc(S(=O)(=O)N2CCN(C(=O)c3cccs3)CC2C(=O)NO)cc1,active
,,1617997,[],CHEMBL881784,Inhibitory activity against matrix metallopeptidase 9,B,,,BAO_0000190,BAO_0000357,single protein format,CC#CCOc1ccc(S(=O)(=O)N2CCN(C(=O)OC)CC2C(=O)NO)cc1,,,CHEMBL1141066,Bioorg Med Chem Lett,2005.0,"{'bei': '17.37', 'le': '0.35', 'lle': '7.11', 'sei': '5.70'}",,CHEMBL372908,,CHEMBL372908,7.15,0,http://www.openphacts.org/units/Nanomolar,405399,=,1,1,=,,IC50,nM,,71.0,CHEMBL321,Homo sapiens,Matrix metalloproteinase-9,9606,,,IC50,nM,UO_0000065,,71.0,,71.0,CC#CCOc1ccc(S(=O)(=O)N2CCN(C(=O)OC)CC2C(=O)NO)cc1,active
,,1618002,[],CHEMBL881784,Inhibitory activity against matrix metallopeptidase 9,B,,,BAO_0000190,BAO_0000357,single protein format,CC#CCOc1ccc(S(=O)(=O)N2CCN(S(C)(=O)=O)CC2C(=O)NO)cc1,,,CHEMBL1141066,Bioorg Med Chem Lett,2005.0,"{'bei': '16.90', 'le': '0.36', 'lle': '8.06', 'sei': '5.47'}",,CHEMBL194237,,CHEMBL194237,7.29,0,http://www.openphacts.org/units/Nanomolar,405400,=,1,1,=,,IC50,nM,,51.0,CHEMBL321,Homo sapiens,Matrix metalloproteinase-9,9606,,,IC50,nM,UO_0000065,,51.0,,51.0,CC#CCOc1ccc(S(=O)(=O)N2CCN(S(C)(=O)=O)CC2C(=O)NO)cc1,active
,,1618007,[],CHEMBL881784,Inhibitory activity against matrix metallopeptidase 9,B,,,BAO_0000190,BAO_0000357,single protein format,CC#CCOc1ccc(S(=O)(=O)N2CCN(C(=O)N(CC)CC)CC2C(=O)NO)cc1,,,CHEMBL1141066,Bioorg Med Chem Lett,2005.0,"{'bei': '14.71', 'le': '0.29', 'lle': '5.93', 'sei': '5.57'}",,CHEMBL370825,,CHEMBL370825,6.66,0,http://www.openphacts.org/units/Nanomolar,405401,=,1,1,=,,IC50,nM,,221.0,CHEMBL321,Homo sapiens,Matrix metalloproteinase-9,9606,,,IC50,nM,UO_0000065,,221.0,,221.0,CC#CCOc1ccc(S(=O)(=O)N2CCN(C(=O)N(CC)CC)CC2C(=O)NO)cc1,active
,,1618012,[],CHEMBL881784,Inhibitory activity against matrix metallopeptidase 9,B,,,BAO_0000190,BAO_0000357,single protein format,CC#CCOc1ccc(S(=O)(=O)N2CCN(C(=O)CCCC)CC2C(=O)NO)cc1,,,CHEMBL1141066,Bioorg Med Chem Lett,2005.0,"{'bei': '15.27', 'le': '0.30', 'lle': '5.69', 'sei': '5.75'}",,CHEMBL198100,,CHEMBL198100,6.68,0,http://www.openphacts.org/units/Nanomolar,405402,=,1,1,=,,IC50,nM,,209.0,CHEMBL321,Homo sapiens,Matrix metalloproteinase-9,9606,,,IC50,nM,UO_0000065,,209.0,,209.0,CC#CCOc1ccc(S(=O)(=O)N2CCN(C(=O)CCCC)CC2C(=O)NO)cc1,active
,,1618017,[],CHEMBL881784,Inhibitory activity against matrix metallopeptidase 9,B,,,BAO_0000190,BAO_0000357,single protein format,CC#CCOc1ccc(S(=O)(=O)N2CCSC(C)(C)C2C(=O)NO)cc1,,,CHEMBL1141066,Bioorg Med Chem Lett,2005.0,"{'bei': '19.88', 'le': '0.42', 'lle': '6.44', 'sei': '8.26'}",,CHEMBL382975,,CHEMBL382975,7.92,0,http://www.openphacts.org/units/Nanomolar,405403,=,1,1,=,,IC50,nM,,12.0,CHEMBL321,Homo sapiens,Matrix metalloproteinase-9,9606,,,IC50,nM,UO_0000065,,12.0,,12.0,CC#CCOc1ccc(S(=O)(=O)N2CCSC(C)(C)C2C(=O)NO)cc1,active
,,1667380,[],CHEMBL862785,Binding affinity to MMP9,B,,,BAO_0000190,BAO_0000357,single protein format,O=C(Nc1ccc(S(=O)(=O)C[C@@H](Cc2c[nH]c3ccccc23)C(=O)O)cc1)c1ccc(Br)cc1,,,CHEMBL1148593,J Med Chem,2006.0,"{'bei': '15.83', 'le': '0.34', 'lle': '3.67', 'sei': '7.37'}",,CHEMBL199917,,CHEMBL199917,8.57,0,http://www.openphacts.org/units/Nanomolar,418043,=,1,1,=,,IC50,nM,,2.7,CHEMBL321,Homo sapiens,Matrix metalloproteinase-9,9606,,,IC50,nM,UO_0000065,,2.7,,2.7,O=C(Nc1ccc(S(=O)(=O)C[C@@H](Cc2c[nH]c3ccccc23)C(=O)O)cc1)c1ccc(Br)cc1,active
,,1673497,[],CHEMBL863522,Inhibitory activity against MMP9,B,,,BAO_0000190,BAO_0000357,single protein format,CCCCCCC(CC(=O)O)C(=O)c1ccc(C#Cc2ccc(Cl)cc2)cc1,,,CHEMBL1148611,J Med Chem,2006.0,"{'bei': '14.67', 'le': '0.28', 'lle': '-0.16', 'sei': '10.71'}",,CHEMBL199666,,CHEMBL199666,5.82,0,http://www.openphacts.org/units/Nanomolar,418690,=,1,1,=,,IC50,nM,,1510.0,CHEMBL321,Homo sapiens,Matrix metalloproteinase-9,9606,,,IC50,uM,UO_0000065,,1.51,,1510.0,CCCCCCC(CC(=O)O)C(=O)c1ccc(C#Cc2ccc(Cl)cc2)cc1,intermediate
,,1673498,[],CHEMBL863522,Inhibitory activity against MMP9,B,,,BAO_0000190,BAO_0000357,single protein format,O=C(O)CC(Cc1ccc(F)cc1)C(=O)c1ccc(C#Cc2ccccc2)cc1,,,CHEMBL1148611,J Med Chem,2006.0,"{'bei': '12.94', 'le': '0.24', 'lle': '0.26', 'sei': '9.19'}",,CHEMBL377700,,CHEMBL377700,5.00,0,http://www.openphacts.org/units/Nanomolar,418689,=,1,1,=,,IC50,nM,,10030.0,CHEMBL321,Homo sapiens,Matrix metalloproteinase-9,9606,,,IC50,uM,UO_0000065,,10.03,,10030.0,O=C(O)CC(Cc1ccc(F)cc1)C(=O)c1ccc(C#Cc2ccccc2)cc1,inactive
,,1673499,[],CHEMBL863522,Inhibitory activity against MMP9,B,,,BAO_0000190,BAO_0000357,single protein format,O=C(O)CC(Cc1ccccc1)C(=O)c1ccc(C#Cc2ccccc2)cc1,,,CHEMBL1148611,J Med Chem,2006.0,"{'bei': '13.66', 'le': '0.25', 'lle': '0.43', 'sei': '9.26'}",,CHEMBL201206,,CHEMBL201206,5.03,0,http://www.openphacts.org/units/Nanomolar,418688,=,1,1,=,,IC50,nM,,9290.0,CHEMBL321,Homo sapiens,Matrix metalloproteinase-9,9606,,,IC50,uM,UO_0000065,,9.29,,9290.0,O=C(O)CC(Cc1ccccc1)C(=O)c1ccc(C#Cc2ccccc2)cc1,intermediate
,,1673500,[],CHEMBL863522,Inhibitory activity against MMP9,B,,,BAO_0000190,BAO_0000357,single protein format,O=C(O)CC(CC1CCCC1)C(=O)c1ccc(C#Cc2ccccc2)cc1,,,CHEMBL1148611,J Med Chem,2006.0,"{'bei': '15.17', 'le': '0.28', 'lle': '0.53', 'sei': '10.06'}",,CHEMBL379247,,CHEMBL379247,5.47,0,http://www.openphacts.org/units/Nanomolar,418687,=,1,1,=,,IC50,nM,,3390.0,CHEMBL321,Homo sapiens,Matrix metalloproteinase-9,9606,,,IC50,uM,UO_0000065,,3.39,,3390.0,O=C(O)CC(CC1CCCC1)C(=O)c1ccc(C#Cc2ccccc2)cc1,intermediate
,,1673501,[],CHEMBL863522,Inhibitory activity against MMP9,B,,,BAO_0000190,BAO_0000357,single protein format,CCCCCCC(CC(=O)O)C(=O)c1ccc(C#Cc2ccccc2)cc1,,,CHEMBL1148611,J Med Chem,2006.0,"{'bei': '14.53', 'le': '0.27', 'lle': '-0.06', 'sei': '9.69'}",,CHEMBL201298,,CHEMBL201298,5.27,0,http://www.openphacts.org/units/Nanomolar,418686,=,1,1,=,,IC50,nM,,5410.0,CHEMBL321,Homo sapiens,Matrix metalloproteinase-9,9606,,,IC50,uM,UO_0000065,,5.41,,5410.0,CCCCCCC(CC(=O)O)C(=O)c1ccc(C#Cc2ccccc2)cc1,intermediate
,,1673502,[],CHEMBL863522,Inhibitory activity against MMP9,B,,,BAO_0000190,BAO_0000357,single protein format,CCC(CC(=O)O)C(=O)c1ccc(C#Cc2ccccc2)cc1,,,CHEMBL1148611,J Med Chem,2006.0,"{'bei': '17.77', 'le': '0.32', 'lle': '1.67', 'sei': '10.01'}",,CHEMBL202875,,CHEMBL202875,5.44,0,http://www.openphacts.org/units/Nanomolar,418685,=,1,1,=,,IC50,nM,,3600.0,CHEMBL321,Homo sapiens,Matrix metalloproteinase-9,9606,,,IC50,uM,UO_0000065,,3.6,,3600.0,CCC(CC(=O)O)C(=O)c1ccc(C#Cc2ccccc2)cc1,intermediate
,,1683460,[],CHEMBL861866,Inhibition of MMP9,B,,,BAO_0000190,BAO_0000357,single protein format,Cc1cc(S(=O)(=O)N[C@@H](C(=O)NO)C2CCOCC2)ccc1F,,,CHEMBL1138106,Bioorg Med Chem Lett,2006.0,"{'bei': '16.45', 'le': '0.34', 'lle': '4.99', 'sei': '5.44'}",,CHEMBL204593,,CHEMBL204593,5.70,0,http://www.openphacts.org/units/Nanomolar,427927,=,1,1,=,,IC50,nM,,2000.0,CHEMBL321,Homo sapiens,Matrix metalloproteinase-9,9606,,,IC50,uM,UO_0000065,,2.0,,2000.0,Cc1cc(S(=O)(=O)N[C@@H](C(=O)NO)C2CCOCC2)ccc1F,intermediate
,,1726176,[],CHEMBL870165,Inhibition of MMP9,B,,,BAO_0000190,BAO_0000357,single protein format,CCCC(C(=O)O)S(=O)(=O)c1ccc(-c2ccc(Cl)cc2)cc1,,,CHEMBL1148518,Bioorg Med Chem Lett,2006.0,"{'bei': '14.17', 'le': '0.30', 'lle': '0.97', 'sei': '7.00'}",,CHEMBL378740,,CHEMBL378740,5.00,0,http://www.openphacts.org/units/Nanomolar,489478,=,1,1,=,,IC50,nM,,10005.0,CHEMBL321,Homo sapiens,Matrix metalloproteinase-9,9606,,,IC50,nM,UO_0000065,,10005.0,,10005.0,CCCC(C(=O)O)S(=O)(=O)c1ccc(-c2ccc(Cl)cc2)cc1,inactive
,,1726177,[],CHEMBL870165,Inhibition of MMP9,B,,,BAO_0000190,BAO_0000357,single protein format,COc1ccc(C(=O)Cc2ccc(SC(CCN3C(=O)c4ccccc4C3=O)C(=O)O)cc2)cc1,,,CHEMBL1148518,Bioorg Med Chem Lett,2006.0,"{'bei': '14.29', 'le': '0.27', 'lle': '2.65', 'sei': '6.93'}",,CHEMBL211037,,CHEMBL211037,7.00,0,http://www.openphacts.org/units/Nanomolar,489508,=,1,1,=,,IC50,nM,,101.0,CHEMBL321,Homo sapiens,Matrix metalloproteinase-9,9606,,,IC50,nM,UO_0000065,,101.0,,101.0,COc1ccc(C(=O)Cc2ccc(SC(CCN3C(=O)c4ccccc4C3=O)C(=O)O)cc2)cc1,active
,,1726178,[],CHEMBL870165,Inhibition of MMP9,B,,,BAO_0000190,BAO_0000357,single protein format,COc1cccc(C#Cc2ccc(SC(CCN3C(=O)c4ccccc4C3=O)C(=O)O)cc2)c1,,,CHEMBL1148518,Bioorg Med Chem Lett,2006.0,"{'bei': '16.12', 'le': '0.31', 'lle': '3.27', 'sei': '9.06'}",,CHEMBL206045,,CHEMBL206045,7.60,0,http://www.openphacts.org/units/Nanomolar,489507,=,1,1,=,,IC50,nM,,25.0,CHEMBL321,Homo sapiens,Matrix metalloproteinase-9,9606,,,IC50,nM,UO_0000065,,25.0,,25.0,COc1cccc(C#Cc2ccc(SC(CCN3C(=O)c4ccccc4C3=O)C(=O)O)cc2)c1,active
,,1726179,[],CHEMBL870165,Inhibition of MMP9,B,,,BAO_0000190,BAO_0000357,single protein format,O=C(O)C(CCN1C(=O)c2ccccc2C1=O)Sc1ccc(C#Cc2ccc(Cl)cc2)cc1,,,CHEMBL1148518,Bioorg Med Chem Lett,2006.0,"{'bei': '18.74', 'le': '0.37', 'lle': '3.95', 'sei': '11.95'}",,CHEMBL209465,,CHEMBL209465,8.92,0,http://www.openphacts.org/units/Nanomolar,489506,=,1,1,=,,IC50,nM,,1.2,CHEMBL321,Homo sapiens,Matrix metalloproteinase-9,9606,,,IC50,nM,UO_0000065,,1.2,,1.2,O=C(O)C(CCN1C(=O)c2ccccc2C1=O)Sc1ccc(C#Cc2ccc(Cl)cc2)cc1,active
,,1726180,[],CHEMBL870165,Inhibition of MMP9,B,,,BAO_0000190,BAO_0000357,single protein format,O=C(O)C(CCN1C(=O)c2ccccc2C1=O)Sc1ccc(C#Cc2ccc(OC(F)(F)F)cc2)cc1,,,CHEMBL1148518,Bioorg Med Chem Lett,2006.0,"{'bei': '17.55', 'le': '0.34', 'lle': '4.00', 'sei': '10.99'}",,CHEMBL377112,,CHEMBL377112,9.22,0,http://www.openphacts.org/units/Nanomolar,489505,=,1,1,=,,IC50,nM,,0.6,CHEMBL321,Homo sapiens,Matrix metalloproteinase-9,9606,,,IC50,nM,UO_0000065,,0.6,,0.6,O=C(O)C(CCN1C(=O)c2ccccc2C1=O)Sc1ccc(C#Cc2ccc(OC(F)(F)F)cc2)cc1,active
,,1726181,[],CHEMBL870165,Inhibition of MMP9,B,,,BAO_0000190,BAO_0000357,single protein format,CC(C)c1ccc(C#Cc2ccc(SC(CCN3C(=O)c4ccccc4C3=O)C(=O)O)cc2)cc1,,,CHEMBL1148518,Bioorg Med Chem Lett,2006.0,"{'bei': '17.15', 'le': '0.32', 'lle': '2.85', 'sei': '11.10'}",,CHEMBL207026,,CHEMBL207026,8.29,0,http://www.openphacts.org/units/Nanomolar,489504,=,1,1,=,,IC50,nM,,5.1,CHEMBL321,Homo sapiens,Matrix metalloproteinase-9,9606,,,IC50,nM,UO_0000065,,5.1,,5.1,CC(C)c1ccc(C#Cc2ccc(SC(CCN3C(=O)c4ccccc4C3=O)C(=O)O)cc2)cc1,active
,,1726182,[],CHEMBL870165,Inhibition of MMP9,B,,,BAO_0000190,BAO_0000357,single protein format,CCCCc1ccc(C#Cc2ccc(SC(CCN3C(=O)c4ccccc4C3=O)C(=O)O)cc2)cc1,,,CHEMBL1148518,Bioorg Med Chem Lett,2006.0,"{'bei': '15.39', 'le': '0.29', 'lle': '2.00', 'sei': '10.25'}",,CHEMBL208615,,CHEMBL208615,7.66,0,http://www.openphacts.org/units/Nanomolar,489503,=,1,1,=,,IC50,nM,,22.0,CHEMBL321,Homo sapiens,Matrix metalloproteinase-9,9606,,,IC50,nM,UO_0000065,,22.0,,22.0,CCCCc1ccc(C#Cc2ccc(SC(CCN3C(=O)c4ccccc4C3=O)C(=O)O)cc2)cc1,active
,,1726183,[],CHEMBL870165,Inhibition of MMP9,B,,,BAO_0000190,BAO_0000357,single protein format,CCCc1ccc(C#Cc2ccc(SC(CCN3C(=O)c4ccccc4C3=O)C(=O)O)cc2)cc1,,,CHEMBL1148518,Bioorg Med Chem Lett,2006.0,"{'bei': '16.57', 'le': '0.31', 'lle': '2.74', 'sei': '10.73'}",,CHEMBL211036,,CHEMBL211036,8.01,0,http://www.openphacts.org/units/Nanomolar,489502,=,1,1,=,,IC50,nM,,9.7,CHEMBL321,Homo sapiens,Matrix metalloproteinase-9,9606,,,IC50,nM,UO_0000065,,9.7,,9.7,CCCc1ccc(C#Cc2ccc(SC(CCN3C(=O)c4ccccc4C3=O)C(=O)O)cc2)cc1,active
,,1726184,[],CHEMBL870165,Inhibition of MMP9,B,,,BAO_0000190,BAO_0000357,single protein format,CCc1ccc(C#Cc2ccc(SC(CCN3C(=O)c4ccccc4C3=O)C(=O)O)cc2)cc1,,,CHEMBL1148518,Bioorg Med Chem Lett,2006.0,"{'bei': '19.37', 'le': '0.37', 'lle': '4.22', 'sei': '12.18'}",,CHEMBL379220,,CHEMBL379220,9.10,0,http://www.openphacts.org/units/Nanomolar,489501,=,1,1,=,,IC50,nM,,0.8,CHEMBL321,Homo sapiens,Matrix metalloproteinase-9,9606,,,IC50,nM,UO_0000065,,0.8,,0.8,CCc1ccc(C#Cc2ccc(SC(CCN3C(=O)c4ccccc4C3=O)C(=O)O)cc2)cc1,active
,,1726185,[],CHEMBL870165,Inhibition of MMP9,B,,,BAO_0000190,BAO_0000357,single protein format,Cc1ccc(C#Cc2ccc(SC(CCN3C(=O)c4ccccc4C3=O)C(=O)O)cc2)cc1,,,CHEMBL1148518,Bioorg Med Chem Lett,2006.0,"{'bei': '16.48', 'le': '0.31', 'lle': '2.88', 'sei': '10.05'}",,CHEMBL209289,,CHEMBL209289,7.51,0,http://www.openphacts.org/units/Nanomolar,489500,=,1,1,=,,IC50,nM,,31.0,CHEMBL321,Homo sapiens,Matrix metalloproteinase-9,9606,,,IC50,nM,UO_0000065,,31.0,,31.0,Cc1ccc(C#Cc2ccc(SC(CCN3C(=O)c4ccccc4C3=O)C(=O)O)cc2)cc1,active
,,1726186,[],CHEMBL870165,Inhibition of MMP9,B,,,BAO_0000190,BAO_0000357,single protein format,Cc1ccc(C#Cc2ccc([S+]([O-])C(CCN3C(=O)c4ccccc4C3=O)C(=O)O)cc2)cc1,,,CHEMBL1148518,Bioorg Med Chem Lett,2006.0,"{'bei': '18.78', 'le': '0.36', 'lle': '5.21', 'sei': '9.06'}",,CHEMBL204987,,CHEMBL204987,8.85,0,http://www.openphacts.org/units/Nanomolar,489499,=,1,1,=,,IC50,nM,,1.4,CHEMBL321,Homo sapiens,Matrix metalloproteinase-9,9606,,,IC50,nM,UO_0000065,,1.4,,1.4,Cc1ccc(C#Cc2ccc([S+]([O-])C(CCN3C(=O)c4ccccc4C3=O)C(=O)O)cc2)cc1,active
,,1726187,[],CHEMBL870165,Inhibition of MMP9,B,,,BAO_0000190,BAO_0000357,single protein format,Cc1ccc(C#Cc2ccc(S(=O)(=O)C(CCN3C(=O)c4ccccc4C3=O)C(=O)O)cc2)cc1,,,CHEMBL1148518,Bioorg Med Chem Lett,2006.0,"{'bei': '19.08', 'le': '0.36', 'lle': '5.99', 'sei': '8.55'}",,CHEMBL210517,,CHEMBL210517,9.30,0,http://www.openphacts.org/units/Nanomolar,489498,=,1,1,=,,IC50,nM,,0.5,CHEMBL321,Homo sapiens,Matrix metalloproteinase-9,9606,,,IC50,nM,UO_0000065,,0.5,,0.5,Cc1ccc(C#Cc2ccc(S(=O)(=O)C(CCN3C(=O)c4ccccc4C3=O)C(=O)O)cc2)cc1,active
,,1726188,[],CHEMBL870165,Inhibition of MMP9,B,,,BAO_0000190,BAO_0000357,single protein format,N#Cc1ccc(N2CCN(c3ccc(S(=O)(=O)C(CCN4C(=O)c5ccccc5C4=O)C(=O)O)cc3)CC2)cc1,,,CHEMBL1148518,Bioorg Med Chem Lett,2006.0,"{'bei': '12.39', 'le': '0.24', 'lle': '4.12', 'sei': '4.98'}",,CHEMBL206694,,CHEMBL206694,6.92,0,http://www.openphacts.org/units/Nanomolar,489497,=,1,1,=,,IC50,nM,,120.0,CHEMBL321,Homo sapiens,Matrix metalloproteinase-9,9606,,,IC50,nM,UO_0000065,,120.0,,120.0,N#Cc1ccc(N2CCN(c3ccc(S(=O)(=O)C(CCN4C(=O)c5ccccc5C4=O)C(=O)O)cc3)CC2)cc1,active
,,1726189,[],CHEMBL870165,Inhibition of MMP9,B,,,BAO_0000190,BAO_0000357,single protein format,O=C(O)C(CCN1C(=O)c2ccccc2C1=O)S(=O)(=O)c1ccc(N2CC=C(c3ccc(Cl)cc3)CC2)cc1,,,CHEMBL1148518,Bioorg Med Chem Lett,2006.0,"{'bei': '11.66', 'le': '0.23', 'lle': '2.04', 'sei': '5.88'}",,CHEMBL208136,,CHEMBL208136,6.59,0,http://www.openphacts.org/units/Nanomolar,489496,=,1,1,=,,IC50,nM,,258.0,CHEMBL321,Homo sapiens,Matrix metalloproteinase-9,9606,,,IC50,nM,UO_0000065,,258.0,,258.0,O=C(O)C(CCN1C(=O)c2ccccc2C1=O)S(=O)(=O)c1ccc(N2CC=C(c3ccc(Cl)cc3)CC2)cc1,active
,,1726190,[],CHEMBL870165,Inhibition of MMP9,B,,,BAO_0000190,BAO_0000357,single protein format,O=C(O)C(CCN1C(=O)c2ccccc2C1=O)S(=O)(=O)c1ccc(Oc2ccc(OC(F)(F)F)cc2)cc1,,,CHEMBL1148518,Bioorg Med Chem Lett,2006.0,"{'bei': '13.90', 'le': '0.27', 'lle': '3.35', 'sei': '6.00'}",,CHEMBL207242,,CHEMBL207242,7.64,0,http://www.openphacts.org/units/Nanomolar,489495,=,1,1,=,,IC50,nM,,23.0,CHEMBL321,Homo sapiens,Matrix metalloproteinase-9,9606,,,IC50,nM,UO_0000065,,23.0,,23.0,O=C(O)C(CCN1C(=O)c2ccccc2C1=O)S(=O)(=O)c1ccc(Oc2ccc(OC(F)(F)F)cc2)cc1,active
,,1726191,[],CHEMBL870165,Inhibition of MMP9,B,,,BAO_0000190,BAO_0000357,single protein format,O=C(O)C(CCN1C(=O)c2ccccc2C1=O)S(=O)(=O)c1ccc(-c2nc3cc(F)ccc3[nH]2)cc1,,,CHEMBL1148518,Bioorg Med Chem Lett,2006.0,"{'bei': '17.23', 'le': '0.33', 'lle': '5.46', 'sei': '6.36'}",,CHEMBL210441,,CHEMBL210441,8.74,0,http://www.openphacts.org/units/Nanomolar,489494,=,1,1,=,,IC50,nM,,1.8,CHEMBL321,Homo sapiens,Matrix metalloproteinase-9,9606,,,IC50,nM,UO_0000065,,1.8,,1.8,O=C(O)C(CCN1C(=O)c2ccccc2C1=O)S(=O)(=O)c1ccc(-c2nc3cc(F)ccc3[nH]2)cc1,active
,,1726192,[],CHEMBL870165,Inhibition of MMP9,B,,,BAO_0000190,BAO_0000357,single protein format,O=C(O)C(CCN1C(=O)c2ccccc2C1=O)S(=O)(=O)c1ccc(-c2ccc(C(F)(F)F)cc2)cc1,,,CHEMBL1148518,Bioorg Med Chem Lett,2006.0,"{'bei': '14.88', 'le': '0.29', 'lle': '3.41', 'sei': '7.07'}",,CHEMBL208749,,CHEMBL208749,7.70,0,http://www.openphacts.org/units/Nanomolar,489493,=,1,1,=,,IC50,nM,,20.0,CHEMBL321,Homo sapiens,Matrix metalloproteinase-9,9606,,,IC50,nM,UO_0000065,,20.0,,20.0,O=C(O)C(CCN1C(=O)c2ccccc2C1=O)S(=O)(=O)c1ccc(-c2ccc(C(F)(F)F)cc2)cc1,active
,,1726193,[],CHEMBL870165,Inhibition of MMP9,B,,,BAO_0000190,BAO_0000357,single protein format,O=C(O)C(CCN1C(=O)c2ccccc2C1=O)S(=O)(=O)c1ccc(-c2ccc(F)cc2)cc1,,,CHEMBL1148518,Bioorg Med Chem Lett,2006.0,"{'bei': '15.56', 'le': '0.30', 'lle': '3.87', 'sei': '6.69'}",,CHEMBL378878,,CHEMBL378878,7.28,0,http://www.openphacts.org/units/Nanomolar,489492,=,1,1,=,,IC50,nM,,53.0,CHEMBL321,Homo sapiens,Matrix metalloproteinase-9,9606,,,IC50,nM,UO_0000065,,53.0,,53.0,O=C(O)C(CCN1C(=O)c2ccccc2C1=O)S(=O)(=O)c1ccc(-c2ccc(F)cc2)cc1,active
,,1726194,[],CHEMBL870165,Inhibition of MMP9,B,,,BAO_0000190,BAO_0000357,single protein format,CC(C)c1ccc(-c2ccc(S(=O)(=O)C(CCN3C(=O)c4ccccc4C3=O)C(=O)O)cc2)cc1,,,CHEMBL1148518,Bioorg Med Chem Lett,2006.0,"{'bei': '17.89', 'le': '0.34', 'lle': '4.41', 'sei': '8.08'}",,CHEMBL383193,,CHEMBL383193,8.80,0,http://www.openphacts.org/units/Nanomolar,489491,=,1,1,=,,IC50,nM,,1.6,CHEMBL321,Homo sapiens,Matrix metalloproteinase-9,9606,,,IC50,nM,UO_0000065,,1.6,,1.6,CC(C)c1ccc(-c2ccc(S(=O)(=O)C(CCN3C(=O)c4ccccc4C3=O)C(=O)O)cc2)cc1,active
,,1726195,[],CHEMBL870165,Inhibition of MMP9,B,,,BAO_0000190,BAO_0000357,single protein format,CSc1ccc(-c2ccc(S(=O)(=O)C(CCN3C(=O)c4ccccc4C3=O)C(=O)O)cc2)cc1,,,CHEMBL1148518,Bioorg Med Chem Lett,2006.0,"{'bei': '18.20', 'le': '0.36', 'lle': '5.03', 'sei': '8.29'}",,CHEMBL209165,,CHEMBL209165,9.02,0,http://www.openphacts.org/units/Nanomolar,489490,=,1,1,=,,IC50,nM,,0.96,CHEMBL321,Homo sapiens,Matrix metalloproteinase-9,9606,,,IC50,nM,UO_0000065,,0.96,,0.96,CSc1ccc(-c2ccc(S(=O)(=O)C(CCN3C(=O)c4ccccc4C3=O)C(=O)O)cc2)cc1,active
,,1726196,[],CHEMBL870165,Inhibition of MMP9,B,,,BAO_0000190,BAO_0000357,single protein format,Cc1ccc(-c2ccc(S(=O)(=O)C(CCN3C(=O)c4ccccc4C3=O)C(=O)O)cc2)cc1,,,CHEMBL1148518,Bioorg Med Chem Lett,2006.0,"{'bei': '17.93', 'le': '0.34', 'lle': '4.73', 'sei': '7.64'}",,CHEMBL446702,,CHEMBL446702,8.31,0,http://www.openphacts.org/units/Nanomolar,489489,=,1,1,=,,IC50,nM,,4.9,CHEMBL321,Homo sapiens,Matrix metalloproteinase-9,9606,,,IC50,nM,UO_0000065,,4.9,,4.9,Cc1ccc(-c2ccc(S(=O)(=O)C(CCN3C(=O)c4ccccc4C3=O)C(=O)O)cc2)cc1,active
,,1726197,[],CHEMBL870165,Inhibition of MMP9,B,,,BAO_0000190,BAO_0000357,single protein format,N#Cc1ccc(-c2ccc(S(=O)(=O)C(CCN3C(=O)c4ccccc4C3=O)C(=O)O)cc2)cc1,,,CHEMBL1148518,Bioorg Med Chem Lett,2006.0,"{'bei': '16.49', 'le': '0.31', 'lle': '4.68', 'sei': '5.90'}",,CHEMBL208966,,CHEMBL208966,7.82,0,http://www.openphacts.org/units/Nanomolar,489488,=,1,1,=,,IC50,nM,,15.0,CHEMBL321,Homo sapiens,Matrix metalloproteinase-9,9606,,,IC50,nM,UO_0000065,,15.0,,15.0,N#Cc1ccc(-c2ccc(S(=O)(=O)C(CCN3C(=O)c4ccccc4C3=O)C(=O)O)cc2)cc1,active
,,1726198,[],CHEMBL870165,Inhibition of MMP9,B,,,BAO_0000190,BAO_0000357,single protein format,COc1ccc(-c2ccc(S(=O)(=O)C(CCN3C(=O)c4ccccc4C3=O)C(=O)O)cc2)cc1,,,CHEMBL1148518,Bioorg Med Chem Lett,2006.0,"{'bei': '17.43', 'le': '0.34', 'lle': '5.08', 'sei': '7.08'}",,CHEMBL206944,,CHEMBL206944,8.36,0,http://www.openphacts.org/units/Nanomolar,489487,=,1,1,=,,IC50,nM,,4.4,CHEMBL321,Homo sapiens,Matrix metalloproteinase-9,9606,,,IC50,nM,UO_0000065,,4.4,,4.4,COc1ccc(-c2ccc(S(=O)(=O)C(CCN3C(=O)c4ccccc4C3=O)C(=O)O)cc2)cc1,active
,,1726200,[],CHEMBL870165,Inhibition of MMP9,B,,,BAO_0000190,BAO_0000357,single protein format,CC(CCN1C(=O)c2ccccc2C1=O)(C(=O)O)S(=O)(=O)c1ccc(-c2ccc(Cl)cc2)cc1,,,CHEMBL1148518,Bioorg Med Chem Lett,2006.0,"{'bei': '13.94', 'le': '0.28', 'lle': '2.63', 'sei': '6.38'}",,CHEMBL379653,,CHEMBL379653,6.94,0,http://www.openphacts.org/units/Nanomolar,489485,=,1,1,=,,IC50,nM,,114.0,CHEMBL321,Homo sapiens,Matrix metalloproteinase-9,9606,,,IC50,nM,UO_0000065,,114.0,,114.0,CC(CCN1C(=O)c2ccccc2C1=O)(C(=O)O)S(=O)(=O)c1ccc(-c2ccc(Cl)cc2)cc1,active
,,1726201,[],CHEMBL870165,Inhibition of MMP9,B,,,BAO_0000190,BAO_0000357,single protein format,O=C(O)C(CCN1Cc2ccccc2C1=O)S(=O)(=O)c1ccc(-c2ccc(Cl)cc2)cc1,,,CHEMBL1148518,Bioorg Med Chem Lett,2006.0,"{'bei': '14.93', 'le': '0.30', 'lle': '2.74', 'sei': '7.65'}",,CHEMBL208287,,CHEMBL208287,7.01,0,http://www.openphacts.org/units/Nanomolar,489484,=,1,1,=,,IC50,nM,,96.5,CHEMBL321,Homo sapiens,Matrix metalloproteinase-9,9606,,,IC50,nM,UO_0000065,,96.5,,96.5,O=C(O)C(CCN1Cc2ccccc2C1=O)S(=O)(=O)c1ccc(-c2ccc(Cl)cc2)cc1,active
,,1726202,[],CHEMBL870165,Inhibition of MMP9,B,,,BAO_0000190,BAO_0000357,single protein format,O=C(O)C(CCCN1C(=O)c2ccccc2C1=O)S(=O)(=O)c1ccc(-c2ccc(Cl)cc2)cc1,,,CHEMBL1148518,Bioorg Med Chem Lett,2006.0,"{'bei': '11.39', 'le': '0.23', 'lle': '1.36', 'sei': '5.21'}",,CHEMBL379271,,CHEMBL379271,5.67,0,http://www.openphacts.org/units/Nanomolar,489483,=,1,1,=,,IC50,nM,,2124.0,CHEMBL321,Homo sapiens,Matrix metalloproteinase-9,9606,,,IC50,nM,UO_0000065,,2124.0,,2124.0,O=C(O)C(CCCN1C(=O)c2ccccc2C1=O)S(=O)(=O)c1ccc(-c2ccc(Cl)cc2)cc1,intermediate
,,1726203,[],CHEMBL870165,Inhibition of MMP9,B,,,BAO_0000190,BAO_0000357,single protein format,O=C(NO)C(CCN1C(=O)c2ccccc2C1=O)S(=O)(=O)c1ccc(-c2ccc(Cl)cc2)cc1,,,CHEMBL1148518,Bioorg Med Chem Lett,2006.0,"{'bei': '17.75', 'le': '0.36', 'lle': '5.51', 'sei': '7.33'}",,CHEMBL382227,,CHEMBL382227,8.85,0,http://www.openphacts.org/units/Nanomolar,489482,=,1,1,=,,IC50,nM,,1.4,CHEMBL321,Homo sapiens,Matrix metalloproteinase-9,9606,,,IC50,nM,UO_0000065,,1.4,,1.4,O=C(NO)C(CCN1C(=O)c2ccccc2C1=O)S(=O)(=O)c1ccc(-c2ccc(Cl)cc2)cc1,active
,,1726204,[],CHEMBL870165,Inhibition of MMP9,B,,,BAO_0000190,BAO_0000357,single protein format,O=C(O)C(CCN1C(=O)c2ccccc2C1=O)S(=O)(=O)c1ccc(-c2ccc(Cl)cc2)cc1,,,CHEMBL1148518,Bioorg Med Chem Lett,2006.0,"{'bei': '16.23', 'le': '0.33', 'lle': '3.93', 'sei': '7.22'}",,CHEMBL211007,,CHEMBL211007,7.85,0,http://www.openphacts.org/units/Nanomolar,489481,=,1,1,=,,IC50,nM,,14.0,CHEMBL321,Homo sapiens,Matrix metalloproteinase-9,9606,,,IC50,nM,UO_0000065,,14.0,,14.0,O=C(O)C(CCN1C(=O)c2ccccc2C1=O)S(=O)(=O)c1ccc(-c2ccc(Cl)cc2)cc1,active
,,1726205,[],CHEMBL870165,Inhibition of MMP9,B,,,BAO_0000190,BAO_0000357,single protein format,O=C(O)C(CN1C(=O)c2ccccc2C1=O)S(=O)(=O)c1ccc(-c2ccc(Cl)cc2)cc1,,,CHEMBL1148518,Bioorg Med Chem Lett,2006.0,"{'bei': '12.72', 'le': '0.26', 'lle': '2.45', 'sei': '5.49'}",,CHEMBL209077,,CHEMBL209077,5.98,0,http://www.openphacts.org/units/Nanomolar,489480,=,1,1,=,,IC50,nM,,1049.0,CHEMBL321,Homo sapiens,Matrix metalloproteinase-9,9606,,,IC50,nM,UO_0000065,,1049.0,,1049.0,O=C(O)C(CN1C(=O)c2ccccc2C1=O)S(=O)(=O)c1ccc(-c2ccc(Cl)cc2)cc1,intermediate
,,1748552,[],CHEMBL871517,Inhibition of human MMP9,B,,,BAO_0000190,BAO_0000357,single protein format,O=C(O)c1cc(Cc2ccc(O)c(C(=O)O)c2)ccc1O,,,CHEMBL1146035,J Med Chem,2006.0,"{'bei': '15.13', 'le': '0.28', 'lle': '2.28', 'sei': '3.79'}",,CHEMBL115145,,CHEMBL115145,4.36,0,http://www.openphacts.org/units/Nanomolar,543130,=,1,1,=,,IC50,nM,,43400.0,CHEMBL321,Homo sapiens,Matrix metalloproteinase-9,9606,,,IC50,uM,UO_0000065,,43.4,,43400.0,O=C(O)c1cc(Cc2ccc(O)c(C(=O)O)c2)ccc1O,inactive
,,1748554,[],CHEMBL871517,Inhibition of human MMP9,B,,,BAO_0000190,BAO_0000357,single protein format,O=C(O)C1=NN(c2ccc(S(=O)(=O)O)cc2)/C(=N\c2nc3ccccc3s2)C1,,,CHEMBL1146035,J Med Chem,2006.0,"{'bei': '10.14', 'le': '0.21', 'lle': '1.30', 'sei': '3.19'}",,CHEMBL438832,,CHEMBL438832,4.22,0,http://www.openphacts.org/units/Nanomolar,543139,=,1,1,=,,IC50,nM,,60100.0,CHEMBL321,Homo sapiens,Matrix metalloproteinase-9,9606,,,IC50,uM,UO_0000065,,60.1,,60100.0,O=C(O)C1=NN(c2ccc(S(=O)(=O)O)cc2)/C(=N\c2nc3ccccc3s2)C1,inactive
,,1748555,[],CHEMBL871517,Inhibition of human MMP9,B,,,BAO_0000190,BAO_0000357,single protein format,Cc1ccc(C)n1-c1ccc(C(=O)O)c(O)c1,,,CHEMBL1146035,J Med Chem,2006.0,"{'bei': '18.88', 'le': '0.35', 'lle': '1.87', 'sei': '6.99'}",,CHEMBL212723,,CHEMBL212723,4.37,0,http://www.openphacts.org/units/Nanomolar,543136,=,1,1,=,,IC50,nM,,43000.0,CHEMBL321,Homo sapiens,Matrix metalloproteinase-9,9606,,,IC50,uM,UO_0000065,,43.0,,43000.0,Cc1ccc(C)n1-c1ccc(C(=O)O)c(O)c1,inactive
,,1748556,[],CHEMBL871517,Inhibition of human MMP9,B,,,BAO_0000190,BAO_0000357,single protein format,CSc1ccc(/C=C2\N=CN(NS(=O)(=O)c3ccc(Cl)c(C(=O)O)c3)C2=O)cc1,,,CHEMBL1146035,J Med Chem,2006.0,"{'bei': '10.02', 'le': '0.21', 'lle': '1.66', 'sei': '3.90'}",,CHEMBL213158,,CHEMBL213158,4.53,0,http://www.openphacts.org/units/Nanomolar,543132,=,1,1,=,,IC50,nM,,29600.0,CHEMBL321,Homo sapiens,Matrix metalloproteinase-9,9606,,,IC50,uM,UO_0000065,,29.6,,29600.0,CSc1ccc(/C=C2\N=CN(NS(=O)(=O)c3ccc(Cl)c(C(=O)O)c3)C2=O)cc1,inactive
,,1759286,[],CHEMBL866143,Inhibition of MMP9,B,,,BAO_0000190,BAO_0000357,single protein format,CC#CCOc1ccc(S(=O)(=O)CC2(C(=O)NO)CCN(S(=O)(=O)CCCC)CC2)cc1,,,CHEMBL1138965,Bioorg Med Chem Lett,2006.0,"{'bei': '15.87', 'le': '0.33', 'lle': '6.14', 'sei': '5.94'}",,CHEMBL379763,,CHEMBL379763,7.72,0,http://www.openphacts.org/units/Nanomolar,524671,=,1,1,=,,IC50,nM,,19.0,CHEMBL321,Homo sapiens,Matrix metalloproteinase-9,9606,,,IC50,nM,UO_0000065,,19.0,,19.0,CC#CCOc1ccc(S(=O)(=O)CC2(C(=O)NO)CCN(S(=O)(=O)CCCC)CC2)cc1,active
,,1759293,[],CHEMBL866143,Inhibition of MMP9,B,,,BAO_0000190,BAO_0000357,single protein format,CC#CCOc1ccc(S(=O)(=O)CC2(C(=O)NO)CCN(S(=O)(=O)C(C)C)CC2)cc1,,,CHEMBL1138965,Bioorg Med Chem Lett,2006.0,"{'bei': '12.22', 'le': '0.25', 'lle': '4.59', 'sei': '4.44'}",,CHEMBL209970,,CHEMBL209970,5.78,0,http://www.openphacts.org/units/Nanomolar,524670,=,1,1,=,,IC50,nM,,1670.0,CHEMBL321,Homo sapiens,Matrix metalloproteinase-9,9606,,,IC50,nM,UO_0000065,,1670.0,,1670.0,CC#CCOc1ccc(S(=O)(=O)CC2(C(=O)NO)CCN(S(=O)(=O)C(C)C)CC2)cc1,intermediate
,,1759300,[],CHEMBL866143,Inhibition of MMP9,B,,,BAO_0000190,BAO_0000357,single protein format,CC#CCOc1ccc(S(=O)(=O)CC2(C(=O)NO)CCN(S(=O)(=O)Cc3ccccc3)CC2)cc1,,,CHEMBL1138965,Bioorg Med Chem Lett,2006.0,"{'bei': '14.83', 'le': '0.30', 'lle': '5.74', 'sei': '5.94'}",,CHEMBL210133,,CHEMBL210133,7.72,0,http://www.openphacts.org/units/Nanomolar,524669,=,1,1,=,,IC50,nM,,19.0,CHEMBL321,Homo sapiens,Matrix metalloproteinase-9,9606,,,IC50,nM,UO_0000065,,19.0,,19.0,CC#CCOc1ccc(S(=O)(=O)CC2(C(=O)NO)CCN(S(=O)(=O)Cc3ccccc3)CC2)cc1,active
,,1759320,[],CHEMBL866143,Inhibition of MMP9,B,,,BAO_0000190,BAO_0000357,single protein format,CC#CCOc1ccc(S(=O)(=O)CC2(C(=O)NO)CCN(C(=O)c3ccc(C)cc3)CC2)cc1,,,CHEMBL1138965,Bioorg Med Chem Lett,2006.0,"{'bei': '12.47', 'le': '0.24', 'lle': '3.44', 'sei': '5.35'}",,CHEMBL377862,,CHEMBL377862,6.04,0,http://www.openphacts.org/units/Nanomolar,524666,=,1,1,=,,IC50,nM,,907.0,CHEMBL321,Homo sapiens,Matrix metalloproteinase-9,9606,,,IC50,nM,UO_0000065,,907.0,,907.0,CC#CCOc1ccc(S(=O)(=O)CC2(C(=O)NO)CCN(C(=O)c3ccc(C)cc3)CC2)cc1,active
,,1759334,[],CHEMBL866143,Inhibition of MMP9,B,,,BAO_0000190,BAO_0000357,single protein format,CC#CCOc1ccc(S(=O)(=O)CC2(C(=O)NO)CCN(C(=O)c3ccncc3)CC2)cc1,,,CHEMBL1138965,Bioorg Med Chem Lett,2006.0,"{'bei': '14.25', 'le': '0.28', 'lle': '5.03', 'sei': '5.34'}",,CHEMBL377317,,CHEMBL377317,6.72,0,http://www.openphacts.org/units/Nanomolar,524664,=,1,1,=,,IC50,nM,,191.0,CHEMBL321,Homo sapiens,Matrix metalloproteinase-9,9606,,,IC50,nM,UO_0000065,,191.0,,191.0,CC#CCOc1ccc(S(=O)(=O)CC2(C(=O)NO)CCN(C(=O)c3ccncc3)CC2)cc1,active
,,1759342,[],CHEMBL866143,Inhibition of MMP9,B,,,BAO_0000190,BAO_0000357,single protein format,CC#CCOc1ccc(S(=O)(=O)CC2(C(=O)NO)CCN(C(=O)c3ccccc3C)CC2)cc1,,,CHEMBL1138965,Bioorg Med Chem Lett,2006.0,"{'bei': '14.79', 'le': '0.29', 'lle': '4.57', 'sei': '6.34'}",,CHEMBL211726,,CHEMBL211726,7.17,0,http://www.openphacts.org/units/Nanomolar,524663,=,1,1,=,,IC50,nM,,68.0,CHEMBL321,Homo sapiens,Matrix metalloproteinase-9,9606,,,IC50,nM,UO_0000065,,68.0,,68.0,CC#CCOc1ccc(S(=O)(=O)CC2(C(=O)NO)CCN(C(=O)c3ccccc3C)CC2)cc1,active
,,1759350,[],CHEMBL866143,Inhibition of MMP9,B,,,BAO_0000190,BAO_0000357,single protein format,CC#CCOc1ccc(S(=O)(=O)CC2(C(=O)NO)CCN(C(=O)c3ccccc3)CC2)cc1,,,CHEMBL1138965,Bioorg Med Chem Lett,2006.0,"{'bei': '13.48', 'le': '0.26', 'lle': '4.05', 'sei': '5.61'}",,CHEMBL212481,,CHEMBL212481,6.34,0,http://www.openphacts.org/units/Nanomolar,524662,=,1,1,=,,IC50,nM,,454.0,CHEMBL321,Homo sapiens,Matrix metalloproteinase-9,9606,,,IC50,nM,UO_0000065,,454.0,,454.0,CC#CCOc1ccc(S(=O)(=O)CC2(C(=O)NO)CCN(C(=O)c3ccccc3)CC2)cc1,active
,,1759358,[],CHEMBL866143,Inhibition of MMP9,B,,,BAO_0000190,BAO_0000357,single protein format,CC#CCOc1ccc(S(=O)(=O)CC2(C(=O)NO)CCN(C(=O)C(C)(CO)CO)CC2)cc1,,,CHEMBL1138965,Bioorg Med Chem Lett,2006.0,"{'bei': '12.46', 'le': '0.25', 'lle': '6.04', 'sei': '3.92'}",,CHEMBL211274,,CHEMBL211274,6.01,0,http://www.openphacts.org/units/Nanomolar,524661,=,1,1,=,,IC50,nM,,972.0,CHEMBL321,Homo sapiens,Matrix metalloproteinase-9,9606,,,IC50,nM,UO_0000065,,972.0,,972.0,CC#CCOc1ccc(S(=O)(=O)CC2(C(=O)NO)CCN(C(=O)C(C)(CO)CO)CC2)cc1,active
,,1759366,[],CHEMBL866143,Inhibition of MMP9,B,,,BAO_0000190,BAO_0000357,single protein format,CC#CCOc1ccc(S(=O)(=O)CC2(C(=O)NO)CCN(C(=O)CCCN(C)C)CC2)cc1,,,CHEMBL1138965,Bioorg Med Chem Lett,2006.0,"{'bei': '11.83', 'le': '0.23', 'lle': '4.35', 'sei': '4.88'}",,CHEMBL425783,,CHEMBL425783,5.67,0,http://www.openphacts.org/units/Nanomolar,524660,=,1,1,=,,IC50,nM,,2120.0,CHEMBL321,Homo sapiens,Matrix metalloproteinase-9,9606,,,IC50,nM,UO_0000065,,2120.0,,2120.0,CC#CCOc1ccc(S(=O)(=O)CC2(C(=O)NO)CCN(C(=O)CCCN(C)C)CC2)cc1,intermediate
,,1759374,[],CHEMBL866143,Inhibition of MMP9,B,,,BAO_0000190,BAO_0000357,single protein format,CC#CCOc1ccc(S(=O)(=O)CC2(C(=O)NO)CCN(C(=O)CN3CCOCC3)CC2)cc1,,,CHEMBL1138965,Bioorg Med Chem Lett,2006.0,"{'bei': '12.27', 'le': '0.24', 'lle': '5.75', 'sei': '4.83'}",,CHEMBL208841,,CHEMBL208841,6.06,0,http://www.openphacts.org/units/Nanomolar,524659,=,1,1,=,,IC50,nM,,879.0,CHEMBL321,Homo sapiens,Matrix metalloproteinase-9,9606,,,IC50,nM,UO_0000065,,879.0,,879.0,CC#CCOc1ccc(S(=O)(=O)CC2(C(=O)NO)CCN(C(=O)CN3CCOCC3)CC2)cc1,active
,,1759383,[],CHEMBL866143,Inhibition of MMP9,B,,,BAO_0000190,BAO_0000357,single protein format,CC#CCOc1ccc(S(=O)(=O)CC2(C(=O)NO)CCN(C(=O)CCCCC)CC2)cc1,,,CHEMBL1138965,Bioorg Med Chem Lett,2006.0,"{'bei': '12.85', 'le': '0.25', 'lle': '3.41', 'sei': '5.28'}",,CHEMBL212205,,CHEMBL212205,5.97,0,http://www.openphacts.org/units/Nanomolar,524657,=,1,1,=,,IC50,nM,,1070.0,CHEMBL321,Homo sapiens,Matrix metalloproteinase-9,9606,,,IC50,nM,UO_0000065,,1070.0,,1070.0,CC#CCOc1ccc(S(=O)(=O)CC2(C(=O)NO)CCN(C(=O)CCCCC)CC2)cc1,intermediate
,,1759405,[],CHEMBL866143,Inhibition of MMP9,B,,,BAO_0000190,BAO_0000357,single protein format,CC#CCOc1ccc(S(=O)(=O)CC2(C(=O)NO)CCN(C(C)=O)CC2)cc1,,,CHEMBL1138965,Bioorg Med Chem Lett,2006.0,"{'bei': '15.25', 'le': '0.30', 'lle': '5.23', 'sei': '5.51'}",,CHEMBL380049,,CHEMBL380049,6.23,0,http://www.openphacts.org/units/Nanomolar,524654,=,1,1,=,,IC50,nM,,591.0,CHEMBL321,Homo sapiens,Matrix metalloproteinase-9,9606,,,IC50,nM,UO_0000065,,591.0,,591.0,CC#CCOc1ccc(S(=O)(=O)CC2(C(=O)NO)CCN(C(C)=O)CC2)cc1,active
,,1815815,[],CHEMBL911378,Inhibition of MMP9,B,,,BAO_0000190,BAO_0000357,single protein format,O=C(NO)[C@H]1CC2(CC2)CN[C@@H]1C(=O)N1CCN(c2ccccc2)CC1,,,CHEMBL1141384,J Med Chem,2007.0,"{'bei': '17.26', 'le': '0.32', 'lle': '5.59', 'sei': '7.29'}",,CHEMBL221857,,CHEMBL221857,6.19,0,http://www.openphacts.org/units/Nanomolar,624760,=,1,1,=,,IC50,nM,,650.0,CHEMBL321,Homo sapiens,Matrix metalloproteinase-9,9606,,,IC50,nM,UO_0000065,,650.0,,650.0,O=C(NO)[C@H]1CC2(CC2)CN[C@@H]1C(=O)N1CCN(c2ccccc2)CC1,active
,,1815874,[],CHEMBL911378,Inhibition of MMP9,B,,,BAO_0000190,BAO_0000357,single protein format,COC(=O)N1CC2(CC2)C[C@H](C(=O)NO)[C@H]1C(=O)N1CC=C(c2ccccc2)CC1,,,CHEMBL1141384,J Med Chem,2007.0,"{'bei': '15.40', 'le': '0.29', 'lle': '4.33', 'sei': '6.42'}",,CHEMBL434567,,CHEMBL434567,6.37,0,http://www.openphacts.org/units/Nanomolar,624772,=,1,1,=,,IC50,nM,,428.0,CHEMBL321,Homo sapiens,Matrix metalloproteinase-9,9606,,,IC50,nM,UO_0000065,,428.0,,428.0,COC(=O)N1CC2(CC2)C[C@H](C(=O)NO)[C@H]1C(=O)N1CC=C(c2ccccc2)CC1,active
,,1815877,[],CHEMBL911378,Inhibition of MMP9,B,,,BAO_0000190,BAO_0000357,single protein format,O=C(NO)[C@H]1CC2(CC2)CN[C@@H]1C(=O)N1CC=C(c2ccccc2)C1,,,CHEMBL1141384,J Med Chem,2007.0,"{'bei': '20.84', 'le': '0.39', 'lle': '5.93', 'sei': '8.71'}",,CHEMBL375418,,CHEMBL375418,7.11,0,http://www.openphacts.org/units/Nanomolar,624769,=,1,1,=,,IC50,nM,,77.0,CHEMBL321,Homo sapiens,Matrix metalloproteinase-9,9606,,,IC50,nM,UO_0000065,,77.0,,77.0,O=C(NO)[C@H]1CC2(CC2)CN[C@@H]1C(=O)N1CC=C(c2ccccc2)C1,active
,,1815885,[],CHEMBL911378,Inhibition of MMP9,B,,,BAO_0000190,BAO_0000357,single protein format,O=C(NO)[C@H]1CC2(CC2)CN[C@@H]1C(=O)N1CC=C(c2ccccc2)CC1,,,CHEMBL1141384,J Med Chem,2007.0,"{'bei': '19.54', 'le': '0.36', 'lle': '5.38', 'sei': '8.51'}",,CHEMBL373532,,CHEMBL373532,6.95,0,http://www.openphacts.org/units/Nanomolar,624761,=,1,1,=,,IC50,nM,,113.0,CHEMBL321,Homo sapiens,Matrix metalloproteinase-9,9606,,,IC50,nM,UO_0000065,,113.0,,113.0,O=C(NO)[C@H]1CC2(CC2)CN[C@@H]1C(=O)N1CC=C(c2ccccc2)CC1,active
,,1838040,[],CHEMBL919964,Inhibition of MMP9,B,,,BAO_0000190,BAO_0000357,single protein format,CC#CCOc1ccc(S(=O)(=O)C2(C(=O)NO)CCN(Cc3ccc(Br)cc3)CC2)cc1,,,CHEMBL1149252,J Med Chem,2004.0,"{'bei': '12.30', 'le': '0.27', 'lle': '3.24', 'sei': '6.69'}",,CHEMBL222854,,CHEMBL222854,6.42,0,http://www.openphacts.org/units/Nanomolar,629690,=,1,1,=,,IC50,nM,,385.0,CHEMBL321,Homo sapiens,Matrix metalloproteinase-9,9606,,,IC50,nM,UO_0000065,,385.0,,385.0,CC#CCOc1ccc(S(=O)(=O)C2(C(=O)NO)CCN(Cc3ccc(Br)cc3)CC2)cc1,active
,,1838041,[],CHEMBL919964,Inhibition of MMP9,B,,,BAO_0000190,BAO_0000357,single protein format,C#CCOc1ccc(S(=O)(=O)C2(C(=O)NO)CCN(Cc3ccc(Br)cc3)CC2)cc1,,,CHEMBL1149252,J Med Chem,2004.0,"{'bei': '16.20', 'le': '0.36', 'lle': '5.44', 'sei': '8.57'}",,CHEMBL221717,,CHEMBL221717,8.22,0,http://www.openphacts.org/units/Nanomolar,629689,=,1,1,=,,IC50,nM,,6.0,CHEMBL321,Homo sapiens,Matrix metalloproteinase-9,9606,,,IC50,nM,UO_0000065,,6.0,,6.0,C#CCOc1ccc(S(=O)(=O)C2(C(=O)NO)CCN(Cc3ccc(Br)cc3)CC2)cc1,active
,,1838042,[],CHEMBL919964,Inhibition of MMP9,B,,,BAO_0000190,BAO_0000357,single protein format,CCCCOc1ccc(S(=O)(=O)C2(C(=O)NO)CCN(Cc3ccc(Br)cc3)CC2)cc1,,,CHEMBL1149252,J Med Chem,2004.0,"{'bei': '15.22', 'le': '0.34', 'lle': '4.06', 'sei': '8.34'}",,CHEMBL222934,,CHEMBL222934,8.00,0,http://www.openphacts.org/units/Nanomolar,629688,=,1,1,=,,IC50,nM,,10.0,CHEMBL321,Homo sapiens,Matrix metalloproteinase-9,9606,,,IC50,nM,UO_0000065,,10.0,,10.0,CCCCOc1ccc(S(=O)(=O)C2(C(=O)NO)CCN(Cc3ccc(Br)cc3)CC2)cc1,active
,,1838049,[],CHEMBL919964,Inhibition of MMP9,B,,,BAO_0000190,BAO_0000357,single protein format,CC#CCOc1ccc(S(=O)(=O)C(C(=O)NO)C2CC[S+]([O-])CC2)cc1,,,CHEMBL1149252,J Med Chem,2004.0,"{'bei': '12.52', 'le': '0.26', 'lle': '4.10', 'sei': '4.32'}",,CHEMBL222303,,CHEMBL222303,5.00,0,http://www.openphacts.org/units/Nanomolar,629681,=,1,1,=,,IC50,nM,,10000.0,CHEMBL321,Homo sapiens,Matrix metalloproteinase-9,9606,,,IC50,nM,UO_0000065,,10000.0,,10000.0,CC#CCOc1ccc(S(=O)(=O)C(C(=O)NO)C2CC[S+]([O-])CC2)cc1,inactive
,,1838053,[],CHEMBL919964,Inhibition of MMP9,B,,,BAO_0000190,BAO_0000357,single protein format,CC#CCOc1ccc(SC(C(=O)NO)C2CCCCC2)cc1,,,CHEMBL1149252,J Med Chem,2004.0,"{'bei': '16.56', 'le': '0.33', 'lle': '1.88', 'sei': '9.43'}",,CHEMBL222992,,CHEMBL222992,5.52,0,http://www.openphacts.org/units/Nanomolar,629677,=,1,1,=,,IC50,nM,,3000.0,CHEMBL321,Homo sapiens,Matrix metalloproteinase-9,9606,,,IC50,nM,UO_0000065,,3000.0,,3000.0,CC#CCOc1ccc(SC(C(=O)NO)C2CCCCC2)cc1,intermediate
,,1838058,[],CHEMBL919964,Inhibition of MMP9,B,,,BAO_0000190,BAO_0000357,single protein format,CC#CCOc1ccc(S(=O)(=O)C(C(=O)NO)c2ccccc2)cc1,,,CHEMBL1149252,J Med Chem,2004.0,"{'bei': '19.22', 'le': '0.38', 'lle': '4.80', 'sei': '7.45'}",,CHEMBL222309,,CHEMBL222309,6.91,0,http://www.openphacts.org/units/Nanomolar,629672,=,1,1,=,,IC50,nM,,124.0,CHEMBL321,Homo sapiens,Matrix metalloproteinase-9,9606,,,IC50,nM,UO_0000065,,124.0,,124.0,CC#CCOc1ccc(S(=O)(=O)C(C(=O)NO)c2ccccc2)cc1,active
,,1838062,[],CHEMBL919964,Inhibition of MMP9,B,,,BAO_0000190,BAO_0000357,single protein format,CC#CCOc1ccc(S(=O)(=O)C(C(=O)NO)C(C)C)cc1,,,CHEMBL1149252,J Med Chem,2004.0,"{'bei': '18.13', 'le': '0.37', 'lle': '4.51', 'sei': '6.36'}",,CHEMBL222594,,CHEMBL222594,5.90,0,http://www.openphacts.org/units/Nanomolar,629668,=,1,1,=,,IC50,nM,,1262.0,CHEMBL321,Homo sapiens,Matrix metalloproteinase-9,9606,,,IC50,nM,UO_0000065,,1262.0,,1262.0,CC#CCOc1ccc(S(=O)(=O)C(C(=O)NO)C(C)C)cc1,intermediate
,,1838063,[],CHEMBL919964,Inhibition of MMP9,B,,,BAO_0000190,BAO_0000357,single protein format,CC#CCOc1ccc([S@@+]([O-])[C@H](C(=O)NO)C(C)C)cc1,,,CHEMBL1149252,J Med Chem,2004.0,"{'bei': '20.68', 'le': '0.42', 'lle': '4.67', 'sei': '7.84'}",,CHEMBL3085322,,CHEMBL3085322,6.40,0,http://www.openphacts.org/units/Nanomolar,629667,=,1,1,=,,IC50,nM,,399.0,CHEMBL321,Homo sapiens,Matrix metalloproteinase-9,9606,,,IC50,nM,UO_0000065,,399.0,,399.0,CC#CCOc1ccc([S@@+]([O-])[C@H](C(=O)NO)C(C)C)cc1,active
,,1838065,[],CHEMBL919964,Inhibition of MMP9,B,,,BAO_0000190,BAO_0000357,single protein format,CC#CCOc1ccc(S(=O)(=O)C(CCCCCC)C(=O)NO)cc1,,,CHEMBL1149252,J Med Chem,2004.0,"{'bei': '15.24', 'le': '0.31', 'lle': '2.89', 'sei': '6.04'}",,CHEMBL376314,,CHEMBL376314,5.60,0,http://www.openphacts.org/units/Nanomolar,629665,=,1,1,=,,IC50,nM,,2500.0,CHEMBL321,Homo sapiens,Matrix metalloproteinase-9,9606,,,IC50,nM,UO_0000065,,2500.0,,2500.0,CC#CCOc1ccc(S(=O)(=O)C(CCCCCC)C(=O)NO)cc1,intermediate
,,1838066,[],CHEMBL919964,Inhibition of MMP9,B,,,BAO_0000190,BAO_0000357,single protein format,CC#CCOc1ccc([S@+]([O-])[C@H](CCCCCC)C(=O)NO)cc1,,,CHEMBL1149252,J Med Chem,2004.0,"{'bei': '17.07', 'le': '0.34', 'lle': '2.96', 'sei': '7.35'}",,CHEMBL3350246,,CHEMBL3350246,6.00,0,http://www.openphacts.org/units/Nanomolar,629664,=,1,1,=,,IC50,nM,,1000.0,CHEMBL321,Homo sapiens,Matrix metalloproteinase-9,9606,,,IC50,nM,UO_0000065,,1000.0,,1000.0,CC#CCOc1ccc([S@+]([O-])[C@H](CCCCCC)C(=O)NO)cc1,active
,,1838067,[],CHEMBL919964,Inhibition of MMP9,B,,,BAO_0000190,BAO_0000357,single protein format,CC#CCOc1ccc([S@@+]([O-])[C@@H](CCCCCC)C(=O)NO)cc1,,,CHEMBL1149252,J Med Chem,2004.0,"{'bei': '16.57', 'le': '0.33', 'lle': '2.78', 'sei': '7.14'}",,CHEMBL3350685,,CHEMBL3350685,5.82,0,http://www.openphacts.org/units/Nanomolar,629663,=,1,1,=,,IC50,nM,,1500.0,CHEMBL321,Homo sapiens,Matrix metalloproteinase-9,9606,,,IC50,nM,UO_0000065,,1500.0,,1500.0,CC#CCOc1ccc([S@@+]([O-])[C@@H](CCCCCC)C(=O)NO)cc1,intermediate
,,1838068,[],CHEMBL919964,Inhibition of MMP9,B,,,BAO_0000190,BAO_0000357,single protein format,CC#CCOc1ccc(SC(CCCCCC)C(=O)NO)cc1,,,CHEMBL1149252,J Med Chem,2004.0,"{'bei': '16.46', 'le': '0.33', 'lle': '1.49', 'sei': '9.43'}",,CHEMBL223888,,CHEMBL223888,5.52,0,http://www.openphacts.org/units/Nanomolar,629662,=,1,1,=,,IC50,nM,,3000.0,CHEMBL321,Homo sapiens,Matrix metalloproteinase-9,9606,,,IC50,nM,UO_0000065,,3000.0,,3000.0,CC#CCOc1ccc(SC(CCCCCC)C(=O)NO)cc1,intermediate
,,1838069,[],CHEMBL919964,Inhibition of MMP9,B,,,BAO_0000190,BAO_0000357,single protein format,CCCCCCC(C(=O)NO)S(=O)(=O)c1ccc(OC)cc1,,,CHEMBL1149252,J Med Chem,2004.0,"{'bei': '21.02', 'le': '0.43', 'lle': '4.61', 'sei': '7.47'}",,CHEMBL375319,,CHEMBL375319,6.92,0,http://www.openphacts.org/units/Nanomolar,629661,=,1,1,=,,IC50,nM,,119.0,CHEMBL321,Homo sapiens,Matrix metalloproteinase-9,9606,,,IC50,nM,UO_0000065,,119.0,,119.0,CCCCCCC(C(=O)NO)S(=O)(=O)c1ccc(OC)cc1,active
,,1838070,[],CHEMBL919964,Inhibition of MMP9,B,,,BAO_0000190,BAO_0000357,single protein format,CCCCCC[C@@H](C(=O)NO)[S@@+]([O-])c1ccc(OC)cc1,,,CHEMBL1149252,J Med Chem,2004.0,"{'bei': '21.79', 'le': '0.44', 'lle': '4.18', 'sei': '8.37'}",,CHEMBL2096852,,CHEMBL2096852,6.83,0,http://www.openphacts.org/units/Nanomolar,629660,=,1,1,=,,IC50,nM,,148.0,CHEMBL321,Homo sapiens,Matrix metalloproteinase-9,9606,,,IC50,nM,UO_0000065,,148.0,,148.0,CCCCCC[C@@H](C(=O)NO)[S@@+]([O-])c1ccc(OC)cc1,active
,,1838071,[],CHEMBL919964,Inhibition of MMP9,B,,,BAO_0000190,BAO_0000357,single protein format,CCCCCC[C@@H](C(=O)NO)[S@+]([O-])c1ccc(OC)cc1,,,CHEMBL1149252,J Med Chem,2004.0,"{'bei': '21.47', 'le': '0.44', 'lle': '4.08', 'sei': '8.25'}",,CHEMBL2096738,,CHEMBL2096738,6.73,0,http://www.openphacts.org/units/Nanomolar,629659,=,1,1,=,,IC50,nM,,186.0,CHEMBL321,Homo sapiens,Matrix metalloproteinase-9,9606,,,IC50,nM,UO_0000065,,186.0,,186.0,CCCCCC[C@@H](C(=O)NO)[S@+]([O-])c1ccc(OC)cc1,active
,,1838075,[],CHEMBL919964,Inhibition of MMP9,B,,,BAO_0000190,BAO_0000357,single protein format,CC#CCOc1ccc(S(=O)(=O)C2(C(=O)NO)CCN(Cc3ccccc3)CC2)cc1,,,CHEMBL1149252,J Med Chem,2004.0,"{'bei': '15.43', 'le': '0.30', 'lle': '4.43', 'sei': '7.12'}",,CHEMBL385312,,CHEMBL385312,6.83,0,http://www.openphacts.org/units/Nanomolar,629694,=,1,1,=,,IC50,nM,,148.0,CHEMBL321,Homo sapiens,Matrix metalloproteinase-9,9606,,,IC50,nM,UO_0000065,,148.0,,148.0,CC#CCOc1ccc(S(=O)(=O)C2(C(=O)NO)CCN(Cc3ccccc3)CC2)cc1,active
,,1838076,[],CHEMBL919964,Inhibition of MMP9,B,,,BAO_0000190,BAO_0000357,single protein format,C#CCOc1ccc(S(=O)(=O)C2(C(=O)NO)CCN(Cc3ccccc3)CC2)cc1,,,CHEMBL1149252,J Med Chem,2004.0,"{'bei': '18.07', 'le': '0.35', 'lle': '5.73', 'sei': '8.07'}",,CHEMBL373831,,CHEMBL373831,7.75,0,http://www.openphacts.org/units/Nanomolar,629695,=,1,1,=,,IC50,nM,,18.0,CHEMBL321,Homo sapiens,Matrix metalloproteinase-9,9606,,,IC50,nM,UO_0000065,,18.0,,18.0,C#CCOc1ccc(S(=O)(=O)C2(C(=O)NO)CCN(Cc3ccccc3)CC2)cc1,active
,,1838077,[],CHEMBL919964,Inhibition of MMP9,B,,,BAO_0000190,BAO_0000357,single protein format,CC#CCOc1ccc(S(=O)(=O)C2(C(=O)NO)CCN(Cc3ccc(OC)cc3)CC2)cc1,,,CHEMBL1149252,J Med Chem,2004.0,"{'bei': '14.36', 'le': '0.28', 'lle': '4.38', 'sei': '6.45'}",,CHEMBL222714,,CHEMBL222714,6.79,0,http://www.openphacts.org/units/Nanomolar,629696,=,1,1,=,,IC50,nM,,164.0,CHEMBL321,Homo sapiens,Matrix metalloproteinase-9,9606,,,IC50,nM,UO_0000065,,164.0,,164.0,CC#CCOc1ccc(S(=O)(=O)C2(C(=O)NO)CCN(Cc3ccc(OC)cc3)CC2)cc1,active
,,1858001,[],CHEMBL918801,Inhibition of human recombinant MMP9 expressed in mouse myeloma cells,B,,,BAO_0000190,BAO_0000219,cell-based format,COc1ccc(-c2ccc(S(=O)(=O)N[C@@H](C(C)C)P(=O)(O)O)cc2)cc1,,,CHEMBL1144553,Bioorg Med Chem,2007.0,"{'bei': '20.27', 'le': '0.43', 'lle': '5.30', 'sei': '7.17'}",,CHEMBL202932,,CHEMBL202932,8.10,0,http://www.openphacts.org/units/Nanomolar,634142,=,1,1,=,,IC50,nM,,8.0,CHEMBL321,Homo sapiens,Matrix metalloproteinase-9,9606,,,IC50,nM,UO_0000065,,8.0,,8.0,COc1ccc(-c2ccc(S(=O)(=O)N[C@@H](C(C)C)P(=O)(O)O)cc2)cc1,active
,,1858002,[],CHEMBL918801,Inhibition of human recombinant MMP9 expressed in mouse myeloma cells,B,,,BAO_0000190,BAO_0000219,cell-based format,COc1ccc(CCc2ccc(S(=O)(=O)N[C@@H](C(C)C)P(=O)(O)O)cc2)cc1,,,CHEMBL1144553,Bioorg Med Chem,2007.0,"{'bei': '14.43', 'le': '0.30', 'lle': '3.25', 'sei': '5.46'}",,CHEMBL228141,,CHEMBL228141,6.17,0,http://www.openphacts.org/units/Nanomolar,634152,=,1,1,=,,IC50,nM,,680.0,CHEMBL321,Homo sapiens,Matrix metalloproteinase-9,9606,,,IC50,nM,UO_0000065,,680.0,,680.0,COc1ccc(CCc2ccc(S(=O)(=O)N[C@@H](C(C)C)P(=O)(O)O)cc2)cc1,active
,,1858003,[],CHEMBL918801,Inhibition of human recombinant MMP9 expressed in mouse myeloma cells,B,,,BAO_0000190,BAO_0000219,cell-based format,CC(C)[C@H](NS(=O)(=O)c1ccc(CCc2ccccc2)cc1)P(=O)(O)O,,,CHEMBL1144553,Bioorg Med Chem,2007.0,"{'bei': '12.96', 'le': '0.27', 'lle': '2.24', 'sei': '4.97'}",,CHEMBL227553,,CHEMBL227553,5.15,0,http://www.openphacts.org/units/Nanomolar,634151,=,1,1,=,,IC50,nM,,7100.0,CHEMBL321,Homo sapiens,Matrix metalloproteinase-9,9606,,,IC50,nM,UO_0000065,,7100.0,,7100.0,CC(C)[C@H](NS(=O)(=O)c1ccc(CCc2ccccc2)cc1)P(=O)(O)O,intermediate
,,1858004,[],CHEMBL918801,Inhibition of human recombinant MMP9 expressed in mouse myeloma cells,B,,,BAO_0000190,BAO_0000219,cell-based format,Cc1cccc(-c2ccc(S(=O)(=O)N[C@@H](C(C)C)P(=O)(O)O)cc2)c1,,,CHEMBL1144553,Bioorg Med Chem,2007.0,"{'bei': '18.76', 'le': '0.39', 'lle': '4.09', 'sei': '6.94'}",,CHEMBL227501,,CHEMBL227501,7.19,0,http://www.openphacts.org/units/Nanomolar,634150,=,1,1,=,,IC50,nM,,64.0,CHEMBL321,Homo sapiens,Matrix metalloproteinase-9,9606,,,IC50,nM,UO_0000065,,64.0,,64.0,Cc1cccc(-c2ccc(S(=O)(=O)N[C@@H](C(C)C)P(=O)(O)O)cc2)c1,active
,,1858005,[],CHEMBL918801,Inhibition of human recombinant MMP9 expressed in mouse myeloma cells,B,,,BAO_0000190,BAO_0000219,cell-based format,CC(C)[C@H](NS(=O)(=O)c1ccc(-c2cccc(Cl)c2)cc1)P(=O)(O)O,,,CHEMBL1144553,Bioorg Med Chem,2007.0,"{'bei': '16.83', 'le': '0.37', 'lle': '3.35', 'sei': '6.55'}",,CHEMBL228188,,CHEMBL228188,6.80,0,http://www.openphacts.org/units/Nanomolar,634149,=,1,1,=,,IC50,nM,,160.0,CHEMBL321,Homo sapiens,Matrix metalloproteinase-9,9606,,,IC50,nM,UO_0000065,,160.0,,160.0,CC(C)[C@H](NS(=O)(=O)c1ccc(-c2cccc(Cl)c2)cc1)P(=O)(O)O,active
,,1858006,[],CHEMBL918801,Inhibition of human recombinant MMP9 expressed in mouse myeloma cells,B,,,BAO_0000190,BAO_0000219,cell-based format,CC(C)[C@H](NS(=O)(=O)c1ccc(-c2cccc(F)c2)cc1)P(=O)(O)O,,,CHEMBL1144553,Bioorg Med Chem,2007.0,"{'bei': '17.48', 'le': '0.37', 'lle': '3.84', 'sei': '6.53'}",,CHEMBL228187,,CHEMBL228187,6.77,0,http://www.openphacts.org/units/Nanomolar,634148,=,1,1,=,,IC50,nM,,170.0,CHEMBL321,Homo sapiens,Matrix metalloproteinase-9,9606,,,IC50,nM,UO_0000065,,170.0,,170.0,CC(C)[C@H](NS(=O)(=O)c1ccc(-c2cccc(F)c2)cc1)P(=O)(O)O,active
,,1858007,[],CHEMBL918801,Inhibition of human recombinant MMP9 expressed in mouse myeloma cells,B,,,BAO_0000190,BAO_0000219,cell-based format,Cc1ccc(-c2ccc(S(=O)(=O)N[C@@H](C(C)C)P(=O)(O)O)cc2)cc1,,,CHEMBL1144553,Bioorg Med Chem,2007.0,"{'bei': '21.88', 'le': '0.46', 'lle': '5.29', 'sei': '8.09'}",,CHEMBL227484,,CHEMBL227484,8.39,0,http://www.openphacts.org/units/Nanomolar,634147,=,1,1,=,,IC50,nM,,4.1,CHEMBL321,Homo sapiens,Matrix metalloproteinase-9,9606,,,IC50,nM,UO_0000065,,4.1,,4.1,Cc1ccc(-c2ccc(S(=O)(=O)N[C@@H](C(C)C)P(=O)(O)O)cc2)cc1,active
,,1858008,[],CHEMBL918801,Inhibition of human recombinant MMP9 expressed in mouse myeloma cells,B,,,BAO_0000190,BAO_0000219,cell-based format,CC(C)[C@H](NS(=O)(=O)c1ccc(-c2ccc(Cl)cc2)cc1)P(=O)(O)O,,,CHEMBL1144553,Bioorg Med Chem,2007.0,"{'bei': '19.01', 'le': '0.42', 'lle': '4.23', 'sei': '7.40'}",,CHEMBL376557,,CHEMBL376557,7.68,0,http://www.openphacts.org/units/Nanomolar,634146,=,1,1,=,,IC50,nM,,21.0,CHEMBL321,Homo sapiens,Matrix metalloproteinase-9,9606,,,IC50,nM,UO_0000065,,21.0,,21.0,CC(C)[C@H](NS(=O)(=O)c1ccc(-c2ccc(Cl)cc2)cc1)P(=O)(O)O,active
,,1858009,[],CHEMBL918801,Inhibition of human recombinant MMP9 expressed in mouse myeloma cells,B,,,BAO_0000190,BAO_0000219,cell-based format,CC(C)[C@H](NS(=O)(=O)c1ccc(-c2ccc(F)cc2)cc1)P(=O)(O)O,,,CHEMBL1144553,Bioorg Med Chem,2007.0,"{'bei': '18.66', 'le': '0.39', 'lle': '4.30', 'sei': '6.97'}",,CHEMBL374377,,CHEMBL374377,7.23,0,http://www.openphacts.org/units/Nanomolar,634145,=,1,1,=,,IC50,nM,,59.0,CHEMBL321,Homo sapiens,Matrix metalloproteinase-9,9606,,,IC50,nM,UO_0000065,,59.0,,59.0,CC(C)[C@H](NS(=O)(=O)c1ccc(-c2ccc(F)cc2)cc1)P(=O)(O)O,active
,,1858010,[],CHEMBL918801,Inhibition of human recombinant MMP9 expressed in mouse myeloma cells,B,,,BAO_0000190,BAO_0000219,cell-based format,CC(C)Oc1ccc(-c2ccc(S(=O)(=O)N[C@@H](C(C)C)P(=O)(O)O)cc2)cc1,,,CHEMBL1144553,Bioorg Med Chem,2007.0,"{'bei': '17.83', 'le': '0.37', 'lle': '4.04', 'sei': '6.75'}",,CHEMBL227598,,CHEMBL227598,7.62,0,http://www.openphacts.org/units/Nanomolar,634144,=,1,1,=,,IC50,nM,,24.0,CHEMBL321,Homo sapiens,Matrix metalloproteinase-9,9606,,,IC50,nM,UO_0000065,,24.0,,24.0,CC(C)Oc1ccc(-c2ccc(S(=O)(=O)N[C@@H](C(C)C)P(=O)(O)O)cc2)cc1,active
,,1858011,[],CHEMBL918801,Inhibition of human recombinant MMP9 expressed in mouse myeloma cells,B,,,BAO_0000190,BAO_0000219,cell-based format,CCOc1ccc(-c2ccc(S(=O)(=O)N[C@@H](C(C)C)P(=O)(O)O)cc2)cc1,,,CHEMBL1144553,Bioorg Med Chem,2007.0,"{'bei': '22.38', 'le': '0.47', 'lle': '6.06', 'sei': '8.19'}",,CHEMBL227824,,CHEMBL227824,9.25,0,http://www.openphacts.org/units/Nanomolar,634143,=,1,1,=,,IC50,nM,,0.56,CHEMBL321,Homo sapiens,Matrix metalloproteinase-9,9606,,,IC50,nM,UO_0000065,,0.56,,0.56,CCOc1ccc(-c2ccc(S(=O)(=O)N[C@@H](C(C)C)P(=O)(O)O)cc2)cc1,active
,,1858206,[],CHEMBL918801,Inhibition of human recombinant MMP9 expressed in mouse myeloma cells,B,,,BAO_0000190,BAO_0000219,cell-based format,Cc1ccc(-c2ccc(S(=O)(=O)N[C@@H](C(C)C)P(=O)(O)O)cc2)cc1,,,CHEMBL1144553,Bioorg Med Chem,2007.0,"{'bei': '21.88', 'le': '0.46', 'lle': '5.29', 'sei': '8.09'}",,CHEMBL227484,,CHEMBL227484,8.39,0,http://www.openphacts.org/units/Nanomolar,634156,=,1,1,=,,IC50,nM,,4.1,CHEMBL321,Homo sapiens,Matrix metalloproteinase-9,9606,,,IC50,nM,UO_0000065,,4.1,,4.1,Cc1ccc(-c2ccc(S(=O)(=O)N[C@@H](C(C)C)P(=O)(O)O)cc2)cc1,active
,,1875576,[],CHEMBL904081,Inhibition of human recombinant MMP9 expressed in mouse myeloma cells,B,,,BAO_0000190,BAO_0000219,cell-based format,CCCCC(NOCc1ccccc1)C(=O)NO,,,CHEMBL1142918,Bioorg Med Chem,2007.0,"{'bei': '16.21', 'le': '0.31', 'lle': '2.32', 'sei': '5.79'}",,CHEMBL228230,,CHEMBL228230,4.09,0,http://www.openphacts.org/units/Nanomolar,637192,=,1,1,=,,IC50,nM,,81500.0,CHEMBL321,Homo sapiens,Matrix metalloproteinase-9,9606,,,IC50,uM,UO_0000065,,81.5,,81500.0,CCCCC(NOCc1ccccc1)C(=O)NO,inactive
,,1875580,[],CHEMBL904081,Inhibition of human recombinant MMP9 expressed in mouse myeloma cells,B,,,BAO_0000190,BAO_0000219,cell-based format,CCC(C)ON(C(C(=O)NO)C(C)C)S(=O)(=O)c1ccc(OC)cc1,,,CHEMBL1142918,Bioorg Med Chem,2007.0,"{'bei': '17.47', 'le': '0.36', 'lle': '4.59', 'sei': '6.22'}",,CHEMBL388982,,CHEMBL388982,6.54,0,http://www.openphacts.org/units/Nanomolar,637188,=,1,1,=,,IC50,nM,,286.0,CHEMBL321,Homo sapiens,Matrix metalloproteinase-9,9606,,,IC50,uM,UO_0000065,,0.286,,286.0,CCC(C)ON(C(C(=O)NO)C(C)C)S(=O)(=O)c1ccc(OC)cc1,active
,,1875581,[],CHEMBL904081,Inhibition of human recombinant MMP9 expressed in mouse myeloma cells,B,,,BAO_0000190,BAO_0000219,cell-based format,COc1ccc(S(=O)(=O)N(OC(C)C)C(C(=O)NO)C(C)C)cc1,,,CHEMBL1142918,Bioorg Med Chem,2007.0,"{'bei': '17.84', 'le': '0.37', 'lle': '4.87', 'sei': '6.12'}",,CHEMBL442057,,CHEMBL442057,6.43,0,http://www.openphacts.org/units/Nanomolar,637187,=,1,1,=,,IC50,nM,,370.0,CHEMBL321,Homo sapiens,Matrix metalloproteinase-9,9606,,,IC50,uM,UO_0000065,,0.37,,370.0,COc1ccc(S(=O)(=O)N(OC(C)C)C(C(=O)NO)C(C)C)cc1,active
,,1875582,[],CHEMBL904081,Inhibition of human recombinant MMP9 expressed in mouse myeloma cells,B,,,BAO_0000190,BAO_0000219,cell-based format,COc1ccc(S(=O)(=O)N(CC(=O)NO)OCc2ccc(OCc3ccccc3)cc2)cc1,,,CHEMBL1142918,Bioorg Med Chem,2007.0,"{'bei': '12.14', 'le': '0.24', 'lle': '2.84', 'sei': '5.02'}",,CHEMBL228176,,CHEMBL228176,5.74,0,http://www.openphacts.org/units/Nanomolar,637186,=,1,1,=,,IC50,nM,,1830.0,CHEMBL321,Homo sapiens,Matrix metalloproteinase-9,9606,,,IC50,uM,UO_0000065,,1.83,,1830.0,COc1ccc(S(=O)(=O)N(CC(=O)NO)OCc2ccc(OCc3ccccc3)cc2)cc1,intermediate
,,1875583,[],CHEMBL904081,Inhibition of human recombinant MMP9 expressed in mouse myeloma cells,B,,,BAO_0000190,BAO_0000219,cell-based format,COc1ccc(S(=O)(=O)N(CC(=O)NO)OC2C3CC4CC(C3)CC2C4)cc1,,,CHEMBL1142918,Bioorg Med Chem,2007.0,"{'bei': '13.88', 'le': '0.28', 'lle': '3.75', 'sei': '5.42'}",,CHEMBL227567,,CHEMBL227567,5.70,0,http://www.openphacts.org/units/Nanomolar,637185,=,1,1,=,,IC50,nM,,2000.0,CHEMBL321,Homo sapiens,Matrix metalloproteinase-9,9606,,,IC50,uM,UO_0000065,,2.0,,2000.0,COc1ccc(S(=O)(=O)N(CC(=O)NO)OC2C3CC4CC(C3)CC2C4)cc1,intermediate
,,1875584,[],CHEMBL904081,Inhibition of human recombinant MMP9 expressed in mouse myeloma cells,B,,,BAO_0000190,BAO_0000219,cell-based format,CCCCCCCCCCCCCCON(CC(=O)NO)S(=O)(=O)c1ccc(OC)cc1,,,CHEMBL1142918,Bioorg Med Chem,2007.0,"{'bei': '9.48', 'le': '0.19', 'lle': '-0.34', 'sei': '4.26'}",,CHEMBL227565,,CHEMBL227565,4.48,0,http://www.openphacts.org/units/Nanomolar,637184,=,1,1,=,,IC50,nM,,33000.0,CHEMBL321,Homo sapiens,Matrix metalloproteinase-9,9606,,,IC50,uM,UO_0000065,,33.0,,33000.0,CCCCCCCCCCCCCCON(CC(=O)NO)S(=O)(=O)c1ccc(OC)cc1,inactive
,,1875585,[],CHEMBL904081,Inhibition of human recombinant MMP9 expressed in mouse myeloma cells,B,,,BAO_0000190,BAO_0000219,cell-based format,COc1ccc(S(=O)(=O)N(CC(=O)NO)OC(C)C)cc1,,,CHEMBL1142918,Bioorg Med Chem,2007.0,"{'bei': '17.18', 'le': '0.36', 'lle': '4.94', 'sei': '5.20'}",,CHEMBL226439,,CHEMBL226439,5.47,0,http://www.openphacts.org/units/Nanomolar,637183,=,1,1,=,,IC50,nM,,3400.0,CHEMBL321,Homo sapiens,Matrix metalloproteinase-9,9606,,,IC50,uM,UO_0000065,,3.4,,3400.0,COc1ccc(S(=O)(=O)N(CC(=O)NO)OC(C)C)cc1,intermediate
,,1875586,[],CHEMBL904081,Inhibition of human recombinant MMP9 expressed in mouse myeloma cells,B,,,BAO_0000190,BAO_0000219,cell-based format,COc1ccc(S(=O)(=O)N(CC(=O)NO)OCc2ccc(Cl)cc2)cc1,,,CHEMBL1142918,Bioorg Med Chem,2007.0,"{'bei': '16.17', 'le': '0.34', 'lle': '4.50', 'sei': '6.16'}",,CHEMBL373721,,CHEMBL373721,6.48,0,http://www.openphacts.org/units/Nanomolar,637182,=,1,1,=,,IC50,nM,,330.0,CHEMBL321,Homo sapiens,Matrix metalloproteinase-9,9606,,,IC50,uM,UO_0000065,,0.33,,330.0,COc1ccc(S(=O)(=O)N(CC(=O)NO)OCc2ccc(Cl)cc2)cc1,active
,,1875587,[],CHEMBL904081,Inhibition of human recombinant MMP9 expressed in mouse myeloma cells,B,,,BAO_0000190,BAO_0000219,cell-based format,COc1ccc(S(=O)(=O)N(CC(=O)NO)OCc2ccccc2)cc1,,,CHEMBL1142918,Bioorg Med Chem,2007.0,"{'bei': '16.54', 'le': '0.33', 'lle': '4.74', 'sei': '5.76'}",,CHEMBL226438,,CHEMBL226438,6.06,0,http://www.openphacts.org/units/Nanomolar,637181,=,1,1,=,,IC50,nM,,870.0,CHEMBL321,Homo sapiens,Matrix metalloproteinase-9,9606,,,IC50,uM,UO_0000065,,0.87,,870.0,COc1ccc(S(=O)(=O)N(CC(=O)NO)OCc2ccccc2)cc1,active
,,1875588,[],CHEMBL904081,Inhibition of human recombinant MMP9 expressed in mouse myeloma cells,B,,,BAO_0000190,BAO_0000219,cell-based format,CCON(CC(=O)NO)S(=O)(=O)c1ccc(OC)cc1,,,CHEMBL1142918,Bioorg Med Chem,2007.0,"{'bei': '18.59', 'le': '0.39', 'lle': '5.52', 'sei': '5.38'}",,CHEMBL376841,,CHEMBL376841,5.66,0,http://www.openphacts.org/units/Nanomolar,637180,=,1,1,=,,IC50,nM,,2200.0,CHEMBL321,Homo sapiens,Matrix metalloproteinase-9,9606,,,IC50,uM,UO_0000065,,2.2,,2200.0,CCON(CC(=O)NO)S(=O)(=O)c1ccc(OC)cc1,intermediate
,,1940293,[],CHEMBL891304,Inhibition of human recombinant MMP9,B,,,BAO_0000190,BAO_0000357,single protein format,Nc1nc2ncc(CNc3ccc(C(=O)N[C@@H](CCC(=O)N[C@@H](Cc4ccccc4)C(=O)NO)C(=O)O)cc3)nc2c(=O)[nH]1,,,CHEMBL1146314,Bioorg Med Chem,2007.0,"{'bei': '7.72', 'le': '0.14', 'lle': '4.56', 'sei': '1.83'}",,CHEMBL267603,,CHEMBL267603,4.66,0,http://www.openphacts.org/units/Nanomolar,646858,=,1,1,=,,IC50,nM,,22000.0,CHEMBL321,Homo sapiens,Matrix metalloproteinase-9,9606,,,IC50,uM,UO_0000065,,22.0,,22000.0,Nc1nc2ncc(CNc3ccc(C(=O)N[C@@H](CCC(=O)N[C@@H](Cc4ccccc4)C(=O)NO)C(=O)O)cc3)nc2c(=O)[nH]1,inactive
,,1940296,[],CHEMBL891304,Inhibition of human recombinant MMP9,B,,,BAO_0000190,BAO_0000357,single protein format,CN(Cc1cnc2nc(N)nc(N)c2n1)c1ccc(C(=O)N[C@@H](CCC(=O)N[C@@H](Cc2ccccc2)C(=O)NO)C(=O)O)cc1,,,CHEMBL1146314,Bioorg Med Chem,2007.0,"{'bei': '7.82', 'le': '0.15', 'lle': '4.40', 'sei': '1.92'}",,CHEMBL396296,,CHEMBL396296,4.82,0,http://www.openphacts.org/units/Nanomolar,646861,=,1,1,=,,IC50,nM,,15000.0,CHEMBL321,Homo sapiens,Matrix metalloproteinase-9,9606,,,IC50,uM,UO_0000065,,15.0,,15000.0,CN(Cc1cnc2nc(N)nc(N)c2n1)c1ccc(C(=O)N[C@@H](CCC(=O)N[C@@H](Cc2ccccc2)C(=O)NO)C(=O)O)cc1,inactive
,,1942526,[],CHEMBL891304,Inhibition of human recombinant MMP9,B,,,BAO_0000190,BAO_0000357,single protein format,COc1ccc(S(=O)(=O)N(Cc2cccnc2)[C@@H](C(=O)NO)C(C)C)cc1.Cl,,,CHEMBL1146314,Bioorg Med Chem,2007.0,"{'bei': '21.10', 'le': '0.42', 'lle': '6.49', 'sei': '7.63'}",,CHEMBL514138,CGS-27023A,CHEMBL267178,8.30,0,http://www.openphacts.org/units/Nanomolar,646864,=,1,1,=,,IC50,nM,,5.0,CHEMBL321,Homo sapiens,Matrix metalloproteinase-9,9606,,,IC50,uM,UO_0000065,,0.005,,5.0,COc1ccc(S(=O)(=O)N(Cc2cccnc2)[C@@H](C(=O)NO)C(C)C)cc1,active
,,2071116,[],CHEMBL927359,Inhibition of human recombinant MMP9,B,,,BAO_0000190,BAO_0000357,single protein format,O=C(CCc1cc2ccccc2oc1=O)NO,,,CHEMBL1140764,Bioorg Med Chem,2008.0,"{'bei': '25.09', 'le': '0.47', 'lle': '4.62', 'sei': '7.36'}",,CHEMBL252674,,CHEMBL252674,5.85,0,http://www.openphacts.org/units/Nanomolar,686895,=,1,1,=,,IC50,nM,,1410.0,CHEMBL321,Homo sapiens,Matrix metalloproteinase-9,9606,,,IC50,uM,UO_0000065,,1.41,,1410.0,O=C(CCc1cc2ccccc2oc1=O)NO,intermediate
,,2071132,[],CHEMBL927359,Inhibition of human recombinant MMP9,B,,,BAO_0000190,BAO_0000357,single protein format,COc1ccc2oc(=O)c(CCC(=O)NO)cc2c1,,,CHEMBL1140764,Bioorg Med Chem,2008.0,"{'bei': '19.93', 'le': '0.38', 'lle': '4.01', 'sei': '5.91'}",,CHEMBL402990,,CHEMBL402990,5.25,0,http://www.openphacts.org/units/Nanomolar,686899,=,1,1,=,,IC50,nM,,5660.0,CHEMBL321,Homo sapiens,Matrix metalloproteinase-9,9606,,,IC50,uM,UO_0000065,,5.66,,5660.0,COc1ccc2oc(=O)c(CCC(=O)NO)cc2c1,intermediate
,,2071133,[],CHEMBL927359,Inhibition of human recombinant MMP9,B,,,BAO_0000190,BAO_0000357,single protein format,O=C(CCc1cc2cc(Br)ccc2oc1=O)NO,,,CHEMBL1140764,Bioorg Med Chem,2008.0,"{'bei': '14.77', 'le': '0.35', 'lle': '2.62', 'sei': '5.80'}",,CHEMBL253694,,CHEMBL253694,4.61,0,http://www.openphacts.org/units/Nanomolar,686898,=,1,1,=,,IC50,nM,,24500.0,CHEMBL321,Homo sapiens,Matrix metalloproteinase-9,9606,,,IC50,uM,UO_0000065,,24.5,,24500.0,O=C(CCc1cc2cc(Br)ccc2oc1=O)NO,inactive
,,2071134,[],CHEMBL927359,Inhibition of human recombinant MMP9,B,,,BAO_0000190,BAO_0000357,single protein format,O=C(CCc1cc2cc(Cl)ccc2oc1=O)NO,,,CHEMBL1140764,Bioorg Med Chem,2008.0,"{'bei': '17.88', 'le': '0.36', 'lle': '2.91', 'sei': '6.02'}",,CHEMBL267854,,CHEMBL267854,4.79,0,http://www.openphacts.org/units/Nanomolar,686897,=,1,1,=,,IC50,nM,,16400.0,CHEMBL321,Homo sapiens,Matrix metalloproteinase-9,9606,,,IC50,uM,UO_0000065,,16.4,,16400.0,O=C(CCc1cc2cc(Cl)ccc2oc1=O)NO,inactive
,,2071135,[],CHEMBL927359,Inhibition of human recombinant MMP9,B,,,BAO_0000190,BAO_0000357,single protein format,Cc1ccc2oc(=O)c(CCC(=O)NO)cc2c1,,,CHEMBL1140764,Bioorg Med Chem,2008.0,"{'bei': '22.31', 'le': '0.42', 'lle': '3.98', 'sei': '6.93'}",,CHEMBL253489,,CHEMBL253489,5.52,0,http://www.openphacts.org/units/Nanomolar,686896,=,1,1,=,,IC50,nM,,3050.0,CHEMBL321,Homo sapiens,Matrix metalloproteinase-9,9606,,,IC50,uM,UO_0000065,,3.05,,3050.0,Cc1ccc2oc(=O)c(CCC(=O)NO)cc2c1,intermediate
,,2071136,[],CHEMBL927359,Inhibition of human recombinant MMP9,B,,,BAO_0000190,BAO_0000357,single protein format,C/C=C/C=C\C=C1\C=C(CCC(=O)NO)C(=O)OC1,,,CHEMBL1140764,Bioorg Med Chem,2008.0,"{'bei': '29.01', 'le': '0.55', 'lle': '5.83', 'sei': '10.10'}",,CHEMBL253313,,CHEMBL253313,7.64,0,http://www.openphacts.org/units/Nanomolar,686894,=,1,1,=,,IC50,nM,,23.0,CHEMBL321,Homo sapiens,Matrix metalloproteinase-9,9606,,,IC50,uM,UO_0000065,,0.023,,23.0,C/C=C/C=C\C=C1\C=C(CCC(=O)NO)C(=O)OC1,active
,,2234851,[],CHEMBL1007242,Inhibition of human recombinant MMP9,B,,,BAO_0000190,BAO_0000357,single protein format,CNC(=O)[C@H](Cc1ccccc1)NC(=O)[C@H](CC(C)C)NC(=O)NO,,,CHEMBL1156676,Eur J Med Chem,2008.0,"{'bei': '13.41', 'le': '0.26', 'lle': '4.14', 'sei': '3.93'}",,CHEMBL501715,,CHEMBL501715,4.70,0,http://www.openphacts.org/units/Nanomolar,796297,=,1,1,=,,IC50,nM,,20000.0,CHEMBL321,Homo sapiens,Matrix metalloproteinase-9,9606,,,IC50,uM,UO_0000065,,20.0,,20000.0,CNC(=O)[C@H](Cc1ccccc1)NC(=O)[C@H](CC(C)C)NC(=O)NO,inactive
,,2234863,[],CHEMBL1007242,Inhibition of human recombinant MMP9,B,,,BAO_0000190,BAO_0000357,single protein format,CNC(=O)[C@H](Cc1ccccc1)NC(=O)[C@@H](CC(=O)NO)CC(C)C,,,CHEMBL1156676,Eur J Med Chem,2008.0,"{'bei': '26.96', 'le': '0.51', 'lle': '8.40', 'sei': '8.76'}",,CHEMBL11306,,CHEMBL11306,9.42,0,http://www.openphacts.org/units/Nanomolar,723143,=,1,1,=,,IC50,nM,,0.38,CHEMBL321,Homo sapiens,Matrix metalloproteinase-9,9606,,,IC50,uM,UO_0000065,,0.00038,,0.38,CNC(=O)[C@H](Cc1ccccc1)NC(=O)[C@@H](CC(=O)NO)CC(C)C,active
,,2234869,[],CHEMBL1007242,Inhibition of human recombinant MMP9,B,,,BAO_0000190,BAO_0000357,single protein format,CNC(=O)[C@H](Cc1ccccc1)NC(=O)[C@H](CC(=O)NO)CC(C)C,,,CHEMBL1156676,Eur J Med Chem,2008.0,"{'bei': '19.53', 'le': '0.37', 'lle': '5.80', 'sei': '6.35'}",,CHEMBL452083,,CHEMBL452083,6.82,0,http://www.openphacts.org/units/Nanomolar,723144,=,1,1,=,,IC50,nM,,150.0,CHEMBL321,Homo sapiens,Matrix metalloproteinase-9,9606,,,IC50,uM,UO_0000065,,0.15,,150.0,CNC(=O)[C@H](Cc1ccccc1)NC(=O)[C@H](CC(=O)NO)CC(C)C,active
,,2279125,[],CHEMBL958329,Inhibition of human MMP9,B,,,BAO_0000190,BAO_0000357,single protein format,COC(=O)Nc1ccc2oc3cc(S(=O)(=O)N[C@H](C(=O)O)C(C)C)ccc3c2c1,,,CHEMBL1153372,J Med Chem,2009.0,"{'bei': '14.00', 'le': '0.28', 'lle': '2.74', 'sei': '4.36'}",,CHEMBL523034,,CHEMBL523034,5.89,0,http://www.openphacts.org/units/Nanomolar,754276,=,1,1,=,,IC50,nM,,1300.0,CHEMBL321,Homo sapiens,Matrix metalloproteinase-9,9606,,,IC50,nM,UO_0000065,,1300.0,,1300.0,COC(=O)Nc1ccc2oc3cc(S(=O)(=O)N[C@H](C(=O)O)C(C)C)ccc3c2c1,intermediate
,,2498751,[],CHEMBL982420,Reduction of MMP9 activity in TNF-alpha/IL1-beta-stimulated human Caco-2 cells treated 1 hr before stimulation by zymography,B,,,BAO_0000190,BAO_0000219,cell-based format,COc1cc(/C=C/c2cc(/C=C/c3ccc(O)c(OC)c3)[nH]n2)ccc1O,,,CHEMBL1143360,Bioorg Med Chem,2009.0,"{'bei': '12.93', 'le': '0.24', 'lle': '0.53', 'sei': '5.38'}",,CHEMBL180239,CURCUMIN PYRAZOLE,CHEMBL180239,4.71,0,http://www.openphacts.org/units/Nanomolar,751033,=,1,1,=,,IC50,nM,,19400.0,CHEMBL321,Homo sapiens,Matrix metalloproteinase-9,9606,,,IC50,uM,UO_0000065,,19.4,,19400.0,COc1cc(/C=C/c2cc(/C=C/c3ccc(O)c(OC)c3)[nH]n2)ccc1O,inactive
,,2498752,[],CHEMBL982420,Reduction of MMP9 activity in TNF-alpha/IL1-beta-stimulated human Caco-2 cells treated 1 hr before stimulation by zymography,B,,,BAO_0000190,BAO_0000219,cell-based format,COc1cc(/C=C/C(=O)CC(=O)/C=C/c2ccc(O)c(OC)c2)ccc1O,,,CHEMBL1143360,Bioorg Med Chem,2009.0,"{'bei': '13.76', 'le': '0.26', 'lle': '1.70', 'sei': '5.45'}",,CHEMBL140,CURCUMIN,CHEMBL140,5.07,0,http://www.openphacts.org/units/Nanomolar,751667,=,1,1,=,,IC50,nM,,8500.0,CHEMBL321,Homo sapiens,Matrix metalloproteinase-9,9606,,,IC50,uM,UO_0000065,,8.5,,8500.0,COc1cc(/C=C/C(=O)CC(=O)/C=C/c2ccc(O)c(OC)c2)ccc1O,intermediate
,,2498753,[],CHEMBL982420,Reduction of MMP9 activity in TNF-alpha/IL1-beta-stimulated human Caco-2 cells treated 1 hr before stimulation by zymography,B,,,BAO_0000190,BAO_0000219,cell-based format,COc1cc(/C=C/c2n[nH]c(C)c2C)ccc1O,,,CHEMBL1143360,Bioorg Med Chem,2009.0,"{'bei': '20.86', 'le': '0.39', 'lle': '2.19', 'sei': '8.77'}",,CHEMBL481600,,CHEMBL481600,5.10,0,http://www.openphacts.org/units/Nanomolar,751035,=,1,1,=,,IC50,nM,,8000.0,CHEMBL321,Homo sapiens,Matrix metalloproteinase-9,9606,,,IC50,uM,UO_0000065,,8.0,,8000.0,COc1cc(/C=C/c2n[nH]c(C)c2C)ccc1O,intermediate
,,2498754,[],CHEMBL982420,Reduction of MMP9 activity in TNF-alpha/IL1-beta-stimulated human Caco-2 cells treated 1 hr before stimulation by zymography,B,,,BAO_0000190,BAO_0000219,cell-based format,COc1cc(/C=C/c2cc(C)[nH]n2)ccc1O,,,CHEMBL1143360,Bioorg Med Chem,2009.0,"{'bei': '20.65', 'le': '0.38', 'lle': '2.15', 'sei': '8.18'}",,CHEMBL481599,,CHEMBL481599,4.75,0,http://www.openphacts.org/units/Nanomolar,751034,=,1,1,=,,IC50,nM,,17600.0,CHEMBL321,Homo sapiens,Matrix metalloproteinase-9,9606,,,IC50,uM,UO_0000065,,17.6,,17600.0,COc1cc(/C=C/c2cc(C)[nH]n2)ccc1O,inactive
,,2506427,[],CHEMBL940662,Inhibition of human recombinant MMP9 by fluorogenic substrate assay,B,,,BAO_0000190,BAO_0000357,single protein format,CCCCCCOc1ccc(C(CC(=O)O)C(N)=O)cc1,,,CHEMBL1140994,Bioorg Med Chem,2009.0,"{'bei': '23.17', 'le': '0.44', 'lle': '4.11', 'sei': '7.58'}",,CHEMBL448246,,CHEMBL448246,6.80,0,http://www.openphacts.org/units/Nanomolar,728655,=,1,1,=,,IC50,nM,,160.0,CHEMBL321,Homo sapiens,Matrix metalloproteinase-9,9606,,,IC50,uM,UO_0000065,,0.16,,160.0,CCCCCCOc1ccc(C(CC(=O)O)C(N)=O)cc1,active
,,2506428,[],CHEMBL940662,Inhibition of human recombinant MMP9 by fluorogenic substrate assay,B,,,BAO_0000190,BAO_0000357,single protein format,O=C(O)CCC(NS(=O)(=O)c1ccc(-c2ccccc2)cc1)C(=O)O,,,CHEMBL1140994,Bioorg Med Chem,2009.0,"{'bei': '13.36', 'le': '0.27', 'lle': '2.90', 'sei': '4.02'}",,CHEMBL475540,,CHEMBL475540,4.85,0,http://www.openphacts.org/units/Nanomolar,728656,=,1,1,=,,IC50,nM,,14000.0,CHEMBL321,Homo sapiens,Matrix metalloproteinase-9,9606,,,IC50,uM,UO_0000065,,14.0,,14000.0,O=C(O)CCC(NS(=O)(=O)c1ccc(-c2ccccc2)cc1)C(=O)O,inactive
,,2588651,[],CHEMBL963052,Inhibition of human recombinant pro-MMP9 by spectrofluorimeter,B,,,BAO_0000190,BAO_0000357,single protein format,CNC(=O)[C@H](Cc1c[nH]c2ccccc12)NC(=O)[C@@H](CC(=O)NO)CC(C)C,,,CHEMBL1152126,Bioorg Med Chem,2008.0,"{'bei': '23.74', 'le': '0.45', 'lle': '7.72', 'sei': '7.48'}",,CHEMBL19611,ILOMASTAT,CHEMBL19611,9.22,0,http://www.openphacts.org/units/Nanomolar,725785,=,1,1,=,,IC50,nM,,0.6,CHEMBL321,Homo sapiens,Matrix metalloproteinase-9,9606,,,IC50,nM,UO_0000065,,0.6,,0.6,CNC(=O)[C@H](Cc1c[nH]c2ccccc12)NC(=O)[C@@H](CC(=O)NO)CC(C)C,active
,,2588652,[],CHEMBL963052,Inhibition of human recombinant pro-MMP9 by spectrofluorimeter,B,,,BAO_0000190,BAO_0000357,single protein format,CNC(=O)[C@H](Cc1c[nH]c2ccccc12)NC(=O)[C@@H](CC(=O)NNS(=O)(=O)c1ccc2ccccc2c1)CC(C)C,,,CHEMBL1152126,Bioorg Med Chem,2008.0,"{'bei': '13.78', 'le': '0.27', 'lle': '4.80', 'sei': '5.33'}",,CHEMBL488617,,CHEMBL488617,7.96,0,http://www.openphacts.org/units/Nanomolar,726296,=,1,1,=,,IC50,nM,,11.0,CHEMBL321,Homo sapiens,Matrix metalloproteinase-9,9606,,,IC50,nM,UO_0000065,,11.0,,11.0,CNC(=O)[C@H](Cc1c[nH]c2ccccc12)NC(=O)[C@@H](CC(=O)NNS(=O)(=O)c1ccc2ccccc2c1)CC(C)C,active
,,2588653,[],CHEMBL963052,Inhibition of human recombinant pro-MMP9 by spectrofluorimeter,B,,,BAO_0000190,BAO_0000357,single protein format,CNC(=O)[C@H](Cc1c[nH]c2ccccc12)NC(=O)[C@@H](CC(=O)NNS(=O)(=O)c1ccc(N2C(=O)CCC2=O)cc1)CC(C)C,,,CHEMBL1152126,Bioorg Med Chem,2008.0,"{'bei': '12.92', 'le': '0.25', 'lle': '6.41', 'sei': '4.32'}",,CHEMBL498915,,CHEMBL498915,8.07,0,http://www.openphacts.org/units/Nanomolar,726297,=,1,1,=,,IC50,nM,,8.5,CHEMBL321,Homo sapiens,Matrix metalloproteinase-9,9606,,,IC50,nM,UO_0000065,,8.5,,8.5,CNC(=O)[C@H](Cc1c[nH]c2ccccc12)NC(=O)[C@@H](CC(=O)NNS(=O)(=O)c1ccc(N2C(=O)CCC2=O)cc1)CC(C)C,active
,,2588654,[],CHEMBL963052,Inhibition of human recombinant pro-MMP9 by spectrofluorimeter,B,,,BAO_0000190,BAO_0000357,single protein format,CNC(=O)[C@H](Cc1c[nH]c2ccccc12)NC(=O)[C@@H](CC(=O)NNS(=O)(=O)c1ccc(-c2ccc(Br)cc2)cc1)CC(C)C,,,CHEMBL1152126,Bioorg Med Chem,2008.0,"{'bei': '12.49', 'le': '0.26', 'lle': '4.09', 'sei': '5.71'}",,CHEMBL508335,,CHEMBL508335,8.52,0,http://www.openphacts.org/units/Nanomolar,726298,=,1,1,=,,IC50,nM,,3.0,CHEMBL321,Homo sapiens,Matrix metalloproteinase-9,9606,,,IC50,nM,UO_0000065,,3.0,,3.0,CNC(=O)[C@H](Cc1c[nH]c2ccccc12)NC(=O)[C@@H](CC(=O)NNS(=O)(=O)c1ccc(-c2ccc(Br)cc2)cc1)CC(C)C,active
,,2588655,[],CHEMBL963052,Inhibition of human recombinant pro-MMP9 by spectrofluorimeter,B,,,BAO_0000190,BAO_0000357,single protein format,CCCCCC/C=C(\CC(=O)NNS(=O)(=O)c1ccc(-c2ccc(Br)cc2)cc1)C(=O)N[C@@H](Cc1c[nH]c2ccccc12)C(=O)NC,,,CHEMBL1152126,Bioorg Med Chem,2008.0,"{'bei': '7.74', 'le': '0.16', 'lle': '-0.08', 'sei': '3.75'}",,CHEMBL503651,,CHEMBL503651,5.59,0,http://www.openphacts.org/units/Nanomolar,726299,=,1,1,=,,IC50,nM,,2563.0,CHEMBL321,Homo sapiens,Matrix metalloproteinase-9,9606,,,IC50,nM,UO_0000065,,2563.0,,2563.0,CCCCCC/C=C(\CC(=O)NNS(=O)(=O)c1ccc(-c2ccc(Br)cc2)cc1)C(=O)N[C@@H](Cc1c[nH]c2ccccc12)C(=O)NC,intermediate
,,2588656,[],CHEMBL963052,Inhibition of human recombinant pro-MMP9 by spectrofluorimeter,B,,,BAO_0000190,BAO_0000357,single protein format,CNC(=O)[C@H](Cc1c[nH]c2ccccc12)NC(=O)/C(=C/CCc1ccccc1)CC(=O)NNS(=O)(=O)c1ccc(-c2ccc(Br)cc2)cc1,,,CHEMBL1152126,Bioorg Med Chem,2008.0,"{'bei': '7.95', 'le': '0.16', 'lle': '0.57', 'sei': '3.96'}",,CHEMBL510694,,CHEMBL510694,5.90,0,http://www.openphacts.org/units/Nanomolar,726300,=,1,1,=,,IC50,nM,,1246.0,CHEMBL321,Homo sapiens,Matrix metalloproteinase-9,9606,,,IC50,nM,UO_0000065,,1246.0,,1246.0,CNC(=O)[C@H](Cc1c[nH]c2ccccc12)NC(=O)/C(=C/CCc1ccccc1)CC(=O)NNS(=O)(=O)c1ccc(-c2ccc(Br)cc2)cc1,intermediate
,,2588657,[],CHEMBL963052,Inhibition of human recombinant pro-MMP9 by spectrofluorimeter,B,,,BAO_0000190,BAO_0000357,single protein format,CCCCCC/C=C(\CC(=O)NNS(=O)(=O)c1ccc(-c2ccc(Br)cc2)cc1)C(=O)N[C@@H](Cc1c(-c2ccccc2)[nH]c2ccccc12)C(=O)NC,,,CHEMBL1152126,Bioorg Med Chem,2008.0,"{'bei': '7.68', 'le': '0.16', 'lle': '-1.19', 'sei': '4.11'}",,CHEMBL509270,,CHEMBL509270,6.13,0,http://www.openphacts.org/units/Nanomolar,726301,=,1,1,=,,IC50,nM,,732.0,CHEMBL321,Homo sapiens,Matrix metalloproteinase-9,9606,,,IC50,nM,UO_0000065,,732.0,,732.0,CCCCCC/C=C(\CC(=O)NNS(=O)(=O)c1ccc(-c2ccc(Br)cc2)cc1)C(=O)N[C@@H](Cc1c(-c2ccccc2)[nH]c2ccccc12)C(=O)NC,active
,,2588658,[],CHEMBL963052,Inhibition of human recombinant pro-MMP9 by spectrofluorimeter,B,,,BAO_0000190,BAO_0000357,single protein format,CNC(=O)[C@H](Cc1c(-c2ccccc2)[nH]c2ccccc12)NC(=O)/C(=C/CCc1ccccc1)CC(=O)NNS(=O)(=O)c1ccc(-c2ccc(Br)cc2)cc1,,,CHEMBL1152126,Bioorg Med Chem,2008.0,"{'bei': '7.43', 'le': '0.15', 'lle': '-0.92', 'sei': '4.08'}",,CHEMBL509346,,CHEMBL509346,6.08,0,http://www.openphacts.org/units/Nanomolar,726302,=,1,1,=,,IC50,nM,,827.0,CHEMBL321,Homo sapiens,Matrix metalloproteinase-9,9606,,,IC50,nM,UO_0000065,,827.0,,827.0,CNC(=O)[C@H](Cc1c(-c2ccccc2)[nH]c2ccccc12)NC(=O)/C(=C/CCc1ccccc1)CC(=O)NNS(=O)(=O)c1ccc(-c2ccc(Br)cc2)cc1,active
,,2588659,[],CHEMBL963052,Inhibition of human recombinant pro-MMP9 by spectrofluorimeter,B,,,BAO_0000190,BAO_0000357,single protein format,CNC(=O)[C@H](Cc1c(-c2ccccc2)[nH]c2ccccc12)NC(=O)[C@@H](CC(=O)NNS(=O)(=O)c1ccc(-c2ccc(Br)cc2)cc1)CC(C)C,,,CHEMBL1152126,Bioorg Med Chem,2008.0,"{'bei': '10.21', 'le': '0.21', 'lle': '1.64', 'sei': '5.19'}",,CHEMBL502674,,CHEMBL502674,7.75,0,http://www.openphacts.org/units/Nanomolar,726303,=,1,1,=,,IC50,nM,,18.0,CHEMBL321,Homo sapiens,Matrix metalloproteinase-9,9606,,,IC50,nM,UO_0000065,,18.0,,18.0,CNC(=O)[C@H](Cc1c(-c2ccccc2)[nH]c2ccccc12)NC(=O)[C@@H](CC(=O)NNS(=O)(=O)c1ccc(-c2ccc(Br)cc2)cc1)CC(C)C,active
,,2625834,[],CHEMBL1008373,Inhibition of human MMP9,B,,,BAO_0000190,BAO_0000357,single protein format,O=C(CC1CN[C@H](C(=O)N2CCC(c3ccccc3)C2)[C@@H](C(=O)NO)C1)NCCCCCNC(=O)OCc1ccccc1,,,CHEMBL1136955,Bioorg Med Chem Lett,2009.0,"{'bei': '9.68', 'le': '0.18', 'lle': '3.04', 'sei': '3.85'}",,CHEMBL445717,,CHEMBL445717,5.75,0,http://www.openphacts.org/units/Nanomolar,785561,=,1,1,=,,IC50,nM,,1788.0,CHEMBL321,Homo sapiens,Matrix metalloproteinase-9,9606,,,IC50,nM,UO_0000065,,1788.0,,1788.0,O=C(CC1CN[C@H](C(=O)N2CCC(c3ccccc3)C2)[C@@H](C(=O)NO)C1)NCCCCCNC(=O)OCc1ccccc1,intermediate
,,2625838,[],CHEMBL1008373,Inhibition of human MMP9,B,,,BAO_0000190,BAO_0000357,single protein format,O=C(NO)[C@H]1CC2(CC[C@@H]1C(=O)N1CCN(c3ccccc3)CC1)CC2,,,CHEMBL1136955,Bioorg Med Chem Lett,2009.0,"{'bei': '17.45', 'le': '0.33', 'lle': '4.20', 'sei': '8.56'}",,CHEMBL521719,,CHEMBL521719,6.24,0,http://www.openphacts.org/units/Nanomolar,785642,=,1,1,=,,IC50,nM,,577.0,CHEMBL321,Homo sapiens,Matrix metalloproteinase-9,9606,,,IC50,nM,UO_0000065,,577.0,,577.0,O=C(NO)[C@H]1CC2(CC[C@@H]1C(=O)N1CCN(c3ccccc3)CC1)CC2,active
,,2625839,[],CHEMBL1008373,Inhibition of human MMP9,B,,,BAO_0000190,BAO_0000357,single protein format,O=C(NO)[C@H]1CC(CC(=O)N2CCCC2)CC[C@@H]1C(=O)N1CCN(c2ccccc2)CC1,,,CHEMBL1136955,Bioorg Med Chem Lett,2009.0,"{'bei': '13.20', 'le': '0.25', 'lle': '3.95', 'sei': '6.27'}",,CHEMBL523076,,CHEMBL523076,5.84,0,http://www.openphacts.org/units/Nanomolar,785714,=,1,1,=,,IC50,nM,,1443.0,CHEMBL321,Homo sapiens,Matrix metalloproteinase-9,9606,,,IC50,nM,UO_0000065,,1443.0,,1443.0,O=C(NO)[C@H]1CC(CC(=O)N2CCCC2)CC[C@@H]1C(=O)N1CCN(c2ccccc2)CC1,intermediate
,,2625840,[],CHEMBL1008373,Inhibition of human MMP9,B,,,BAO_0000190,BAO_0000357,single protein format,O=C(NO)[C@H]1CC(CC(=O)N2CCCCC2)CC[C@@H]1C(=O)N1CCN(c2ccccc2)CC1,,,CHEMBL1136955,Bioorg Med Chem Lett,2009.0,"{'bei': '12.54', 'le': '0.24', 'lle': '3.45', 'sei': '6.15'}",,CHEMBL497026,,CHEMBL497026,5.73,0,http://www.openphacts.org/units/Nanomolar,785715,=,1,1,=,,IC50,nM,,1876.0,CHEMBL321,Homo sapiens,Matrix metalloproteinase-9,9606,,,IC50,nM,UO_0000065,,1876.0,,1876.0,O=C(NO)[C@H]1CC(CC(=O)N2CCCCC2)CC[C@@H]1C(=O)N1CCN(c2ccccc2)CC1,intermediate
,,2625841,[],CHEMBL1008373,Inhibition of human MMP9,B,,,BAO_0000190,BAO_0000357,single protein format,CN1CCN(C(=O)CC2CC[C@H](C(=O)N3CCN(c4ccccc4)CC3)[C@@H](C(=O)NO)C2)CC1,,,CHEMBL1136955,Bioorg Med Chem Lett,2009.0,"{'bei': '11.88', 'le': '0.23', 'lle': '4.56', 'sei': '5.81'}",,CHEMBL497222,,CHEMBL497222,5.60,0,http://www.openphacts.org/units/Nanomolar,785716,=,1,1,=,,IC50,nM,,2500.0,CHEMBL321,Homo sapiens,Matrix metalloproteinase-9,9606,,,IC50,nM,UO_0000065,,2500.0,,2500.0,CN1CCN(C(=O)CC2CC[C@H](C(=O)N3CCN(c4ccccc4)CC3)[C@@H](C(=O)NO)C2)CC1,intermediate
,,2625842,[],CHEMBL1008373,Inhibition of human MMP9,B,,,BAO_0000190,BAO_0000357,single protein format,O=C(NO)[C@H]1C[C@@H](CC(=O)N2CCCCC2)CC[C@@H]1C(=O)N1CCN(c2ccccc2)CC1,,,CHEMBL1136955,Bioorg Med Chem Lett,2009.0,"{'bei': '13.50', 'le': '0.26', 'lle': '3.89', 'sei': '6.62'}",,CHEMBL496628,,CHEMBL496628,6.17,0,http://www.openphacts.org/units/Nanomolar,785794,=,1,1,=,,IC50,nM,,683.0,CHEMBL321,Homo sapiens,Matrix metalloproteinase-9,9606,,,IC50,nM,UO_0000065,,683.0,,683.0,O=C(NO)[C@H]1C[C@@H](CC(=O)N2CCCCC2)CC[C@@H]1C(=O)N1CCN(c2ccccc2)CC1,active
,,2630914,[],CHEMBL1008311,inhibition of human recombinant MMP9 catalytic domain,B,,,BAO_0000190,BAO_0000357,single protein format,Cc1cc(COc2ccc(S(=O)(=O)C3(C(=O)NO)CCN(C=O)CC3)cc2)c2ccccc2n1,,,CHEMBL1136975,Bioorg Med Chem Lett,2009.0,"{'bei': '10.18', 'le': '0.20', 'lle': '2.53', 'sei': '3.91'}",,CHEMBL495831,,CHEMBL495831,4.92,0,http://www.openphacts.org/units/Nanomolar,785102,=,1,1,=,,IC50,nM,,12000.0,CHEMBL321,Homo sapiens,Matrix metalloproteinase-9,9606,,,IC50,nM,UO_0000065,,12000.0,,12000.0,Cc1cc(COc2ccc(S(=O)(=O)C3(C(=O)NO)CCN(C=O)CC3)cc2)c2ccccc2n1,inactive
,,2692709,[],CHEMBL1058824,Inhibition of human MMP9,B,,,BAO_0000190,BAO_0000357,single protein format,CC(C)[C@H](NS(=O)(=O)c1ccc2c(c1)oc1ccc(N3CCOC3=O)cc12)C(=O)O,,,CHEMBL1152446,J Med Chem,2009.0,"{'bei': '15.03', 'le': '0.30', 'lle': '3.57', 'sei': '5.15'}",,CHEMBL550038,,CHEMBL550038,6.50,0,http://www.openphacts.org/units/Nanomolar,822080,=,1,1,=,,IC50,nM,,318.0,CHEMBL321,Homo sapiens,Matrix metalloproteinase-9,9606,,,IC50,nM,UO_0000065,,318.0,,318.0,CC(C)[C@H](NS(=O)(=O)c1ccc2c(c1)oc1ccc(N3CCOC3=O)cc12)C(=O)O,active
,,2923379,[],CHEMBL1042352,Inhibition of para-aminophenylmercuric acetate-activated human recombinant pro-MMP9 catalytic domain after 4 hrs by fluorimetry,B,,,BAO_0000190,BAO_0000357,single protein format,COc1ccc(Oc2ccc(S(=O)(=O)c3ccccc3CC(=O)NO)cc2)cc1,,,CHEMBL1154164,J Med Chem,2009.0,"{'bei': '22.00', 'le': '0.43', 'lle': '5.73', 'sei': '8.92'}",,CHEMBL573715,,CHEMBL573715,9.10,0,http://www.openphacts.org/units/Nanomolar,848766,=,1,1,=,,IC50,nM,,0.8,CHEMBL321,Homo sapiens,Matrix metalloproteinase-9,9606,,,IC50,nM,UO_0000065,,0.8,,0.8,COc1ccc(Oc2ccc(S(=O)(=O)c3ccccc3CC(=O)NO)cc2)cc1,active
,,2923399,[],CHEMBL1042352,Inhibition of para-aminophenylmercuric acetate-activated human recombinant pro-MMP9 catalytic domain after 4 hrs by fluorimetry,B,,,BAO_0000190,BAO_0000357,single protein format,COc1ccc(-c2ccc(S(=O)(=O)c3ccccc3C(C)C(=O)NO)cc2)cc1,,,CHEMBL1154164,J Med Chem,2009.0,"{'bei': '17.40', 'le': '0.34', 'lle': '3.36', 'sei': '7.73'}",,CHEMBL572780,,CHEMBL572780,7.16,0,http://www.openphacts.org/units/Nanomolar,848725,=,1,1,=,,IC50,nM,,69.0,CHEMBL321,Homo sapiens,Matrix metalloproteinase-9,9606,,,IC50,nM,UO_0000065,,69.0,,69.0,COc1ccc(-c2ccc(S(=O)(=O)c3ccccc3C(C)C(=O)NO)cc2)cc1,active
,,2923406,[],CHEMBL1042352,Inhibition of para-aminophenylmercuric acetate-activated human recombinant pro-MMP9 catalytic domain after 4 hrs by fluorimetry,B,,,BAO_0000190,BAO_0000357,single protein format,COc1ccc(-c2ccc(S(=O)(=O)c3ccccc3CC(=O)NO)cc2)cc1,,,CHEMBL1154164,J Med Chem,2009.0,"{'bei': '17.68', 'le': '0.34', 'lle': '3.79', 'sei': '7.58'}",,CHEMBL584365,,CHEMBL584365,7.03,0,http://www.openphacts.org/units/Nanomolar,848655,=,1,1,=,,IC50,nM,,94.0,CHEMBL321,Homo sapiens,Matrix metalloproteinase-9,9606,,,IC50,nM,UO_0000065,,94.0,,94.0,COc1ccc(-c2ccc(S(=O)(=O)c3ccccc3CC(=O)NO)cc2)cc1,active
,,2923407,[],CHEMBL1042352,Inhibition of para-aminophenylmercuric acetate-activated human recombinant pro-MMP9 catalytic domain after 4 hrs by fluorimetry,B,,,BAO_0000190,BAO_0000357,single protein format,COc1ccc(S(=O)(=O)c2ccccc2CC(=O)NO)cc1,,,CHEMBL1154164,J Med Chem,2009.0,"{'bei': '21.81', 'le': '0.44', 'lle': '5.43', 'sei': '7.56'}",,CHEMBL573714,,CHEMBL573714,7.01,0,http://www.openphacts.org/units/Nanomolar,848765,=,1,1,=,,IC50,nM,,98.0,CHEMBL321,Homo sapiens,Matrix metalloproteinase-9,9606,,,IC50,nM,UO_0000065,,98.0,,98.0,COc1ccc(S(=O)(=O)c2ccccc2CC(=O)NO)cc1,active
,,2923425,[],CHEMBL1042352,Inhibition of para-aminophenylmercuric acetate-activated human recombinant pro-MMP9 catalytic domain after 4 hrs by fluorimetry,B,,,BAO_0000190,BAO_0000357,single protein format,O=C(Cc1ccccc1S(=O)(=O)c1ccc(-c2ccccc2)cc1)NO,,,CHEMBL1154164,J Med Chem,2009.0,"{'bei': '17.71', 'le': '0.34', 'lle': '3.28', 'sei': '7.80'}",,CHEMBL574370,,CHEMBL574370,6.51,0,http://www.openphacts.org/units/Nanomolar,848643,=,1,1,=,,IC50,nM,,310.0,CHEMBL321,Homo sapiens,Matrix metalloproteinase-9,9606,,,IC50,nM,UO_0000065,,310.0,,310.0,O=C(Cc1ccccc1S(=O)(=O)c1ccc(-c2ccccc2)cc1)NO,active
,,2923427,[],CHEMBL1042352,Inhibition of para-aminophenylmercuric acetate-activated human recombinant pro-MMP9 catalytic domain after 4 hrs by fluorimetry,B,,,BAO_0000190,BAO_0000357,single protein format,CC(C(=O)NO)c1ccccc1S(=O)(=O)c1ccc(-c2ccccc2)cc1,,,CHEMBL1154164,J Med Chem,2009.0,"{'bei': '16.96', 'le': '0.33', 'lle': '2.67', 'sei': '7.75'}",,CHEMBL574605,,CHEMBL574605,6.47,0,http://www.openphacts.org/units/Nanomolar,848688,=,1,1,=,,IC50,nM,,340.0,CHEMBL321,Homo sapiens,Matrix metalloproteinase-9,9606,,,IC50,nM,UO_0000065,,340.0,,340.0,CC(C(=O)NO)c1ccccc1S(=O)(=O)c1ccc(-c2ccccc2)cc1,active
,,2923432,[],CHEMBL1042352,Inhibition of para-aminophenylmercuric acetate-activated human recombinant pro-MMP9 catalytic domain after 4 hrs by fluorimetry,B,,,BAO_0000190,BAO_0000357,single protein format,COc1ccc(Oc2ccc(S(=O)(=O)c3ccccc3C(=O)NO)cc2)cc1,,,CHEMBL1154164,J Med Chem,2009.0,"{'bei': '15.99', 'le': '0.31', 'lle': '2.95', 'sei': '6.27'}",,CHEMBL584122,,CHEMBL584122,6.39,0,http://www.openphacts.org/units/Nanomolar,848724,=,1,1,=,,IC50,nM,,410.0,CHEMBL321,Homo sapiens,Matrix metalloproteinase-9,9606,,,IC50,nM,UO_0000065,,410.0,,410.0,COc1ccc(Oc2ccc(S(=O)(=O)c3ccccc3C(=O)NO)cc2)cc1,active
,,2923433,[],CHEMBL1042352,Inhibition of para-aminophenylmercuric acetate-activated human recombinant pro-MMP9 catalytic domain after 4 hrs by fluorimetry,B,,,BAO_0000190,BAO_0000357,single protein format,COc1ccc(Oc2ccc(S(=O)(=O)c3ccccc3CC(=O)O)cc2)cc1,,,CHEMBL1154164,J Med Chem,2009.0,"{'bei': '16.00', 'le': '0.31', 'lle': '2.43', 'sei': '7.09'}",,CHEMBL579067,,CHEMBL579067,6.38,0,http://www.openphacts.org/units/Nanomolar,848735,=,1,1,=,,IC50,nM,,420.0,CHEMBL321,Homo sapiens,Matrix metalloproteinase-9,9606,,,IC50,nM,UO_0000065,,420.0,,420.0,COc1ccc(Oc2ccc(S(=O)(=O)c3ccccc3CC(=O)O)cc2)cc1,active
,,2923438,[],CHEMBL1042352,Inhibition of para-aminophenylmercuric acetate-activated human recombinant pro-MMP9 catalytic domain after 4 hrs by fluorimetry,B,,,BAO_0000190,BAO_0000357,single protein format,O=C(NO)c1ccccc1S(=O)(=O)c1ccc(Oc2ccccc2)cc1,,,CHEMBL1154164,J Med Chem,2009.0,"{'bei': '16.68', 'le': '0.32', 'lle': '2.73', 'sei': '6.65'}",,CHEMBL575896,,CHEMBL575896,6.16,0,http://www.openphacts.org/units/Nanomolar,848723,=,1,1,=,,IC50,nM,,690.0,CHEMBL321,Homo sapiens,Matrix metalloproteinase-9,9606,,,IC50,nM,UO_0000065,,690.0,,690.0,O=C(NO)c1ccccc1S(=O)(=O)c1ccc(Oc2ccccc2)cc1,active
,,2923442,[],CHEMBL1042352,Inhibition of para-aminophenylmercuric acetate-activated human recombinant pro-MMP9 catalytic domain after 4 hrs by fluorimetry,B,,,BAO_0000190,BAO_0000357,single protein format,COc1ccc(-c2ccc(S(=O)(=O)c3ccccc3CC(=O)O)cc2)cc1,,,CHEMBL1154164,J Med Chem,2009.0,"{'bei': '16.05', 'le': '0.31', 'lle': '2.32', 'sei': '7.61'}",,CHEMBL573936,,CHEMBL573936,6.14,0,http://www.openphacts.org/units/Nanomolar,848750,=,1,1,=,,IC50,nM,,730.0,CHEMBL321,Homo sapiens,Matrix metalloproteinase-9,9606,,,IC50,nM,UO_0000065,,730.0,,730.0,COc1ccc(-c2ccc(S(=O)(=O)c3ccccc3CC(=O)O)cc2)cc1,active
,,2923447,[],CHEMBL1042352,Inhibition of para-aminophenylmercuric acetate-activated human recombinant pro-MMP9 catalytic domain after 4 hrs by fluorimetry,B,,,BAO_0000190,BAO_0000357,single protein format,COc1ccc(-c2ccc(S(=O)(=O)c3ccccc3C(=O)NO)cc2)cc1,,,CHEMBL1154164,J Med Chem,2009.0,"{'bei': '15.73', 'le': '0.31', 'lle': '2.72', 'sei': '6.51'}",,CHEMBL573934,,CHEMBL573934,6.03,0,http://www.openphacts.org/units/Nanomolar,848748,=,1,1,=,,IC50,nM,,930.0,CHEMBL321,Homo sapiens,Matrix metalloproteinase-9,9606,,,IC50,nM,UO_0000065,,930.0,,930.0,COc1ccc(-c2ccc(S(=O)(=O)c3ccccc3C(=O)NO)cc2)cc1,active
,,2923473,[],CHEMBL1042352,Inhibition of para-aminophenylmercuric acetate-activated human recombinant pro-MMP9 catalytic domain after 4 hrs by fluorimetry,B,,,BAO_0000190,BAO_0000357,single protein format,COc1ccc(-c2ccc(S(=O)(=O)c3ccccc3C(C)C(=O)O)cc2)cc1,,,CHEMBL1154164,J Med Chem,2009.0,"{'bei': '13.93', 'le': '0.27', 'lle': '1.14', 'sei': '6.85'}",,CHEMBL584147,,CHEMBL584147,5.52,0,http://www.openphacts.org/units/Nanomolar,848779,=,1,1,=,,IC50,nM,,3000.0,CHEMBL321,Homo sapiens,Matrix metalloproteinase-9,9606,,,IC50,nM,UO_0000065,,3000.0,,3000.0,COc1ccc(-c2ccc(S(=O)(=O)c3ccccc3C(C)C(=O)O)cc2)cc1,intermediate
,,2923487,[],CHEMBL1042352,Inhibition of para-aminophenylmercuric acetate-activated human recombinant pro-MMP9 catalytic domain after 4 hrs by fluorimetry,B,,,BAO_0000190,BAO_0000357,single protein format,O=C(O)Cc1ccccc1S(=O)(=O)c1ccc(-c2ccccc2)cc1,,,CHEMBL1154164,J Med Chem,2009.0,"{'bei': '14.58', 'le': '0.28', 'lle': '1.33', 'sei': '7.19'}",,CHEMBL573935,,CHEMBL573935,5.14,0,http://www.openphacts.org/units/Nanomolar,848749,=,1,1,=,,IC50,nM,,7300.0,CHEMBL321,Homo sapiens,Matrix metalloproteinase-9,9606,,,IC50,nM,UO_0000065,,7300.0,,7300.0,O=C(O)Cc1ccccc1S(=O)(=O)c1ccc(-c2ccccc2)cc1,intermediate
,,2923489,[],CHEMBL1042352,Inhibition of para-aminophenylmercuric acetate-activated human recombinant pro-MMP9 catalytic domain after 4 hrs by fluorimetry,B,,,BAO_0000190,BAO_0000357,single protein format,O=C(NO)c1ccccc1S(=O)(=O)c1ccc(-c2ccccc2)cc1,,,CHEMBL1154164,J Med Chem,2009.0,"{'bei': '14.47', 'le': '0.28', 'lle': '1.80', 'sei': '6.13'}",,CHEMBL574589,,CHEMBL574589,5.11,0,http://www.openphacts.org/units/Nanomolar,848733,=,1,1,=,,IC50,nM,,7700.0,CHEMBL321,Homo sapiens,Matrix metalloproteinase-9,9606,,,IC50,nM,UO_0000065,,7700.0,,7700.0,O=C(NO)c1ccccc1S(=O)(=O)c1ccc(-c2ccccc2)cc1,intermediate
,,2923500,[],CHEMBL1042352,Inhibition of para-aminophenylmercuric acetate-activated human recombinant pro-MMP9 catalytic domain after 4 hrs by fluorimetry,B,,,BAO_0000190,BAO_0000357,single protein format,CC(C(=O)O)c1ccccc1S(=O)(=O)c1ccc(-c2ccccc2)cc1,,,CHEMBL1154164,J Med Chem,2009.0,"{'bei': '12.82', 'le': '0.25', 'lle': '0.33', 'sei': '6.58'}",,CHEMBL579068,,CHEMBL579068,4.70,0,http://www.openphacts.org/units/Nanomolar,848778,=,1,1,=,,IC50,nM,,20000.0,CHEMBL321,Homo sapiens,Matrix metalloproteinase-9,9606,,,IC50,nM,UO_0000065,,20000.0,,20000.0,CC(C(=O)O)c1ccccc1S(=O)(=O)c1ccc(-c2ccccc2)cc1,inactive
,,2923504,[],CHEMBL1042352,Inhibition of para-aminophenylmercuric acetate-activated human recombinant pro-MMP9 catalytic domain after 4 hrs by fluorimetry,B,,,BAO_0000190,BAO_0000357,single protein format,COc1ccc(S(=O)(=O)c2ccccc2C(=O)NO)cc1,,,CHEMBL1154164,J Med Chem,2009.0,"{'bei': '15.03', 'le': '0.30', 'lle': '2.97', 'sei': '4.98'}",,CHEMBL575895,,CHEMBL575895,4.62,0,http://www.openphacts.org/units/Nanomolar,848722,=,1,1,=,,IC50,nM,,24000.0,CHEMBL321,Homo sapiens,Matrix metalloproteinase-9,9606,,,IC50,nM,UO_0000065,,24000.0,,24000.0,COc1ccc(S(=O)(=O)c2ccccc2C(=O)NO)cc1,inactive
,,2923513,[],CHEMBL1042352,Inhibition of para-aminophenylmercuric acetate-activated human recombinant pro-MMP9 catalytic domain after 4 hrs by fluorimetry,B,,,BAO_0000190,BAO_0000357,single protein format,C[S+]([O-])c1ccc(Oc2ccc(S(=O)(=O)c3ccccc3C(=O)NO)cc2)cc1,,,CHEMBL1154164,J Med Chem,2009.0,"{'bei': '9.95', 'le': '0.20', 'lle': '1.12', 'sei': '3.71'}",,CHEMBL576762,,CHEMBL576762,4.29,0,http://www.openphacts.org/units/Nanomolar,848732,=,1,1,=,,IC50,nM,,51000.0,CHEMBL321,Homo sapiens,Matrix metalloproteinase-9,9606,,,IC50,nM,UO_0000065,,51000.0,,51000.0,C[S+]([O-])c1ccc(Oc2ccc(S(=O)(=O)c3ccccc3C(=O)NO)cc2)cc1,inactive
,,2923564,[],CHEMBL1045856,Inhibition of human recombinant MMP9,B,,,BAO_0000190,BAO_0000357,single protein format,O=C(O)CC(O)CCc1ccc(-c2ccccc2)cc1,,,CHEMBL1155192,Bioorg Med Chem Lett,2009.0,"{'bei': '18.42', 'le': '0.34', 'lle': '1.86', 'sei': '8.65'}",,CHEMBL572982,,CHEMBL572982,4.98,0,http://www.openphacts.org/units/Nanomolar,849803,=,1,1,=,,IC50,nM,,10500.0,CHEMBL321,Homo sapiens,Matrix metalloproteinase-9,9606,,,IC50,uM,UO_0000065,,10.5,,10500.0,O=C(O)CC(O)CCc1ccc(-c2ccccc2)cc1,inactive
,,2923565,[],CHEMBL1045856,Inhibition of human recombinant MMP9,B,,,BAO_0000190,BAO_0000357,single protein format,O=C(O)CC(O)CCc1ccc(-c2ccccc2)cc1,,,CHEMBL1155192,Bioorg Med Chem Lett,2009.0,"{'bei': '17.46', 'le': '0.32', 'lle': '1.60', 'sei': '8.20'}",,CHEMBL572982,,CHEMBL572982,4.72,0,http://www.openphacts.org/units/Nanomolar,849804,=,1,1,=,,IC50,nM,,19100.0,CHEMBL321,Homo sapiens,Matrix metalloproteinase-9,9606,,,IC50,uM,UO_0000065,,19.1,,19100.0,O=C(O)CC(O)CCc1ccc(-c2ccccc2)cc1,inactive
,,2923566,[],CHEMBL1045856,Inhibition of human recombinant MMP9,B,,,BAO_0000190,BAO_0000357,single protein format,O=C(O)CC(O)CCc1ccc(-c2ccccc2)cc1,,,CHEMBL1155192,Bioorg Med Chem Lett,2009.0,"{'bei': '17.69', 'le': '0.33', 'lle': '1.66', 'sei': '8.31'}",,CHEMBL572982,,CHEMBL572982,4.78,0,http://www.openphacts.org/units/Nanomolar,849796,=,1,1,=,,IC50,nM,,16500.0,CHEMBL321,Homo sapiens,Matrix metalloproteinase-9,9606,,,IC50,uM,UO_0000065,,16.5,,16500.0,O=C(O)CC(O)CCc1ccc(-c2ccccc2)cc1,inactive
,,2923901,[],CHEMBL1042352,Inhibition of para-aminophenylmercuric acetate-activated human recombinant pro-MMP9 catalytic domain after 4 hrs by fluorimetry,B,,,BAO_0000190,BAO_0000357,single protein format,CC(C)ON([C@@H](C(=O)O)C(C)C)S(=O)(=O)c1ccc(-c2ccccc2)cc1,,,CHEMBL1154164,J Med Chem,2009.0,"{'bei': '11.80', 'le': '0.23', 'lle': '0.83', 'sei': '5.51'}",,CHEMBL575881,,CHEMBL575881,4.62,0,http://www.openphacts.org/units/Nanomolar,848599,=,1,1,=,,IC50,nM,,24000.0,CHEMBL321,Homo sapiens,Matrix metalloproteinase-9,9606,,,IC50,nM,UO_0000065,,24000.0,,24000.0,CC(C)ON([C@@H](C(=O)O)C(C)C)S(=O)(=O)c1ccc(-c2ccccc2)cc1,inactive
,,3102499,[],CHEMBL1066259,Inhibition of human neutrophils gelatinase B after 30 mins by fluorescence plate reader,B,,,BAO_0000190,BAO_0000357,single protein format,Oc1cc(O)c2c(c1)O[C@H](c1ccc(O)c(O)c1)[C@H](O)[C@H]2c1c(O)cc(O)c2c1O[C@H](c1ccc(O)c(O)c1)[C@H](O)[C@H]2c1c(O)cc(O)c2c1O[C@H](c1ccc(O)c(O)c1)[C@H](O)C2,,,CHEMBL1159106,Bioorg Med Chem Lett,2010.0,"{'bei': '4.93', 'le': '0.09', 'lle': '-0.17', 'sei': '1.29'}",,CHEMBL290632,PROCYANIDIN C1,CHEMBL290632,4.27,0,http://www.openphacts.org/units/Nanomolar,885159,=,1,1,=,,IC50,nM,,53200.0,CHEMBL321,Homo sapiens,Matrix metalloproteinase-9,9606,,,IC50,uM,UO_0000065,,53.2,,53200.0,Oc1cc(O)c2c(c1)O[C@H](c1ccc(O)c(O)c1)[C@H](O)[C@H]2c1c(O)cc(O)c2c1O[C@H](c1ccc(O)c(O)c1)[C@H](O)[C@H]2c1c(O)cc(O)c2c1O[C@H](c1ccc(O)c(O)c1)[C@H](O)C2,inactive
,,3102501,[],CHEMBL1066259,Inhibition of human neutrophils gelatinase B after 30 mins by fluorescence plate reader,B,,,BAO_0000190,BAO_0000357,single protein format,Oc1cc(O)c2c(c1)O[C@H](c1ccc(O)c(O)c1)[C@H](O)[C@H]2c1c(O)cc(O)c2c1O[C@H](c1ccc(O)c(O)c1)[C@H](O)[C@H]2c1c(O)cc2c(c1O)C[C@@H](O)[C@@H](c1ccc(O)c(O)c1)O2,,,CHEMBL1159106,Bioorg Med Chem Lett,2010.0,"{'bei': '5.27', 'le': '0.10', 'lle': '0.12', 'sei': '1.38'}",,CHEMBL592329,,CHEMBL592329,4.56,0,http://www.openphacts.org/units/Nanomolar,885160,=,1,1,=,,IC50,nM,,27300.0,CHEMBL321,Homo sapiens,Matrix metalloproteinase-9,9606,,,IC50,uM,UO_0000065,,27.3,,27300.0,Oc1cc(O)c2c(c1)O[C@H](c1ccc(O)c(O)c1)[C@H](O)[C@H]2c1c(O)cc(O)c2c1O[C@H](c1ccc(O)c(O)c1)[C@H](O)[C@H]2c1c(O)cc2c(c1O)C[C@@H](O)[C@@H](c1ccc(O)c(O)c1)O2,inactive
,,3102503,[],CHEMBL1066259,Inhibition of human neutrophils gelatinase B after 30 mins by fluorescence plate reader,B,,,BAO_0000190,BAO_0000357,single protein format,Oc1cc(O)c2c(c1)O[C@H](c1ccc(O)c(O)c1)[C@H](O)[C@H]2c1c(O)cc2c(c1O)C(c1c(O)cc(O)c3c1O[C@H](c1ccc(O)c(O)c1)[C@H](O)C3)[C@@H](O)[C@@H](c1ccc(O)c(O)c1)O2,,,CHEMBL1159106,Bioorg Med Chem Lett,2010.0,"{'bei': '6.50', 'le': '0.12', 'lle': '1.20', 'sei': '1.70'}",,CHEMBL592228,,CHEMBL592228,5.64,0,http://www.openphacts.org/units/Nanomolar,885161,=,1,1,=,,IC50,nM,,2300.0,CHEMBL321,Homo sapiens,Matrix metalloproteinase-9,9606,,,IC50,uM,UO_0000065,,2.3,,2300.0,Oc1cc(O)c2c(c1)O[C@H](c1ccc(O)c(O)c1)[C@H](O)[C@H]2c1c(O)cc2c(c1O)C(c1c(O)cc(O)c3c1O[C@H](c1ccc(O)c(O)c1)[C@H](O)C3)[C@@H](O)[C@@H](c1ccc(O)c(O)c1)O2,intermediate
,,3102505,[],CHEMBL1066259,Inhibition of human neutrophils gelatinase B after 30 mins by fluorescence plate reader,B,,,BAO_0000190,BAO_0000357,single protein format,Oc1cc(O)c2c(c1)O[C@H](c1ccc(O)c(O)c1)[C@H](O)[C@H]2c1c(O)cc(O)c2c1O[C@H](c1ccc(O)c(O)c1)[C@H](O)[C@H]2c1c(O)cc(O)c2c1O[C@H](c1ccc(O)c(O)c1)[C@H](O)[C@H]2c1c(O)cc(O)c2c1O[C@H](c1ccc(O)c(O)c1)[C@H](O)[C@H]2c1c(O)cc(O)c2c1O[C@H](c1ccc(O)c(O)c1)[C@H](O)C2,,,CHEMBL1159106,Bioorg Med Chem Lett,2010.0,"{'bei': '3.05', 'le': None, 'lle': None, 'sei': None}",,CHEMBL592373,,CHEMBL592373,4.41,0,http://www.openphacts.org/units/Nanomolar,885162,=,1,1,=,,IC50,nM,,39200.0,CHEMBL321,Homo sapiens,Matrix metalloproteinase-9,9606,,,IC50,uM,UO_0000065,,39.2,,39200.0,Oc1cc(O)c2c(c1)O[C@H](c1ccc(O)c(O)c1)[C@H](O)[C@H]2c1c(O)cc(O)c2c1O[C@H](c1ccc(O)c(O)c1)[C@H](O)[C@H]2c1c(O)cc(O)c2c1O[C@H](c1ccc(O)c(O)c1)[C@H](O)[C@H]2c1c(O)cc(O)c2c1O[C@H](c1ccc(O)c(O)c1)[C@H](O)[C@H]2c1c(O)cc(O)c2c1O[C@H](c1ccc(O)c(O)c1)[C@H](O)C2,inactive
,,3102507,[],CHEMBL1066259,Inhibition of human neutrophils gelatinase B after 30 mins by fluorescence plate reader,B,,,BAO_0000190,BAO_0000357,single protein format,N=C(NCCCCCCNC(=N)NC(=N)Nc1ccc(Cl)cc1)NC(=N)Nc1ccc(Cl)cc1,,,CHEMBL1159106,Bioorg Med Chem Lett,2010.0,"{'bei': '10.12', 'le': '0.21', 'lle': '0.94', 'sei': '3.05'}",,CHEMBL790,CHLORHEXIDINE,CHEMBL790,5.12,0,http://www.openphacts.org/units/Nanomolar,885164,=,1,1,=,,IC50,nM,,7630.0,CHEMBL321,Homo sapiens,Matrix metalloproteinase-9,9606,,,IC50,uM,UO_0000065,,7.63,,7630.0,N=C(NCCCCCCNC(=N)NC(=N)Nc1ccc(Cl)cc1)NC(=N)Nc1ccc(Cl)cc1,intermediate
,,5112061,[],CHEMBL1640797,Inhibition of human MMP9 in cell-free system by fluorescent spectroscopy,B,,,BAO_0000190,BAO_0000357,single protein format,CCN(CC)CCOc1ccc(CCC(Cc2cc3ccc(C)cc3oc2=O)C(=O)NO)cc1,,,CHEMBL1629442,Bioorg Med Chem,2010.0,"{'bei': '9.94', 'le': '0.19', 'lle': '0.52', 'sei': '5.04'}",,CHEMBL1630091,,CHEMBL1630091,4.64,0,http://www.openphacts.org/units/Nanomolar,1312796,=,1,1,=,,IC50,nM,,23000.0,CHEMBL321,Homo sapiens,Matrix metalloproteinase-9,9606,,,IC50,uM,UO_0000065,,23.0,,23000.0,CCN(CC)CCOc1ccc(CCC(Cc2cc3ccc(C)cc3oc2=O)C(=O)NO)cc1,inactive
,,6174009,[],CHEMBL1768155,Inhibition of human recombinant MMP9 after 60 mins by fluorescence plate reader,B,,,BAO_0000190,BAO_0000357,single protein format,C[C@@H]1[C@H](c2ccccc2)[C@]1(NS(=O)(=O)c1ccc(-n2cc(Cl)cn2)s1)C(=O)O,,,CHEMBL1765003,J Med Chem,2011.0,"{'bei': '16.52', 'le': '0.35', 'lle': '4.12', 'sei': '7.14'}",,CHEMBL1078281,,CHEMBL1078281,7.24,0,http://www.openphacts.org/units/Nanomolar,1417911,=,1,1,=,,IC50,nM,,58.0,CHEMBL321,Homo sapiens,Matrix metalloproteinase-9,9606,,,IC50,uM,UO_0000065,,0.058,,58.0,C[C@@H]1[C@H](c2ccccc2)[C@]1(NS(=O)(=O)c1ccc(-n2cc(Cl)cn2)s1)C(=O)O,active
,,6177000,[],CHEMBL1771913,Inhibition of human MMP-9,B,,,BAO_0000190,BAO_0000357,single protein format,COCCN1CCC(C(=O)NO)(S(=O)(=O)c2ccc(Oc3ccc(OC(F)(F)F)cc3)cc2)CC1,,,CHEMBL1770140,Bioorg Med Chem Lett,2011.0,"{'bei': '18.71', 'le': '0.38', 'lle': '6.56', 'sei': '8.48'}",,CHEMBL1771212,,CHEMBL1771212,9.70,0,http://www.openphacts.org/units/Nanomolar,1419855,=,1,1,=,,IC50,nM,,0.2,CHEMBL321,Homo sapiens,Matrix metalloproteinase-9,9606,,,IC50,nM,UO_0000065,,0.2,,0.2,COCCN1CCC(C(=O)NO)(S(=O)(=O)c2ccc(Oc3ccc(OC(F)(F)F)cc3)cc2)CC1,active
,,6177001,[],CHEMBL1771913,Inhibition of human MMP-9,B,,,BAO_0000190,BAO_0000357,single protein format,COc1ccc(C(=O)N2CCN(c3ccc(S(=O)(=O)C4(C(=O)NO)CCOCC4)cc3)CC2)cc1,,,CHEMBL1770140,Bioorg Med Chem Lett,2011.0,"{'bei': '11.76', 'le': '0.23', 'lle': '4.43', 'sei': '4.72'}",,CHEMBL1771213,,CHEMBL1771213,5.92,0,http://www.openphacts.org/units/Nanomolar,1419856,=,1,1,=,,IC50,nM,,1200.0,CHEMBL321,Homo sapiens,Matrix metalloproteinase-9,9606,,,IC50,nM,UO_0000065,,1200.0,,1200.0,COc1ccc(C(=O)N2CCN(c3ccc(S(=O)(=O)C4(C(=O)NO)CCOCC4)cc3)CC2)cc1,intermediate
,,6177003,[],CHEMBL1771913,Inhibition of human MMP-9,B,,,BAO_0000190,BAO_0000357,single protein format,COc1ccc(-c2nnn(CCCOc3ccc(S(=O)(=O)C4(C(=O)NO)CCOCC4)cc3)n2)cc1,,,CHEMBL1770140,Bioorg Med Chem Lett,2011.0,"{'bei': '11.51', 'le': '0.23', 'lle': '4.31', 'sei': '3.85'}",,CHEMBL1771214,,CHEMBL1771214,5.96,0,http://www.openphacts.org/units/Nanomolar,1419858,=,1,1,=,,IC50,nM,,1100.0,CHEMBL321,Homo sapiens,Matrix metalloproteinase-9,9606,,,IC50,nM,UO_0000065,,1100.0,,1100.0,COc1ccc(-c2nnn(CCCOc3ccc(S(=O)(=O)C4(C(=O)NO)CCOCC4)cc3)n2)cc1,intermediate
,,6183082,[],CHEMBL1772892,Inhibition of human MMP9,B,,,BAO_0000190,BAO_0000357,single protein format,CN(C)c1ccc(C(=O)CCCCOc2ccc(S(=O)(=O)C3(C(=O)NO)CCOCC3)cc2)cc1,,,CHEMBL1770058,Bioorg Med Chem Lett,2011.0,"{'bei': '11.81', 'le': '0.23', 'lle': '2.95', 'sei': '4.87'}",,CHEMBL1770699,,CHEMBL1770699,5.96,0,http://www.openphacts.org/units/Nanomolar,1419259,=,1,1,=,,IC50,nM,,1100.0,CHEMBL321,Homo sapiens,Matrix metalloproteinase-9,9606,,,IC50,nM,UO_0000065,,1100.0,,1100.0,CN(C)c1ccc(C(=O)CCCCOc2ccc(S(=O)(=O)C3(C(=O)NO)CCOCC3)cc2)cc1,intermediate
,,6183085,[],CHEMBL1772892,Inhibition of human MMP9,B,,,BAO_0000190,BAO_0000357,single protein format,O=C(NCCCOc1ccc(S(=O)(=O)C2(C(=O)NO)CCOCC2)cc1)c1ccc(OC(F)(F)F)cc1,,,CHEMBL1770058,Bioorg Med Chem Lett,2011.0,"{'bei': '10.35', 'le': '0.21', 'lle': '3.05', 'sei': '4.03'}",,CHEMBL1770702,,CHEMBL1770702,5.66,0,http://www.openphacts.org/units/Nanomolar,1419262,=,1,1,=,,IC50,nM,,2200.0,CHEMBL321,Homo sapiens,Matrix metalloproteinase-9,9606,,,IC50,nM,UO_0000065,,2200.0,,2200.0,O=C(NCCCOc1ccc(S(=O)(=O)C2(C(=O)NO)CCOCC2)cc1)c1ccc(OC(F)(F)F)cc1,intermediate
,,6183090,[],CHEMBL1772892,Inhibition of human MMP9,B,,,BAO_0000190,BAO_0000357,single protein format,CN(C)c1ccc(C(=O)CCCOc2ccc(S(=O)(=O)C3(C(=O)NO)CCOCC3)cc2)cc1,,,CHEMBL1770058,Bioorg Med Chem Lett,2011.0,"{'bei': '12.29', 'le': '0.24', 'lle': '3.41', 'sei': '4.93'}",,CHEMBL1770707,,CHEMBL1770707,6.03,0,http://www.openphacts.org/units/Nanomolar,1419267,=,1,1,=,,IC50,nM,,930.0,CHEMBL321,Homo sapiens,Matrix metalloproteinase-9,9606,,,IC50,nM,UO_0000065,,930.0,,930.0,CN(C)c1ccc(C(=O)CCCOc2ccc(S(=O)(=O)C3(C(=O)NO)CCOCC3)cc2)cc1,active
,,6183091,[],CHEMBL1772892,Inhibition of human MMP9,B,,,BAO_0000190,BAO_0000357,single protein format,CN(C)c1ccc(NC(=O)CCCOc2ccc(S(=O)(=O)C3(C(=O)NO)CCOCC3)cc2)cc1,,,CHEMBL1770058,Bioorg Med Chem Lett,2011.0,"{'bei': '11.90', 'le': '0.23', 'lle': '3.64', 'sei': '4.48'}",,CHEMBL1770708,,CHEMBL1770708,6.02,0,http://www.openphacts.org/units/Nanomolar,1419268,=,1,1,=,,IC50,nM,,960.0,CHEMBL321,Homo sapiens,Matrix metalloproteinase-9,9606,,,IC50,nM,UO_0000065,,960.0,,960.0,CN(C)c1ccc(NC(=O)CCCOc2ccc(S(=O)(=O)C3(C(=O)NO)CCOCC3)cc2)cc1,active
,,6183092,[],CHEMBL1772892,Inhibition of human MMP9,B,,,BAO_0000190,BAO_0000357,single protein format,COc1ccc(NC(=O)CCCOc2ccc(S(=O)(=O)C3(C(=O)NO)CCOCC3)cc2)cc1,,,CHEMBL1770058,Bioorg Med Chem Lett,2011.0,"{'bei': '15.51', 'le': '0.31', 'lle': '5.32', 'sei': '5.45'}",,CHEMBL1770157,,CHEMBL1770157,7.64,0,http://www.openphacts.org/units/Nanomolar,1419255,=,1,1,=,,IC50,nM,,23.0,CHEMBL321,Homo sapiens,Matrix metalloproteinase-9,9606,,,IC50,nM,UO_0000065,,23.0,,23.0,COc1ccc(NC(=O)CCCOc2ccc(S(=O)(=O)C3(C(=O)NO)CCOCC3)cc2)cc1,active
,,6183093,[],CHEMBL1772892,Inhibition of human MMP9,B,,,BAO_0000190,BAO_0000357,single protein format,O=C(CCCOc1ccc(S(=O)(=O)C2(C(=O)NO)CCOCC2)cc1)Nc1ccc(OC(F)(F)F)cc1,,,CHEMBL1770058,Bioorg Med Chem Lett,2011.0,"{'bei': '12.34', 'le': '0.25', 'lle': '3.53', 'sei': '4.81'}",,CHEMBL1770709,,CHEMBL1770709,6.75,0,http://www.openphacts.org/units/Nanomolar,1419269,=,1,1,=,,IC50,nM,,180.0,CHEMBL321,Homo sapiens,Matrix metalloproteinase-9,9606,,,IC50,nM,UO_0000065,,180.0,,180.0,O=C(CCCOc1ccc(S(=O)(=O)C2(C(=O)NO)CCOCC2)cc1)Nc1ccc(OC(F)(F)F)cc1,active
,,6183094,[],CHEMBL1772892,Inhibition of human MMP9,B,,,BAO_0000190,BAO_0000357,single protein format,CN(C(=O)CCCOc1ccc(S(=O)(=O)C2(C(=O)NO)CCOCC2)cc1)c1ccc(OC(F)(F)F)cc1,,,CHEMBL1770058,Bioorg Med Chem Lett,2011.0,"{'bei': '11.45', 'le': '0.23', 'lle': '3.18', 'sei': '4.88'}",,CHEMBL1770697,,CHEMBL1770697,6.42,0,http://www.openphacts.org/units/Nanomolar,1419256,=,1,1,=,,IC50,nM,,380.0,CHEMBL321,Homo sapiens,Matrix metalloproteinase-9,9606,,,IC50,nM,UO_0000065,,380.0,,380.0,CN(C(=O)CCCOc1ccc(S(=O)(=O)C2(C(=O)NO)CCOCC2)cc1)c1ccc(OC(F)(F)F)cc1,active
,,6183095,[],CHEMBL1772892,Inhibition of human MMP9,B,,,BAO_0000190,BAO_0000357,single protein format,O=C(CCCOc1ccc(S(=O)(=O)C2(C(=O)NO)CCOCC2)cc1)N1CCCCC1,,,CHEMBL1770058,Bioorg Med Chem Lett,2011.0,"{'bei': '13.58', 'le': '0.27', 'lle': '4.48', 'sei': '5.05'}",,CHEMBL1770710,,CHEMBL1770710,6.17,0,http://www.openphacts.org/units/Nanomolar,1419270,=,1,1,=,,IC50,nM,,670.0,CHEMBL321,Homo sapiens,Matrix metalloproteinase-9,9606,,,IC50,nM,UO_0000065,,670.0,,670.0,O=C(CCCOc1ccc(S(=O)(=O)C2(C(=O)NO)CCOCC2)cc1)N1CCCCC1,active
,,6183096,[],CHEMBL1772892,Inhibition of human MMP9,B,,,BAO_0000190,BAO_0000357,single protein format,CN(C)c1ccc(NC(=O)CCCCOc2ccc(S(=O)(=O)C3(C(=O)NO)CCOCC3)cc2)cc1,,,CHEMBL1770058,Bioorg Med Chem Lett,2011.0,"{'bei': '12.13', 'le': '0.24', 'lle': '3.53', 'sei': '4.69'}",,CHEMBL1770711,,CHEMBL1770711,6.30,0,http://www.openphacts.org/units/Nanomolar,1419271,=,1,1,=,,IC50,nM,,500.0,CHEMBL321,Homo sapiens,Matrix metalloproteinase-9,9606,,,IC50,nM,UO_0000065,,500.0,,500.0,CN(C)c1ccc(NC(=O)CCCCOc2ccc(S(=O)(=O)C3(C(=O)NO)CCOCC3)cc2)cc1,active
,,6215742,[],CHEMBL1787045,Inhibition of recombinant human MMP-9 assessed as substrate cleavage after 20 hrs by fluorescence assay,B,,,BAO_0000190,BAO_0000357,single protein format,Cc1cc(Cl)ccc1CCC1CCN(S(=O)(=O)CC2(N(O)C=O)CCOCC2)CC1,,,CHEMBL1781898,Bioorg Med Chem Lett,2011.0,"{'bei': '12.90', 'le': '0.27', 'lle': '2.90', 'sei': '6.79'}",,CHEMBL1784358,,CHEMBL1784358,5.92,0,http://www.openphacts.org/units/Nanomolar,1429294,=,1,1,=,,IC50,nM,,1200.0,CHEMBL321,Homo sapiens,Matrix metalloproteinase-9,9606,,,IC50,nM,UO_0000065,,1200.0,,1200.0,Cc1cc(Cl)ccc1CCC1CCN(S(=O)(=O)CC2(N(O)C=O)CCOCC2)CC1,intermediate
,,6215746,[],CHEMBL1787045,Inhibition of recombinant human MMP-9 assessed as substrate cleavage after 20 hrs by fluorescence assay,B,,,BAO_0000190,BAO_0000357,single protein format,O=CN(O)C1(CS(=O)(=O)N2CCC(CCc3ccccc3)CC2)CCOCC1,,,CHEMBL1781898,Bioorg Med Chem Lett,2011.0,"{'bei': '15.04', 'le': '0.30', 'lle': '4.11', 'sei': '7.08'}",,CHEMBL1784362,,CHEMBL1784362,6.17,0,http://www.openphacts.org/units/Nanomolar,1429298,=,1,1,=,,IC50,nM,,670.0,CHEMBL321,Homo sapiens,Matrix metalloproteinase-9,9606,,,IC50,nM,UO_0000065,,670.0,,670.0,O=CN(O)C1(CS(=O)(=O)N2CCC(CCc3ccccc3)CC2)CCOCC1,active
,,6215748,[],CHEMBL1787045,Inhibition of recombinant human MMP-9 assessed as substrate cleavage after 20 hrs by fluorescence assay,B,,,BAO_0000190,BAO_0000357,single protein format,Cc1cccnc1CCC1CCN(S(=O)(=O)CC2(N(O)C=O)CCOCC2)CC1,,,CHEMBL1781898,Bioorg Med Chem Lett,2011.0,"{'bei': '11.92', 'le': '0.24', 'lle': '3.31', 'sei': '5.07'}",,CHEMBL1784364,,CHEMBL1784364,5.07,0,http://www.openphacts.org/units/Nanomolar,1429300,=,1,1,=,,IC50,nM,,8500.0,CHEMBL321,Homo sapiens,Matrix metalloproteinase-9,9606,,,IC50,nM,UO_0000065,,8500.0,,8500.0,Cc1cccnc1CCC1CCN(S(=O)(=O)CC2(N(O)C=O)CCOCC2)CC1,intermediate
,,6215750,[],CHEMBL1787045,Inhibition of recombinant human MMP-9 assessed as substrate cleavage after 20 hrs by fluorescence assay,B,,,BAO_0000190,BAO_0000357,single protein format,Cc1cc(C)c(CCC2CCN(S(=O)(=O)CC3(N(O)C=O)CCOCC3)CC2)cn1,,,CHEMBL1781898,Bioorg Med Chem Lett,2011.0,"{'bei': '11.49', 'le': '0.23', 'lle': '2.98', 'sei': '5.05'}",,CHEMBL1784365,,CHEMBL1784365,5.05,0,http://www.openphacts.org/units/Nanomolar,1429301,=,1,1,=,,IC50,nM,,8900.0,CHEMBL321,Homo sapiens,Matrix metalloproteinase-9,9606,,,IC50,nM,UO_0000065,,8900.0,,8900.0,Cc1cc(C)c(CCC2CCN(S(=O)(=O)CC3(N(O)C=O)CCOCC3)CC2)cn1,intermediate
,,6215754,[],CHEMBL1787045,Inhibition of recombinant human MMP-9 assessed as substrate cleavage after 20 hrs by fluorescence assay,B,,,BAO_0000190,BAO_0000357,single protein format,Cc1cc(F)ccc1CCC1CCN(S(=O)(=O)CC2(N(O)C=O)CCOCC2)CC1,,,CHEMBL1781898,Bioorg Med Chem Lett,2011.0,"{'bei': '12.45', 'le': '0.25', 'lle': '3.00', 'sei': '6.32'}",,CHEMBL1784339,,CHEMBL1784339,5.51,0,http://www.openphacts.org/units/Nanomolar,1429274,=,1,1,=,,IC50,nM,,3100.0,CHEMBL321,Homo sapiens,Matrix metalloproteinase-9,9606,,,IC50,nM,UO_0000065,,3100.0,,3100.0,Cc1cc(F)ccc1CCC1CCN(S(=O)(=O)CC2(N(O)C=O)CCOCC2)CC1,intermediate
,,6263480,[],CHEMBL1799651,Inhibition of human MMP9 by fluorometric assay,B,,,BAO_0000190,BAO_0000357,single protein format,CCCCc1ccc(C#Cc2ccc(S(=O)(=O)NCC(=O)NO)s2)cc1,,,CHEMBL1795253,Eur J Med Chem,2011.0,"{'bei': '18.10', 'le': '0.37', 'lle': '4.83', 'sei': '7.44'}",,CHEMBL1795351,,CHEMBL1795351,7.10,0,http://www.openphacts.org/units/Nanomolar,1435744,=,1,1,=,,IC50,nM,,79.0,CHEMBL321,Homo sapiens,Matrix metalloproteinase-9,9606,,,IC50,nM,UO_0000065,,79.0,,79.0,CCCCc1ccc(C#Cc2ccc(S(=O)(=O)NCC(=O)NO)s2)cc1,active
,,6263487,[],CHEMBL1799651,Inhibition of human MMP9 by fluorometric assay,B,,,BAO_0000190,BAO_0000357,single protein format,CCCCc1ccc(C#Cc2ccc(S(=O)(=O)N[C@H](Cc3ccc(OCc4ccccc4)cc3)C(=O)NO)s2)cc1,,,CHEMBL1795253,Eur J Med Chem,2011.0,"{'bei': '12.23', 'le': '0.24', 'lle': '1.74', 'sei': '6.88'}",,CHEMBL1795857,,CHEMBL1795857,7.20,0,http://www.openphacts.org/units/Nanomolar,1435745,=,1,1,=,,IC50,nM,,63.0,CHEMBL321,Homo sapiens,Matrix metalloproteinase-9,9606,,,IC50,nM,UO_0000065,,63.0,,63.0,CCCCc1ccc(C#Cc2ccc(S(=O)(=O)N[C@H](Cc3ccc(OCc4ccccc4)cc3)C(=O)NO)s2)cc1,active
,,6263494,[],CHEMBL1799651,Inhibition of human MMP9 by fluorometric assay,B,,,BAO_0000190,BAO_0000357,single protein format,CCCCc1ccc(C#Cc2ccc(S(=O)(=O)N[C@H](Cc3ccc(C(=O)c4ccccc4)cc3)C(=O)NO)s2)cc1,,,CHEMBL1795253,Eur J Med Chem,2011.0,"{'bei': '12.44', 'le': '0.24', 'lle': '2.18', 'sei': '6.49'}",,CHEMBL1795858,,CHEMBL1795858,7.30,0,http://www.openphacts.org/units/Nanomolar,1435746,=,1,1,=,,IC50,nM,,50.0,CHEMBL321,Homo sapiens,Matrix metalloproteinase-9,9606,,,IC50,nM,UO_0000065,,50.0,,50.0,CCCCc1ccc(C#Cc2ccc(S(=O)(=O)N[C@H](Cc3ccc(C(=O)c4ccccc4)cc3)C(=O)NO)s2)cc1,active
,,6263501,[],CHEMBL1799651,Inhibition of human MMP9 by fluorometric assay,B,,,BAO_0000190,BAO_0000357,single protein format,CCCCc1ccc(C#Cc2ccc(S(=O)(=O)N[C@H](Cc3c[nH]c4ccccc34)C(=O)NO)s2)cc1,,,CHEMBL1795253,Eur J Med Chem,2011.0,"{'bei': '13.64', 'le': '0.27', 'lle': '2.74', 'sei': '6.39'}",,CHEMBL1795859,,CHEMBL1795859,7.11,0,http://www.openphacts.org/units/Nanomolar,1435747,=,1,1,=,,IC50,nM,,77.0,CHEMBL321,Homo sapiens,Matrix metalloproteinase-9,9606,,,IC50,nM,UO_0000065,,77.0,,77.0,CCCCc1ccc(C#Cc2ccc(S(=O)(=O)N[C@H](Cc3c[nH]c4ccccc34)C(=O)NO)s2)cc1,active
,,6263508,[],CHEMBL1799651,Inhibition of human MMP9 by fluorometric assay,B,,,BAO_0000190,BAO_0000357,single protein format,CCCCc1ccc(C#Cc2ccc(S(=O)(=O)N[C@H](Cc3csc4ccccc34)C(=O)NO)s2)cc1,,,CHEMBL1795253,Eur J Med Chem,2011.0,"{'bei': '11.48', 'le': '0.23', 'lle': '1.09', 'sei': '6.48'}",,CHEMBL1795860,,CHEMBL1795860,6.19,0,http://www.openphacts.org/units/Nanomolar,1435748,=,1,1,=,,IC50,nM,,650.0,CHEMBL321,Homo sapiens,Matrix metalloproteinase-9,9606,,,IC50,nM,UO_0000065,,650.0,,650.0,CCCCc1ccc(C#Cc2ccc(S(=O)(=O)N[C@H](Cc3csc4ccccc34)C(=O)NO)s2)cc1,active
,,6263515,[],CHEMBL1799651,Inhibition of human MMP9 by fluorometric assay,B,,,BAO_0000190,BAO_0000357,single protein format,CCCCc1ccc(C#Cc2ccc(S(=O)(=O)N3CSC[C@H]3C(=O)NO)s2)cc1,,,CHEMBL1795253,Eur J Med Chem,2011.0,"{'bei': '17.04', 'le': '0.36', 'lle': '4.62', 'sei': '8.85'}",,CHEMBL1795861,,CHEMBL1795861,7.68,0,http://www.openphacts.org/units/Nanomolar,1435749,=,1,1,=,,IC50,nM,,21.0,CHEMBL321,Homo sapiens,Matrix metalloproteinase-9,9606,,,IC50,nM,UO_0000065,,21.0,,21.0,CCCCc1ccc(C#Cc2ccc(S(=O)(=O)N3CSC[C@H]3C(=O)NO)s2)cc1,active
,,6263522,[],CHEMBL1799651,Inhibition of human MMP9 by fluorometric assay,B,,,BAO_0000190,BAO_0000357,single protein format,CCCCc1ccc(C#Cc2ccc(S(=O)(=O)N3Cc4ccccc4C[C@@H]3C(=O)NO)s2)cc1,,,CHEMBL1795253,Eur J Med Chem,2011.0,"{'bei': '16.91', 'le': '0.34', 'lle': '4.26', 'sei': '9.65'}",,CHEMBL1795862,,CHEMBL1795862,8.37,0,http://www.openphacts.org/units/Nanomolar,1435750,=,1,1,=,,IC50,nM,,4.3,CHEMBL321,Homo sapiens,Matrix metalloproteinase-9,9606,,,IC50,nM,UO_0000065,,4.3,,4.3,CCCCc1ccc(C#Cc2ccc(S(=O)(=O)N3Cc4ccccc4C[C@@H]3C(=O)NO)s2)cc1,active
,,6269107,[],CHEMBL1806088,Inhibition of human MMP9 assessed as cleavage of fluorogenic peptide MCAPro-Leu-Gly-Leu-Dpa-Ala-Arg-NH2 by fluorometric assay,B,,,BAO_0000190,BAO_0000357,single protein format,CN1CCC(C(=O)NO)(S(=O)(=O)c2ccc(Oc3ccc(OC(F)(F)F)cc3)cc2)CC1,,,CHEMBL1800055,J Med Chem,2010.0,"{'bei': '20.54', 'le': '0.42', 'lle': '6.62', 'sei': '9.27'}",,CHEMBL1801398,,CHEMBL1801398,9.74,0,http://www.openphacts.org/units/Nanomolar,1440517,=,1,1,=,,IC50,nM,,0.18,CHEMBL321,Homo sapiens,Matrix metalloproteinase-9,9606,,,IC50,nM,UO_0000065,,0.18,,0.18,CN1CCC(C(=O)NO)(S(=O)(=O)c2ccc(Oc3ccc(OC(F)(F)F)cc3)cc2)CC1,active
,,6269109,[],CHEMBL1806088,Inhibition of human MMP9 assessed as cleavage of fluorogenic peptide MCAPro-Leu-Gly-Leu-Dpa-Ala-Arg-NH2 by fluorometric assay,B,,,BAO_0000190,BAO_0000357,single protein format,CC(=O)N1CCC(C(=O)NO)(S(=O)(=O)c2ccc(Oc3ccc(OC(F)(F)F)cc3)cc2)CC1,,,CHEMBL1800055,J Med Chem,2010.0,"{'bei': '19.90', 'le': '0.40', 'lle': '6.96', 'sei': '8.18'}",,CHEMBL1801396,,CHEMBL1801396,10.00,0,http://www.openphacts.org/units/Nanomolar,1440515,=,1,1,=,,IC50,nM,,0.1,CHEMBL321,Homo sapiens,Matrix metalloproteinase-9,9606,,,IC50,nM,UO_0000065,,0.1,,0.1,CC(=O)N1CCC(C(=O)NO)(S(=O)(=O)c2ccc(Oc3ccc(OC(F)(F)F)cc3)cc2)CC1,active
,,6269110,[],CHEMBL1806088,Inhibition of human MMP9 assessed as cleavage of fluorogenic peptide MCAPro-Leu-Gly-Leu-Dpa-Ala-Arg-NH2 by fluorometric assay,B,,,BAO_0000190,BAO_0000357,single protein format,CCOCCN1CCC(C(=O)NO)(S(=O)(=O)c2ccc(Oc3ccc(OC(F)(F)F)cc3)cc2)CC1,,,CHEMBL1800055,J Med Chem,2010.0,"{'bei': '18.78', 'le': '0.38', 'lle': '6.47', 'sei': '8.74'}",,CHEMBL1801394,,CHEMBL1801394,10.00,0,http://www.openphacts.org/units/Nanomolar,1440513,=,1,1,=,,IC50,nM,,0.1,CHEMBL321,Homo sapiens,Matrix metalloproteinase-9,9606,,,IC50,nM,UO_0000065,,0.1,,0.1,CCOCCN1CCC(C(=O)NO)(S(=O)(=O)c2ccc(Oc3ccc(OC(F)(F)F)cc3)cc2)CC1,active
,,6269111,[],CHEMBL1806088,Inhibition of human MMP9 assessed as cleavage of fluorogenic peptide MCAPro-Leu-Gly-Leu-Dpa-Ala-Arg-NH2 by fluorometric assay,B,,,BAO_0000190,BAO_0000357,single protein format,O=C(NO)C1(S(=O)(=O)c2ccc(Oc3ccc(OC(F)(F)F)cc3)cc2)CCN(Cc2cccnc2)CC1,,,CHEMBL1800055,J Med Chem,2010.0,"{'bei': '16.72', 'le': '0.33', 'lle': '5.13', 'sei': '7.81'}",,CHEMBL1801393,,CHEMBL1801393,9.22,0,http://www.openphacts.org/units/Nanomolar,1440512,=,1,1,=,,IC50,nM,,0.6,CHEMBL321,Homo sapiens,Matrix metalloproteinase-9,9606,,,IC50,nM,UO_0000065,,0.6,,0.6,O=C(NO)C1(S(=O)(=O)c2ccc(Oc3ccc(OC(F)(F)F)cc3)cc2)CCN(Cc2cccnc2)CC1,active
,,6269112,[],CHEMBL1806088,Inhibition of human MMP9 assessed as cleavage of fluorogenic peptide MCAPro-Leu-Gly-Leu-Dpa-Ala-Arg-NH2 by fluorometric assay,B,,,BAO_0000190,BAO_0000357,single protein format,O=C(NO)C1(S(=O)(=O)c2ccc(Oc3ccc(OC(F)(F)F)cc3)cc2)CCN(Cc2ccccn2)CC1,,,CHEMBL1800055,J Med Chem,2010.0,"{'bei': '17.59', 'le': '0.35', 'lle': '5.61', 'sei': '8.22'}",,CHEMBL1801431,,CHEMBL1801431,9.70,0,http://www.openphacts.org/units/Nanomolar,1440555,=,1,1,=,,IC50,nM,,0.2,CHEMBL321,Homo sapiens,Matrix metalloproteinase-9,9606,,,IC50,nM,UO_0000065,,0.2,,0.2,O=C(NO)C1(S(=O)(=O)c2ccc(Oc3ccc(OC(F)(F)F)cc3)cc2)CCN(Cc2ccccn2)CC1,active
,,6269113,[],CHEMBL1806088,Inhibition of human MMP9 assessed as cleavage of fluorogenic peptide MCAPro-Leu-Gly-Leu-Dpa-Ala-Arg-NH2 by fluorometric assay,B,,,BAO_0000190,BAO_0000357,single protein format,O=C(NO)C1(S(=O)(=O)c2ccc(Oc3ccc(OC(F)(F)F)cc3)cc2)CCN(C2CC2)CC1,,,CHEMBL1800055,J Med Chem,2010.0,"{'bei': '19.63', 'le': '0.39', 'lle': '6.17', 'sei': '9.34'}",,CHEMBL1801430,,CHEMBL1801430,9.82,0,http://www.openphacts.org/units/Nanomolar,1440554,=,1,1,=,,IC50,nM,,0.15,CHEMBL321,Homo sapiens,Matrix metalloproteinase-9,9606,,,IC50,nM,UO_0000065,,0.15,,0.15,O=C(NO)C1(S(=O)(=O)c2ccc(Oc3ccc(OC(F)(F)F)cc3)cc2)CCN(C2CC2)CC1,active
,,6269114,[],CHEMBL1806088,Inhibition of human MMP9 assessed as cleavage of fluorogenic peptide MCAPro-Leu-Gly-Leu-Dpa-Ala-Arg-NH2 by fluorometric assay,B,,,BAO_0000190,BAO_0000357,single protein format,COCCN1CCC(C(=O)NO)(S(=O)(=O)c2ccc(Oc3ccc(OC(F)(F)F)cc3)cc2)CC1,,,CHEMBL1800055,J Med Chem,2010.0,"{'bei': '18.79', 'le': '0.38', 'lle': '6.60', 'sei': '8.52'}",,CHEMBL1771212,,CHEMBL1771212,9.74,0,http://www.openphacts.org/units/Nanomolar,1440553,=,1,1,=,,IC50,nM,,0.18,CHEMBL321,Homo sapiens,Matrix metalloproteinase-9,9606,,,IC50,nM,UO_0000065,,0.18,,0.18,COCCN1CCC(C(=O)NO)(S(=O)(=O)c2ccc(Oc3ccc(OC(F)(F)F)cc3)cc2)CC1,active
,,6269115,[],CHEMBL1806088,Inhibition of human MMP9 assessed as cleavage of fluorogenic peptide MCAPro-Leu-Gly-Leu-Dpa-Ala-Arg-NH2 by fluorometric assay,B,,,BAO_0000190,BAO_0000357,single protein format,O=C(NO)C1(S(=O)(=O)c2ccc(Oc3ccc(OC(F)(F)F)cc3)cc2)CCNCC1,,,CHEMBL1800055,J Med Chem,2010.0,"{'bei': '20.98', 'le': '0.43', 'lle': '6.88', 'sei': '8.47'}",,CHEMBL1801429,,CHEMBL1801429,9.66,0,http://www.openphacts.org/units/Nanomolar,1440552,=,1,1,=,,IC50,nM,,0.22,CHEMBL321,Homo sapiens,Matrix metalloproteinase-9,9606,,,IC50,nM,UO_0000065,,0.22,,0.22,O=C(NO)C1(S(=O)(=O)c2ccc(Oc3ccc(OC(F)(F)F)cc3)cc2)CCNCC1,active
,,6269116,[],CHEMBL1806088,Inhibition of human MMP9 assessed as cleavage of fluorogenic peptide MCAPro-Leu-Gly-Leu-Dpa-Ala-Arg-NH2 by fluorometric assay,B,,,BAO_0000190,BAO_0000357,single protein format,COCCN1CCC(C(=O)NO)(S(=O)(=O)c2ccc(Oc3ccc(SC(F)(F)F)cc3)cc2)CC1,,,CHEMBL1800055,J Med Chem,2010.0,"{'bei': '17.96', 'le': '0.37', 'lle': '5.75', 'sei': '9.13'}",,CHEMBL1801428,,CHEMBL1801428,9.60,0,http://www.openphacts.org/units/Nanomolar,1440551,=,1,1,=,,IC50,nM,,0.25,CHEMBL321,Homo sapiens,Matrix metalloproteinase-9,9606,,,IC50,nM,UO_0000065,,0.25,,0.25,COCCN1CCC(C(=O)NO)(S(=O)(=O)c2ccc(Oc3ccc(SC(F)(F)F)cc3)cc2)CC1,active
,,6269117,[],CHEMBL1806088,Inhibition of human MMP9 assessed as cleavage of fluorogenic peptide MCAPro-Leu-Gly-Leu-Dpa-Ala-Arg-NH2 by fluorometric assay,B,,,BAO_0000190,BAO_0000357,single protein format,CCN1CCC(C(=O)NO)(S(=O)(=O)c2ccc(Oc3ccc(C(F)(F)F)cc3)cc2)CC1,,,CHEMBL1800055,J Med Chem,2010.0,"{'bei': '18.68', 'le': '0.38', 'lle': '5.19', 'sei': '9.20'}",,CHEMBL1801427,,CHEMBL1801427,8.82,0,http://www.openphacts.org/units/Nanomolar,1440550,=,1,1,=,,IC50,nM,,1.5,CHEMBL321,Homo sapiens,Matrix metalloproteinase-9,9606,,,IC50,nM,UO_0000065,,1.5,,1.5,CCN1CCC(C(=O)NO)(S(=O)(=O)c2ccc(Oc3ccc(C(F)(F)F)cc3)cc2)CC1,active
,,6269118,[],CHEMBL1806088,Inhibition of human MMP9 assessed as cleavage of fluorogenic peptide MCAPro-Leu-Gly-Leu-Dpa-Ala-Arg-NH2 by fluorometric assay,B,,,BAO_0000190,BAO_0000357,single protein format,CC(C)N1CCC(C(=O)NO)(S(=O)(=O)c2ccc(Oc3ccc(C(F)(F)F)cc3)cc2)CC1,,,CHEMBL1800055,J Med Chem,2010.0,"{'bei': '17.93', 'le': '0.36', 'lle': '4.70', 'sei': '9.09'}",,CHEMBL1801426,,CHEMBL1801426,8.72,0,http://www.openphacts.org/units/Nanomolar,1440549,=,1,1,=,,IC50,nM,,1.9,CHEMBL321,Homo sapiens,Matrix metalloproteinase-9,9606,,,IC50,nM,UO_0000065,,1.9,,1.9,CC(C)N1CCC(C(=O)NO)(S(=O)(=O)c2ccc(Oc3ccc(C(F)(F)F)cc3)cc2)CC1,active
,,6269119,[],CHEMBL1806088,Inhibition of human MMP9 assessed as cleavage of fluorogenic peptide MCAPro-Leu-Gly-Leu-Dpa-Ala-Arg-NH2 by fluorometric assay,B,,,BAO_0000190,BAO_0000357,single protein format,O=C(NO)C1(S(=O)(=O)c2ccc(Oc3ccc(C(F)(F)F)cc3)cc2)CCN(CCN2CCOCC2)CC1,,,CHEMBL1800055,J Med Chem,2010.0,"{'bei': '17.93', 'le': '0.36', 'lle': '7.06', 'sei': '9.22'}",,CHEMBL1800089,,CHEMBL1800089,10.00,0,http://www.openphacts.org/units/Nanomolar,1440548,=,1,1,=,,IC50,nM,,0.1,CHEMBL321,Homo sapiens,Matrix metalloproteinase-9,9606,,,IC50,nM,UO_0000065,,0.1,,0.1,O=C(NO)C1(S(=O)(=O)c2ccc(Oc3ccc(C(F)(F)F)cc3)cc2)CCN(CCN2CCOCC2)CC1,active
,,6269120,[],CHEMBL1806088,Inhibition of human MMP9 assessed as cleavage of fluorogenic peptide MCAPro-Leu-Gly-Leu-Dpa-Ala-Arg-NH2 by fluorometric assay,B,,,BAO_0000190,BAO_0000357,single protein format,O=C(NO)C1(S(=O)(=O)c2ccc(Oc3ccc(C(F)(F)F)cc3)cc2)CCNCC1,,,CHEMBL1800055,J Med Chem,2010.0,"{'bei': '18.90', 'le': '0.38', 'lle': '5.50', 'sei': '8.02'}",,CHEMBL1801425,,CHEMBL1801425,8.40,0,http://www.openphacts.org/units/Nanomolar,1440547,=,1,1,=,,IC50,nM,,4.0,CHEMBL321,Homo sapiens,Matrix metalloproteinase-9,9606,,,IC50,nM,UO_0000065,,4.0,,4.0,O=C(NO)C1(S(=O)(=O)c2ccc(Oc3ccc(C(F)(F)F)cc3)cc2)CCNCC1,active
,,6269121,[],CHEMBL1806088,Inhibition of human MMP9 assessed as cleavage of fluorogenic peptide MCAPro-Leu-Gly-Leu-Dpa-Ala-Arg-NH2 by fluorometric assay,B,,,BAO_0000190,BAO_0000357,single protein format,O=C(NO)C1(S(=O)(=O)c2ccc(Oc3ccc(C(F)(F)F)cc3)cc2)CCN(C2CC2)CC1,,,CHEMBL1800055,J Med Chem,2010.0,"{'bei': '17.83', 'le': '0.36', 'lle': '4.87', 'sei': '9.00'}",,CHEMBL1801424,,CHEMBL1801424,8.64,0,http://www.openphacts.org/units/Nanomolar,1440546,=,1,1,=,,IC50,nM,,2.3,CHEMBL321,Homo sapiens,Matrix metalloproteinase-9,9606,,,IC50,nM,UO_0000065,,2.3,,2.3,O=C(NO)C1(S(=O)(=O)c2ccc(Oc3ccc(C(F)(F)F)cc3)cc2)CCN(C2CC2)CC1,active
,,6269122,[],CHEMBL1806088,Inhibition of human MMP9 assessed as cleavage of fluorogenic peptide MCAPro-Leu-Gly-Leu-Dpa-Ala-Arg-NH2 by fluorometric assay,B,,,BAO_0000190,BAO_0000357,single protein format,O=C(NO)C1(S(=O)(=O)c2ccc(Oc3ccc4c(c3)OCCO4)cc2)CCN(C2CC2)CC1,,,CHEMBL1800055,J Med Chem,2010.0,"{'bei': '18.38', 'le': '0.36', 'lle': '6.19', 'sei': '7.62'}",,CHEMBL1801423,,CHEMBL1801423,8.72,0,http://www.openphacts.org/units/Nanomolar,1440545,=,1,1,=,,IC50,nM,,1.9,CHEMBL321,Homo sapiens,Matrix metalloproteinase-9,9606,,,IC50,nM,UO_0000065,,1.9,,1.9,O=C(NO)C1(S(=O)(=O)c2ccc(Oc3ccc4c(c3)OCCO4)cc2)CCN(C2CC2)CC1,active
,,6269124,[],CHEMBL1806088,Inhibition of human MMP9 assessed as cleavage of fluorogenic peptide MCAPro-Leu-Gly-Leu-Dpa-Ala-Arg-NH2 by fluorometric assay,B,,,BAO_0000190,BAO_0000357,single protein format,COCCN1CCC(C(=O)NO)(S(=O)(=O)c2ccc(Oc3ccc4c(c3)OCO4)cc2)CC1,,,CHEMBL1800055,J Med Chem,2010.0,"{'bei': '20.00', 'le': '0.40', 'lle': '7.60', 'sei': '7.74'}",,CHEMBL1801421,,CHEMBL1801421,9.57,0,http://www.openphacts.org/units/Nanomolar,1440543,=,1,1,=,,IC50,nM,,0.27,CHEMBL321,Homo sapiens,Matrix metalloproteinase-9,9606,,,IC50,nM,UO_0000065,,0.27,,0.27,COCCN1CCC(C(=O)NO)(S(=O)(=O)c2ccc(Oc3ccc4c(c3)OCO4)cc2)CC1,active
,,6269125,[],CHEMBL1806088,Inhibition of human MMP9 assessed as cleavage of fluorogenic peptide MCAPro-Leu-Gly-Leu-Dpa-Ala-Arg-NH2 by fluorometric assay,B,,,BAO_0000190,BAO_0000357,single protein format,C#CCN1CCC(C(=O)NO)(S(=O)(=O)c2ccc(Oc3ccc4c(c3)OCO4)cc2)CC1,,,CHEMBL1800055,J Med Chem,2010.0,"{'bei': '20.77', 'le': '0.41', 'lle': '7.57', 'sei': '8.32'}",,CHEMBL1801420,,CHEMBL1801420,9.52,0,http://www.openphacts.org/units/Nanomolar,1440542,=,1,1,=,,IC50,nM,,0.3,CHEMBL321,Homo sapiens,Matrix metalloproteinase-9,9606,,,IC50,nM,UO_0000065,,0.3,,0.3,C#CCN1CCC(C(=O)NO)(S(=O)(=O)c2ccc(Oc3ccc4c(c3)OCO4)cc2)CC1,active
,,6269126,[],CHEMBL1806088,Inhibition of human MMP9 assessed as cleavage of fluorogenic peptide MCAPro-Leu-Gly-Leu-Dpa-Ala-Arg-NH2 by fluorometric assay,B,,,BAO_0000190,BAO_0000357,single protein format,O=C(NO)C1(S(=O)(=O)c2ccc(Oc3ccc4c(c3)OCO4)cc2)CCNCC1,,,CHEMBL1800055,J Med Chem,2010.0,"{'bei': '20.03', 'le': '0.40', 'lle': '6.81', 'sei': '6.84'}",,CHEMBL1801419,,CHEMBL1801419,8.42,0,http://www.openphacts.org/units/Nanomolar,1440541,=,1,1,=,,IC50,nM,,3.8,CHEMBL321,Homo sapiens,Matrix metalloproteinase-9,9606,,,IC50,nM,UO_0000065,,3.8,,3.8,O=C(NO)C1(S(=O)(=O)c2ccc(Oc3ccc4c(c3)OCO4)cc2)CCNCC1,active
,,6269127,[],CHEMBL1806088,Inhibition of human MMP9 assessed as cleavage of fluorogenic peptide MCAPro-Leu-Gly-Leu-Dpa-Ala-Arg-NH2 by fluorometric assay,B,,,BAO_0000190,BAO_0000357,single protein format,C#CCN1CCC(C(=O)NO)(S(=O)(=O)c2ccc(Oc3ccc(S(C)(=O)=O)cc3)cc2)CC1,,,CHEMBL1800055,J Med Chem,2010.0,"{'bei': '14.38', 'le': '0.29', 'lle': '5.45', 'sei': '5.45'}",,CHEMBL1801418,,CHEMBL1801418,7.08,0,http://www.openphacts.org/units/Nanomolar,1440540,=,1,1,=,,IC50,nM,,82.3,CHEMBL321,Homo sapiens,Matrix metalloproteinase-9,9606,,,IC50,nM,UO_0000065,,82.3,,82.3,C#CCN1CCC(C(=O)NO)(S(=O)(=O)c2ccc(Oc3ccc(S(C)(=O)=O)cc3)cc2)CC1,active
,,6269128,[],CHEMBL1806088,Inhibition of human MMP9 assessed as cleavage of fluorogenic peptide MCAPro-Leu-Gly-Leu-Dpa-Ala-Arg-NH2 by fluorometric assay,B,,,BAO_0000190,BAO_0000357,single protein format,CC(C)Oc1ccc(Oc2ccc(S(=O)(=O)C3(C(=O)NO)CCN(C4CC4)CC3)cc2)cc1,,,CHEMBL1800055,J Med Chem,2010.0,"{'bei': '20.39', 'le': '0.40', 'lle': '6.14', 'sei': '9.20'}",,CHEMBL1801417,,CHEMBL1801417,9.68,0,http://www.openphacts.org/units/Nanomolar,1440539,=,1,1,=,,IC50,nM,,0.21,CHEMBL321,Homo sapiens,Matrix metalloproteinase-9,9606,,,IC50,nM,UO_0000065,,0.21,,0.21,CC(C)Oc1ccc(Oc2ccc(S(=O)(=O)C3(C(=O)NO)CCN(C4CC4)CC3)cc2)cc1,active
,,6269129,[],CHEMBL1806088,Inhibition of human MMP9 assessed as cleavage of fluorogenic peptide MCAPro-Leu-Gly-Leu-Dpa-Ala-Arg-NH2 by fluorometric assay,B,,,BAO_0000190,BAO_0000357,single protein format,CC(C)c1ccc(Oc2ccc(S(=O)(=O)C3(C(=O)NO)CCN(C(C)C)CC3)cc2)cc1,,,CHEMBL1800055,J Med Chem,2010.0,"{'bei': '18.80', 'le': '0.37', 'lle': '4.54', 'sei': '9.02'}",,CHEMBL1801415,,CHEMBL1801415,8.66,0,http://www.openphacts.org/units/Nanomolar,1440537,=,1,1,=,,IC50,nM,,2.2,CHEMBL321,Homo sapiens,Matrix metalloproteinase-9,9606,,,IC50,nM,UO_0000065,,2.2,,2.2,CC(C)c1ccc(Oc2ccc(S(=O)(=O)C3(C(=O)NO)CCN(C(C)C)CC3)cc2)cc1,active
,,6269130,[],CHEMBL1806088,Inhibition of human MMP9 assessed as cleavage of fluorogenic peptide MCAPro-Leu-Gly-Leu-Dpa-Ala-Arg-NH2 by fluorometric assay,B,,,BAO_0000190,BAO_0000357,single protein format,C#CCN1CCC(C(=O)NO)(S(=O)(=O)c2ccc(Oc3ccc(C(C)C)cc3)cc2)CC1,,,CHEMBL1800055,J Med Chem,2010.0,"{'bei': '19.05', 'le': '0.37', 'lle': '5.35', 'sei': '9.07'}",,CHEMBL1801413,,CHEMBL1801413,8.70,0,http://www.openphacts.org/units/Nanomolar,1440535,=,1,1,=,,IC50,nM,,2.0,CHEMBL321,Homo sapiens,Matrix metalloproteinase-9,9606,,,IC50,nM,UO_0000065,,2.0,,2.0,C#CCN1CCC(C(=O)NO)(S(=O)(=O)c2ccc(Oc3ccc(C(C)C)cc3)cc2)CC1,active
,,6269131,[],CHEMBL1806088,Inhibition of human MMP9 assessed as cleavage of fluorogenic peptide MCAPro-Leu-Gly-Leu-Dpa-Ala-Arg-NH2 by fluorometric assay,B,,,BAO_0000190,BAO_0000357,single protein format,COc1ccc(Oc2ccc(S(=O)(=O)C3(C(=O)NO)CCN(Cc4ccccn4)CC3)cc2)cc1,,,CHEMBL1800055,J Med Chem,2010.0,"{'bei': '18.00', 'le': '0.35', 'lle': '5.76', 'sei': '7.59'}",,CHEMBL1801057,,CHEMBL1801057,8.96,0,http://www.openphacts.org/units/Nanomolar,1440126,=,1,1,=,,IC50,nM,,1.1,CHEMBL321,Homo sapiens,Matrix metalloproteinase-9,9606,,,IC50,nM,UO_0000065,,1.1,,1.1,COc1ccc(Oc2ccc(S(=O)(=O)C3(C(=O)NO)CCN(Cc4ccccn4)CC3)cc2)cc1,active
,,6269132,[],CHEMBL1806088,Inhibition of human MMP9 assessed as cleavage of fluorogenic peptide MCAPro-Leu-Gly-Leu-Dpa-Ala-Arg-NH2 by fluorometric assay,B,,,BAO_0000190,BAO_0000357,single protein format,C#CCN1CCC(C(=O)NO)(S(=O)(=O)c2ccc(Oc3ccc(OC)cc3)cc2)CC1,,,CHEMBL1800055,J Med Chem,2010.0,"{'bei': '19.85', 'le': '0.39', 'lle': '6.59', 'sei': '8.39'}",,CHEMBL1801056,,CHEMBL1801056,8.82,0,http://www.openphacts.org/units/Nanomolar,1440125,=,1,1,=,,IC50,nM,,1.5,CHEMBL321,Homo sapiens,Matrix metalloproteinase-9,9606,,,IC50,nM,UO_0000065,,1.5,,1.5,C#CCN1CCC(C(=O)NO)(S(=O)(=O)c2ccc(Oc3ccc(OC)cc3)cc2)CC1,active
,,6269133,[],CHEMBL1806088,Inhibition of human MMP9 assessed as cleavage of fluorogenic peptide MCAPro-Leu-Gly-Leu-Dpa-Ala-Arg-NH2 by fluorometric assay,B,,,BAO_0000190,BAO_0000357,single protein format,O=C(NO)C1(S(=O)(=O)c2ccc(Oc3ccc(SC(F)(F)F)cc3)cc2)CCOCC1,,,CHEMBL1800055,J Med Chem,2010.0,"{'bei': '20.11', 'le': '0.42', 'lle': '5.68', 'sei': '9.42'}",,CHEMBL1801054,,CHEMBL1801054,9.60,0,http://www.openphacts.org/units/Nanomolar,1440123,=,1,1,=,,IC50,nM,,0.25,CHEMBL321,Homo sapiens,Matrix metalloproteinase-9,9606,,,IC50,nM,UO_0000065,,0.25,,0.25,O=C(NO)C1(S(=O)(=O)c2ccc(Oc3ccc(SC(F)(F)F)cc3)cc2)CCOCC1,active
,,6269135,[],CHEMBL1806088,Inhibition of human MMP9 assessed as cleavage of fluorogenic peptide MCAPro-Leu-Gly-Leu-Dpa-Ala-Arg-NH2 by fluorometric assay,B,,,BAO_0000190,BAO_0000357,single protein format,O=C(NO)C1(S(=O)(=O)c2ccc(Oc3ccc(OC(F)(F)F)cc3)cc2)CCOCC1,,,CHEMBL1800055,J Med Chem,2010.0,"{'bei': '21.02', 'le': '0.43', 'lle': '6.49', 'sei': '8.73'}",,CHEMBL1801052,,CHEMBL1801052,9.70,0,http://www.openphacts.org/units/Nanomolar,1440121,=,1,1,=,,IC50,nM,,0.2,CHEMBL321,Homo sapiens,Matrix metalloproteinase-9,9606,,,IC50,nM,UO_0000065,,0.2,,0.2,O=C(NO)C1(S(=O)(=O)c2ccc(Oc3ccc(OC(F)(F)F)cc3)cc2)CCOCC1,active
,,6269136,[],CHEMBL1806088,Inhibition of human MMP9 assessed as cleavage of fluorogenic peptide MCAPro-Leu-Gly-Leu-Dpa-Ala-Arg-NH2 by fluorometric assay,B,,,BAO_0000190,BAO_0000357,single protein format,O=C(NO)C1(S(=O)(=O)c2ccc(Oc3ccc(C(F)(F)F)cc3)cc2)CCOCC1,,,CHEMBL1800055,J Med Chem,2010.0,"{'bei': '20.03', 'le': '0.41', 'lle': '5.59', 'sei': '8.75'}",,CHEMBL1229868,,CHEMBL1229868,8.92,0,http://www.openphacts.org/units/Nanomolar,1440120,=,1,1,=,,IC50,nM,,1.2,CHEMBL321,Homo sapiens,Matrix metalloproteinase-9,9606,,,IC50,nM,UO_0000065,,1.2,,1.2,O=C(NO)C1(S(=O)(=O)c2ccc(Oc3ccc(C(F)(F)F)cc3)cc2)CCOCC1,active
,,6269137,[],CHEMBL1806088,Inhibition of human MMP9 assessed as cleavage of fluorogenic peptide MCAPro-Leu-Gly-Leu-Dpa-Ala-Arg-NH2 by fluorometric assay,B,,,BAO_0000190,BAO_0000357,single protein format,O=C(NO)C1(S(=O)(=O)c2ccc(Oc3cccc(C(F)(F)F)c3)cc2)CCOCC1,,,CHEMBL1800055,J Med Chem,2010.0,"{'bei': '16.55', 'le': '0.34', 'lle': '4.04', 'sei': '7.23'}",,CHEMBL1801051,,CHEMBL1801051,7.37,0,http://www.openphacts.org/units/Nanomolar,1440119,=,1,1,=,,IC50,nM,,42.5,CHEMBL321,Homo sapiens,Matrix metalloproteinase-9,9606,,,IC50,nM,UO_0000065,,42.5,,42.5,O=C(NO)C1(S(=O)(=O)c2ccc(Oc3cccc(C(F)(F)F)c3)cc2)CCOCC1,active
,,6269138,[],CHEMBL1806088,Inhibition of human MMP9 assessed as cleavage of fluorogenic peptide MCAPro-Leu-Gly-Leu-Dpa-Ala-Arg-NH2 by fluorometric assay,B,,,BAO_0000190,BAO_0000357,single protein format,O=C(NO)C1(S(=O)(=O)c2ccc(Oc3ccc(-c4ccccc4)cc3)cc2)CCOCC1,,,CHEMBL1800055,J Med Chem,2010.0,"{'bei': '19.34', 'le': '0.37', 'lle': '4.80', 'sei': '8.60'}",,CHEMBL1801050,,CHEMBL1801050,8.77,0,http://www.openphacts.org/units/Nanomolar,1440118,=,1,1,=,,IC50,nM,,1.7,CHEMBL321,Homo sapiens,Matrix metalloproteinase-9,9606,,,IC50,nM,UO_0000065,,1.7,,1.7,O=C(NO)C1(S(=O)(=O)c2ccc(Oc3ccc(-c4ccccc4)cc3)cc2)CCOCC1,active
,,6269141,[],CHEMBL1806088,Inhibition of human MMP9 assessed as cleavage of fluorogenic peptide MCAPro-Leu-Gly-Leu-Dpa-Ala-Arg-NH2 by fluorometric assay,B,,,BAO_0000190,BAO_0000357,single protein format,O=C(NO)C1(S(=O)(=O)c2ccc(Oc3ccc(Cl)c(Cl)c3)cc2)CCOCC1,,,CHEMBL1800055,J Med Chem,2010.0,"{'bei': '18.60', 'le': '0.40', 'lle': '4.69', 'sei': '8.14'}",,CHEMBL1801047,,CHEMBL1801047,8.30,0,http://www.openphacts.org/units/Nanomolar,1440115,=,1,1,=,,IC50,nM,,5.0,CHEMBL321,Homo sapiens,Matrix metalloproteinase-9,9606,,,IC50,nM,UO_0000065,,5.0,,5.0,O=C(NO)C1(S(=O)(=O)c2ccc(Oc3ccc(Cl)c(Cl)c3)cc2)CCOCC1,active
,,6269142,[],CHEMBL1806088,Inhibition of human MMP9 assessed as cleavage of fluorogenic peptide MCAPro-Leu-Gly-Leu-Dpa-Ala-Arg-NH2 by fluorometric assay,B,,,BAO_0000190,BAO_0000357,single protein format,O=C(NO)C1(S(=O)(=O)c2ccc(Oc3ccc(Cl)cc3)cc2)CCOCC1,,,CHEMBL1800055,J Med Chem,2010.0,"{'bei': '23.12', 'le': '0.48', 'lle': '6.56', 'sei': '9.34'}",,CHEMBL1801046,,CHEMBL1801046,9.52,0,http://www.openphacts.org/units/Nanomolar,1440114,=,1,1,=,,IC50,nM,,0.3,CHEMBL321,Homo sapiens,Matrix metalloproteinase-9,9606,,,IC50,nM,UO_0000065,,0.3,,0.3,O=C(NO)C1(S(=O)(=O)c2ccc(Oc3ccc(Cl)cc3)cc2)CCOCC1,active
,,6269143,[],CHEMBL1806088,Inhibition of human MMP9 assessed as cleavage of fluorogenic peptide MCAPro-Leu-Gly-Leu-Dpa-Ala-Arg-NH2 by fluorometric assay,B,,,BAO_0000190,BAO_0000357,single protein format,O=C(NO)C1(S(=O)(=O)c2ccc(Oc3cccc(Cl)c3)cc2)CCOCC1,,,CHEMBL1800055,J Med Chem,2010.0,"{'bei': '20.73', 'le': '0.43', 'lle': '5.58', 'sei': '8.38'}",,CHEMBL1801045,,CHEMBL1801045,8.54,0,http://www.openphacts.org/units/Nanomolar,1440113,=,1,1,=,,IC50,nM,,2.9,CHEMBL321,Homo sapiens,Matrix metalloproteinase-9,9606,,,IC50,nM,UO_0000065,,2.9,,2.9,O=C(NO)C1(S(=O)(=O)c2ccc(Oc3cccc(Cl)c3)cc2)CCOCC1,active
,,6269144,[],CHEMBL1806088,Inhibition of human MMP9 assessed as cleavage of fluorogenic peptide MCAPro-Leu-Gly-Leu-Dpa-Ala-Arg-NH2 by fluorometric assay,B,,,BAO_0000190,BAO_0000357,single protein format,O=C(NO)C1(S(=O)(=O)c2ccc(Oc3ccccc3)cc2)CCOCC1,,,CHEMBL1800055,J Med Chem,2010.0,"{'bei': '24.90', 'le': '0.49', 'lle': '7.09', 'sei': '9.22'}",,CHEMBL1801044,,CHEMBL1801044,9.40,0,http://www.openphacts.org/units/Nanomolar,1440112,=,1,1,=,,IC50,nM,,0.4,CHEMBL321,Homo sapiens,Matrix metalloproteinase-9,9606,,,IC50,nM,UO_0000065,,0.4,,0.4,O=C(NO)C1(S(=O)(=O)c2ccc(Oc3ccccc3)cc2)CCOCC1,active
,,6269948,[],CHEMBL1806088,Inhibition of human MMP9 assessed as cleavage of fluorogenic peptide MCAPro-Leu-Gly-Leu-Dpa-Ala-Arg-NH2 by fluorometric assay,B,,,BAO_0000190,BAO_0000357,single protein format,CCOc1ccc(Oc2ccc(S(=O)(=O)C3(C(=O)NO)CCN(C4CC4)CC3)cc2)cc1,,,CHEMBL1800055,J Med Chem,2010.0,"{'bei': '21.06', 'le': '0.41', 'lle': '6.55', 'sei': '9.22'}",,CHEMBL1801412,,CHEMBL1801412,9.70,0,http://www.openphacts.org/units/Nanomolar,1440534,=,1,1,=,,IC50,nM,,0.2,CHEMBL321,Homo sapiens,Matrix metalloproteinase-9,9606,,,IC50,nM,UO_0000065,,0.2,,0.2,CCOc1ccc(Oc2ccc(S(=O)(=O)C3(C(=O)NO)CCN(C4CC4)CC3)cc2)cc1,active
,,6321399,[],CHEMBL1816183,"Inhibition of AMPA-activated human recombinant MMP9 using fluorogenic substrate (7-methoxycoumarin-4-yl)-acetyl-pro-Leu-Gly-Leu-(3-(2,4-dinitrophenyl)-L-2,3-diaminopropionyl)-Ala-Arg-NH2 by fluorogenic assay",B,,,BAO_0000190,BAO_0000357,single protein format,O=C1NC(=O)C(c2ccc(Oc3ccccc3)cc2)(N2CCN(CC3CC3)CC2)C(=O)N1,,,CHEMBL1811810,Bioorg Med Chem,2011.0,"{'bei': '19.07', 'le': '0.35', 'lle': '6.21', 'sei': '9.11'}",,CHEMBL1812914,,CHEMBL1812914,8.28,0,http://www.openphacts.org/units/Nanomolar,1447170,=,1,1,=,,IC50,nM,,5.2,CHEMBL321,Homo sapiens,Matrix metalloproteinase-9,9606,,,IC50,nM,UO_0000065,,5.2,,5.2,O=C1NC(=O)C(c2ccc(Oc3ccccc3)cc2)(N2CCN(CC3CC3)CC2)C(=O)N1,active
,,6321400,[],CHEMBL1816183,"Inhibition of AMPA-activated human recombinant MMP9 using fluorogenic substrate (7-methoxycoumarin-4-yl)-acetyl-pro-Leu-Gly-Leu-(3-(2,4-dinitrophenyl)-L-2,3-diaminopropionyl)-Ala-Arg-NH2 by fluorogenic assay",B,,,BAO_0000190,BAO_0000357,single protein format,O=C1NC(=O)C(c2ccc(Oc3ccccc3)cc2)(N2CCN(C(=O)C3CC3)CC2)C(=O)N1,,,CHEMBL1811810,Bioorg Med Chem,2011.0,"{'bei': '16.88', 'le': '0.31', 'lle': '5.98', 'sei': '7.00'}",,CHEMBL1812915,,CHEMBL1812915,7.57,0,http://www.openphacts.org/units/Nanomolar,1447171,=,1,1,=,,IC50,nM,,27.0,CHEMBL321,Homo sapiens,Matrix metalloproteinase-9,9606,,,IC50,nM,UO_0000065,,27.0,,27.0,O=C1NC(=O)C(c2ccc(Oc3ccccc3)cc2)(N2CCN(C(=O)C3CC3)CC2)C(=O)N1,active
,,6321401,[],CHEMBL1816183,"Inhibition of AMPA-activated human recombinant MMP9 using fluorogenic substrate (7-methoxycoumarin-4-yl)-acetyl-pro-Leu-Gly-Leu-(3-(2,4-dinitrophenyl)-L-2,3-diaminopropionyl)-Ala-Arg-NH2 by fluorogenic assay",B,,,BAO_0000190,BAO_0000357,single protein format,O=C1NC(=O)C(c2ccc(Oc3ccccc3)cc2)(N2CCN(Cc3ccccc3)CC2)C(=O)N1,,,CHEMBL1811810,Bioorg Med Chem,2011.0,"{'bei': '14.63', 'le': '0.27', 'lle': '4.02', 'sei': '7.57'}",,CHEMBL1812918,,CHEMBL1812918,6.88,0,http://www.openphacts.org/units/Nanomolar,1447174,=,1,1,=,,IC50,nM,,131.0,CHEMBL321,Homo sapiens,Matrix metalloproteinase-9,9606,,,IC50,nM,UO_0000065,,131.0,,131.0,O=C1NC(=O)C(c2ccc(Oc3ccccc3)cc2)(N2CCN(Cc3ccccc3)CC2)C(=O)N1,active
,,6321402,[],CHEMBL1816183,"Inhibition of AMPA-activated human recombinant MMP9 using fluorogenic substrate (7-methoxycoumarin-4-yl)-acetyl-pro-Leu-Gly-Leu-(3-(2,4-dinitrophenyl)-L-2,3-diaminopropionyl)-Ala-Arg-NH2 by fluorogenic assay",B,,,BAO_0000190,BAO_0000357,single protein format,CC(=O)N1CCN(C2(c3ccc(Oc4ccccc4)cc3)C(=O)NC(=O)NC2=O)CC1,,,CHEMBL1811810,Bioorg Med Chem,2011.0,"{'bei': '18.59', 'le': '0.35', 'lle': '6.65', 'sei': '7.27'}",,CHEMBL1812920,,CHEMBL1812920,7.85,0,http://www.openphacts.org/units/Nanomolar,1447176,=,1,1,=,,IC50,nM,,14.0,CHEMBL321,Homo sapiens,Matrix metalloproteinase-9,9606,,,IC50,nM,UO_0000065,,14.0,,14.0,CC(=O)N1CCN(C2(c3ccc(Oc4ccccc4)cc3)C(=O)NC(=O)NC2=O)CC1,active
,,6321403,[],CHEMBL1816183,"Inhibition of AMPA-activated human recombinant MMP9 using fluorogenic substrate (7-methoxycoumarin-4-yl)-acetyl-pro-Leu-Gly-Leu-(3-(2,4-dinitrophenyl)-L-2,3-diaminopropionyl)-Ala-Arg-NH2 by fluorogenic assay",B,,,BAO_0000190,BAO_0000357,single protein format,CN1CCN(C2(c3ccc(Oc4ccccc4)cc3)C(=O)NC(=O)NC2=O)CC1,,,CHEMBL1811810,Bioorg Med Chem,2011.0,"{'bei': '19.76', 'le': '0.37', 'lle': '6.51', 'sei': '8.57'}",,CHEMBL1812921,,CHEMBL1812921,7.80,0,http://www.openphacts.org/units/Nanomolar,1447177,=,1,1,=,,IC50,nM,,16.0,CHEMBL321,Homo sapiens,Matrix metalloproteinase-9,9606,,,IC50,nM,UO_0000065,,16.0,,16.0,CN1CCN(C2(c3ccc(Oc4ccccc4)cc3)C(=O)NC(=O)NC2=O)CC1,active
,,6321404,[],CHEMBL1816183,"Inhibition of AMPA-activated human recombinant MMP9 using fluorogenic substrate (7-methoxycoumarin-4-yl)-acetyl-pro-Leu-Gly-Leu-(3-(2,4-dinitrophenyl)-L-2,3-diaminopropionyl)-Ala-Arg-NH2 by fluorogenic assay",B,,,BAO_0000190,BAO_0000357,single protein format,O=C1NC(=O)C(c2ccc(Oc3ccccc3)cc2)(N2CCCN(CC3CC3)CC2)C(=O)N1,,,CHEMBL1811810,Bioorg Med Chem,2011.0,"{'bei': '19.97', 'le': '0.37', 'lle': '6.50', 'sei': '9.85'}",,CHEMBL1812922,,CHEMBL1812922,8.96,0,http://www.openphacts.org/units/Nanomolar,1447178,=,1,1,=,,IC50,nM,,1.1,CHEMBL321,Homo sapiens,Matrix metalloproteinase-9,9606,,,IC50,nM,UO_0000065,,1.1,,1.1,O=C1NC(=O)C(c2ccc(Oc3ccccc3)cc2)(N2CCCN(CC3CC3)CC2)C(=O)N1,active
,,6321405,[],CHEMBL1816183,"Inhibition of AMPA-activated human recombinant MMP9 using fluorogenic substrate (7-methoxycoumarin-4-yl)-acetyl-pro-Leu-Gly-Leu-(3-(2,4-dinitrophenyl)-L-2,3-diaminopropionyl)-Ala-Arg-NH2 by fluorogenic assay",B,,,BAO_0000190,BAO_0000357,single protein format,O=C1NC(=O)C(c2ccc(Oc3ccccc3)cc2)(N2CCCN(Cc3ccccc3)CC2)C(=O)N1,,,CHEMBL1811810,Bioorg Med Chem,2011.0,"{'bei': '15.65', 'le': '0.29', 'lle': '4.34', 'sei': '8.34'}",,CHEMBL1812923,,CHEMBL1812923,7.58,0,http://www.openphacts.org/units/Nanomolar,1447179,=,1,1,=,,IC50,nM,,26.0,CHEMBL321,Homo sapiens,Matrix metalloproteinase-9,9606,,,IC50,nM,UO_0000065,,26.0,,26.0,O=C1NC(=O)C(c2ccc(Oc3ccccc3)cc2)(N2CCCN(Cc3ccccc3)CC2)C(=O)N1,active
,,6321406,[],CHEMBL1816183,"Inhibition of AMPA-activated human recombinant MMP9 using fluorogenic substrate (7-methoxycoumarin-4-yl)-acetyl-pro-Leu-Gly-Leu-(3-(2,4-dinitrophenyl)-L-2,3-diaminopropionyl)-Ala-Arg-NH2 by fluorogenic assay",B,,,BAO_0000190,BAO_0000357,single protein format,CC(=O)N1CCCN(C2(c3ccc(Oc4ccccc4)cc3)C(=O)NC(=O)NC2=O)CC1,,,CHEMBL1811810,Bioorg Med Chem,2011.0,"{'bei': '20.22', 'le': '0.38', 'lle': '7.23', 'sei': '8.17'}",,CHEMBL1812924,,CHEMBL1812924,8.82,0,http://www.openphacts.org/units/Nanomolar,1447180,=,1,1,=,,IC50,nM,,1.5,CHEMBL321,Homo sapiens,Matrix metalloproteinase-9,9606,,,IC50,nM,UO_0000065,,1.5,,1.5,CC(=O)N1CCCN(C2(c3ccc(Oc4ccccc4)cc3)C(=O)NC(=O)NC2=O)CC1,active
,,6321407,[],CHEMBL1816183,"Inhibition of AMPA-activated human recombinant MMP9 using fluorogenic substrate (7-methoxycoumarin-4-yl)-acetyl-pro-Leu-Gly-Leu-(3-(2,4-dinitrophenyl)-L-2,3-diaminopropionyl)-Ala-Arg-NH2 by fluorogenic assay",B,,,BAO_0000190,BAO_0000357,single protein format,CN1CCCN(C2(c3ccc(Oc4ccccc4)cc3)C(=O)NC(=O)NC2=O)CC1,,,CHEMBL1811810,Bioorg Med Chem,2011.0,"{'bei': '21.35', 'le': '0.40', 'lle': '7.04', 'sei': '9.59'}",,CHEMBL1812925,,CHEMBL1812925,8.72,0,http://www.openphacts.org/units/Nanomolar,1447181,=,1,1,=,,IC50,nM,,1.9,CHEMBL321,Homo sapiens,Matrix metalloproteinase-9,9606,,,IC50,nM,UO_0000065,,1.9,,1.9,CN1CCCN(C2(c3ccc(Oc4ccccc4)cc3)C(=O)NC(=O)NC2=O)CC1,active
,,6321408,[],CHEMBL1816183,"Inhibition of AMPA-activated human recombinant MMP9 using fluorogenic substrate (7-methoxycoumarin-4-yl)-acetyl-pro-Leu-Gly-Leu-(3-(2,4-dinitrophenyl)-L-2,3-diaminopropionyl)-Ala-Arg-NH2 by fluorogenic assay",B,,,BAO_0000190,BAO_0000357,single protein format,O=C1NC(=O)C(c2ccc(Oc3ccccc3)cc2)(N2CCN(C(=O)c3cccs3)CC2)C(=O)N1,,,CHEMBL1811810,Bioorg Med Chem,2011.0,"{'bei': '15.02', 'le': '0.29', 'lle': '4.81', 'sei': '6.82'}",,CHEMBL1812926,,CHEMBL1812926,7.37,0,http://www.openphacts.org/units/Nanomolar,1447182,=,1,1,=,,IC50,nM,,43.0,CHEMBL321,Homo sapiens,Matrix metalloproteinase-9,9606,,,IC50,nM,UO_0000065,,43.0,,43.0,O=C1NC(=O)C(c2ccc(Oc3ccccc3)cc2)(N2CCN(C(=O)c3cccs3)CC2)C(=O)N1,active
,,6321409,[],CHEMBL1816183,"Inhibition of AMPA-activated human recombinant MMP9 using fluorogenic substrate (7-methoxycoumarin-4-yl)-acetyl-pro-Leu-Gly-Leu-(3-(2,4-dinitrophenyl)-L-2,3-diaminopropionyl)-Ala-Arg-NH2 by fluorogenic assay",B,,,BAO_0000190,BAO_0000357,single protein format,N#Cc1ccc(C(=O)N2CCN(C3(c4ccc(Oc5ccccc5)cc4)C(=O)NC(=O)NC3=O)CC2)cc1,,,CHEMBL1811810,Bioorg Med Chem,2011.0,"{'bei': '14.46', 'le': '0.26', 'lle': '5.00', 'sei': '5.59'}",,CHEMBL1812927,,CHEMBL1812927,7.37,0,http://www.openphacts.org/units/Nanomolar,1447183,=,1,1,=,,IC50,nM,,43.0,CHEMBL321,Homo sapiens,Matrix metalloproteinase-9,9606,,,IC50,nM,UO_0000065,,43.0,,43.0,N#Cc1ccc(C(=O)N2CCN(C3(c4ccc(Oc5ccccc5)cc4)C(=O)NC(=O)NC3=O)CC2)cc1,active
,,6321410,[],CHEMBL1816183,"Inhibition of AMPA-activated human recombinant MMP9 using fluorogenic substrate (7-methoxycoumarin-4-yl)-acetyl-pro-Leu-Gly-Leu-(3-(2,4-dinitrophenyl)-L-2,3-diaminopropionyl)-Ala-Arg-NH2 by fluorogenic assay",B,,,BAO_0000190,BAO_0000357,single protein format,O=C1NC(=O)C(c2ccc(Oc3ccccc3)cc2)(N2CCN(C(=O)c3ccc(Cl)nc3)CC2)C(=O)N1,,,CHEMBL1811810,Bioorg Med Chem,2011.0,"{'bei': '14.13', 'le': '0.27', 'lle': '4.80', 'sei': '6.07'}",,CHEMBL1812928,,CHEMBL1812928,7.35,0,http://www.openphacts.org/units/Nanomolar,1447184,=,1,1,=,,IC50,nM,,45.0,CHEMBL321,Homo sapiens,Matrix metalloproteinase-9,9606,,,IC50,nM,UO_0000065,,45.0,,45.0,O=C1NC(=O)C(c2ccc(Oc3ccccc3)cc2)(N2CCN(C(=O)c3ccc(Cl)nc3)CC2)C(=O)N1,active
,,6321411,[],CHEMBL1816183,"Inhibition of AMPA-activated human recombinant MMP9 using fluorogenic substrate (7-methoxycoumarin-4-yl)-acetyl-pro-Leu-Gly-Leu-(3-(2,4-dinitrophenyl)-L-2,3-diaminopropionyl)-Ala-Arg-NH2 by fluorogenic assay",B,,,BAO_0000190,BAO_0000357,single protein format,O=C1NC(=O)C(c2ccc(Oc3ccccc3)cc2)(N2CCCN(C(=O)C3CC3)CC2)C(=O)N1,,,CHEMBL1811810,Bioorg Med Chem,2011.0,"{'bei': '17.05', 'le': '0.32', 'lle': '5.91', 'sei': '7.30'}",,CHEMBL1812929,,CHEMBL1812929,7.89,0,http://www.openphacts.org/units/Nanomolar,1447185,=,1,1,=,,IC50,nM,,13.0,CHEMBL321,Homo sapiens,Matrix metalloproteinase-9,9606,,,IC50,nM,UO_0000065,,13.0,,13.0,O=C1NC(=O)C(c2ccc(Oc3ccccc3)cc2)(N2CCCN(C(=O)C3CC3)CC2)C(=O)N1,active
,,6321412,[],CHEMBL1816183,"Inhibition of AMPA-activated human recombinant MMP9 using fluorogenic substrate (7-methoxycoumarin-4-yl)-acetyl-pro-Leu-Gly-Leu-(3-(2,4-dinitrophenyl)-L-2,3-diaminopropionyl)-Ala-Arg-NH2 by fluorogenic assay",B,,,BAO_0000190,BAO_0000357,single protein format,O=C1NC(=O)C(c2ccc(Oc3ccccc3)cc2)(N2CCCN(C(=O)c3cccs3)CC2)C(=O)N1,,,CHEMBL1811810,Bioorg Med Chem,2011.0,"{'bei': '15.30', 'le': '0.29', 'lle': '4.77', 'sei': '7.15'}",,CHEMBL1812930,,CHEMBL1812930,7.72,0,http://www.openphacts.org/units/Nanomolar,1447186,=,1,1,=,,IC50,nM,,19.0,CHEMBL321,Homo sapiens,Matrix metalloproteinase-9,9606,,,IC50,nM,UO_0000065,,19.0,,19.0,O=C1NC(=O)C(c2ccc(Oc3ccccc3)cc2)(N2CCCN(C(=O)c3cccs3)CC2)C(=O)N1,active
,,6321413,[],CHEMBL1816183,"Inhibition of AMPA-activated human recombinant MMP9 using fluorogenic substrate (7-methoxycoumarin-4-yl)-acetyl-pro-Leu-Gly-Leu-(3-(2,4-dinitrophenyl)-L-2,3-diaminopropionyl)-Ala-Arg-NH2 by fluorogenic assay",B,,,BAO_0000190,BAO_0000357,single protein format,N#Cc1ccc(C(=O)N2CCCN(C3(c4ccc(Oc5ccccc5)cc4)C(=O)NC(=O)NC3=O)CC2)cc1,,,CHEMBL1811810,Bioorg Med Chem,2011.0,"{'bei': '14.43', 'le': '0.26', 'lle': '4.79', 'sei': '5.73'}",,CHEMBL1812931,,CHEMBL1812931,7.55,0,http://www.openphacts.org/units/Nanomolar,1447187,=,1,1,=,,IC50,nM,,28.0,CHEMBL321,Homo sapiens,Matrix metalloproteinase-9,9606,,,IC50,nM,UO_0000065,,28.0,,28.0,N#Cc1ccc(C(=O)N2CCCN(C3(c4ccc(Oc5ccccc5)cc4)C(=O)NC(=O)NC3=O)CC2)cc1,active
,,6321414,[],CHEMBL1816183,"Inhibition of AMPA-activated human recombinant MMP9 using fluorogenic substrate (7-methoxycoumarin-4-yl)-acetyl-pro-Leu-Gly-Leu-(3-(2,4-dinitrophenyl)-L-2,3-diaminopropionyl)-Ala-Arg-NH2 by fluorogenic assay",B,,,BAO_0000190,BAO_0000357,single protein format,O=C1NC(=O)C(c2ccc(Oc3ccccc3)cc2)(N2CCCN(C(=O)c3ccc(Cl)nc3)CC2)C(=O)N1,,,CHEMBL1811810,Bioorg Med Chem,2011.0,"{'bei': '13.03', 'le': '0.25', 'lle': '4.02', 'sei': '5.75'}",,CHEMBL1812932,,CHEMBL1812932,6.96,0,http://www.openphacts.org/units/Nanomolar,1447188,=,1,1,=,,IC50,nM,,110.0,CHEMBL321,Homo sapiens,Matrix metalloproteinase-9,9606,,,IC50,nM,UO_0000065,,110.0,,110.0,O=C1NC(=O)C(c2ccc(Oc3ccccc3)cc2)(N2CCCN(C(=O)c3ccc(Cl)nc3)CC2)C(=O)N1,active
,,6321415,[],CHEMBL1816183,"Inhibition of AMPA-activated human recombinant MMP9 using fluorogenic substrate (7-methoxycoumarin-4-yl)-acetyl-pro-Leu-Gly-Leu-(3-(2,4-dinitrophenyl)-L-2,3-diaminopropionyl)-Ala-Arg-NH2 by fluorogenic assay",B,,,BAO_0000190,BAO_0000357,single protein format,O=C1NC(=O)C(c2ccc(Oc3ccccc3)cc2)(N2CCCN(C(=O)C3CCC3)CC2)C(=O)N1,,,CHEMBL1811810,Bioorg Med Chem,2011.0,"{'bei': '16.48', 'le': '0.31', 'lle': '5.48', 'sei': '7.27'}",,CHEMBL1812933,,CHEMBL1812933,7.85,0,http://www.openphacts.org/units/Nanomolar,1447189,=,1,1,=,,IC50,nM,,14.0,CHEMBL321,Homo sapiens,Matrix metalloproteinase-9,9606,,,IC50,nM,UO_0000065,,14.0,,14.0,O=C1NC(=O)C(c2ccc(Oc3ccccc3)cc2)(N2CCCN(C(=O)C3CCC3)CC2)C(=O)N1,active
,,6321416,[],CHEMBL1816183,"Inhibition of AMPA-activated human recombinant MMP9 using fluorogenic substrate (7-methoxycoumarin-4-yl)-acetyl-pro-Leu-Gly-Leu-(3-(2,4-dinitrophenyl)-L-2,3-diaminopropionyl)-Ala-Arg-NH2 by fluorogenic assay",B,,,BAO_0000190,BAO_0000357,single protein format,O=C1NC(=O)C(c2ccc(Oc3ccccc3)cc2)(N2CCCN(C(=O)CSc3ccccc3)CC2)C(=O)N1,,,CHEMBL1811810,Bioorg Med Chem,2011.0,"{'bei': '13.67', 'le': '0.26', 'lle': '4.07', 'sei': '6.89'}",,CHEMBL1812934,,CHEMBL1812934,7.44,0,http://www.openphacts.org/units/Nanomolar,1447190,=,1,1,=,,IC50,nM,,36.0,CHEMBL321,Homo sapiens,Matrix metalloproteinase-9,9606,,,IC50,nM,UO_0000065,,36.0,,36.0,O=C1NC(=O)C(c2ccc(Oc3ccccc3)cc2)(N2CCCN(C(=O)CSc3ccccc3)CC2)C(=O)N1,active
,,6321417,[],CHEMBL1816183,"Inhibition of AMPA-activated human recombinant MMP9 using fluorogenic substrate (7-methoxycoumarin-4-yl)-acetyl-pro-Leu-Gly-Leu-(3-(2,4-dinitrophenyl)-L-2,3-diaminopropionyl)-Ala-Arg-NH2 by fluorogenic assay",B,,,BAO_0000190,BAO_0000357,single protein format,CCOc1cc(OCC)cc(C(=O)N2CCCN(C3(c4ccc(Oc5ccccc5)cc4)C(=O)NC(=O)NC3=O)CC2)c1,,,CHEMBL1811810,Bioorg Med Chem,2011.0,"{'bei': '10.10', 'le': '0.19', 'lle': '2.23', 'sei': '4.68'}",,CHEMBL1812935,,CHEMBL1812935,5.92,0,http://www.openphacts.org/units/Nanomolar,1447191,=,1,1,=,,IC50,nM,,1190.0,CHEMBL321,Homo sapiens,Matrix metalloproteinase-9,9606,,,IC50,nM,UO_0000065,,1190.0,,1190.0,CCOc1cc(OCC)cc(C(=O)N2CCCN(C3(c4ccc(Oc5ccccc5)cc4)C(=O)NC(=O)NC3=O)CC2)c1,intermediate
,,6321418,[],CHEMBL1816183,"Inhibition of AMPA-activated human recombinant MMP9 using fluorogenic substrate (7-methoxycoumarin-4-yl)-acetyl-pro-Leu-Gly-Leu-(3-(2,4-dinitrophenyl)-L-2,3-diaminopropionyl)-Ala-Arg-NH2 by fluorogenic assay",B,,,BAO_0000190,BAO_0000357,single protein format,O=C1NC(=O)C(c2ccc(Oc3ccccc3)cc2)(N2CCCN(C(=O)c3ccc(OC(F)(F)F)cc3)CC2)C(=O)N1,,,CHEMBL1811810,Bioorg Med Chem,2011.0,"{'bei': '12.28', 'le': '0.23', 'lle': '3.36', 'sei': '6.10'}",,CHEMBL1812936,,CHEMBL1812936,7.16,0,http://www.openphacts.org/units/Nanomolar,1447192,=,1,1,=,,IC50,nM,,70.0,CHEMBL321,Homo sapiens,Matrix metalloproteinase-9,9606,,,IC50,nM,UO_0000065,,70.0,,70.0,O=C1NC(=O)C(c2ccc(Oc3ccccc3)cc2)(N2CCCN(C(=O)c3ccc(OC(F)(F)F)cc3)CC2)C(=O)N1,active
,,6321419,[],CHEMBL1816183,"Inhibition of AMPA-activated human recombinant MMP9 using fluorogenic substrate (7-methoxycoumarin-4-yl)-acetyl-pro-Leu-Gly-Leu-(3-(2,4-dinitrophenyl)-L-2,3-diaminopropionyl)-Ala-Arg-NH2 by fluorogenic assay",B,,,BAO_0000190,BAO_0000357,single protein format,O=C1NC(=O)C(c2ccc(Oc3ccccc3)cc2)(N2CCCN(C(=O)CCC3CCCC3)CC2)C(=O)N1,,,CHEMBL1811810,Bioorg Med Chem,2011.0,"{'bei': '13.13', 'le': '0.24', 'lle': '3.27', 'sei': '6.30'}",,CHEMBL1812937,,CHEMBL1812937,6.81,0,http://www.openphacts.org/units/Nanomolar,1447193,=,1,1,=,,IC50,nM,,155.0,CHEMBL321,Homo sapiens,Matrix metalloproteinase-9,9606,,,IC50,nM,UO_0000065,,155.0,,155.0,O=C1NC(=O)C(c2ccc(Oc3ccccc3)cc2)(N2CCCN(C(=O)CCC3CCCC3)CC2)C(=O)N1,active
,,6321420,[],CHEMBL1816183,"Inhibition of AMPA-activated human recombinant MMP9 using fluorogenic substrate (7-methoxycoumarin-4-yl)-acetyl-pro-Leu-Gly-Leu-(3-(2,4-dinitrophenyl)-L-2,3-diaminopropionyl)-Ala-Arg-NH2 by fluorogenic assay",B,,,BAO_0000190,BAO_0000357,single protein format,CCOc1ccc(OCC)c(C(=O)N2CCCN(C3(c4ccc(Oc5ccccc5)cc4)C(=O)NC(=O)NC3=O)CC2)c1,,,CHEMBL1811810,Bioorg Med Chem,2011.0,"{'bei': '10.95', 'le': '0.20', 'lle': '2.73', 'sei': '5.08'}",,CHEMBL1812938,,CHEMBL1812938,6.42,0,http://www.openphacts.org/units/Nanomolar,1447194,=,1,1,=,,IC50,nM,,376.0,CHEMBL321,Homo sapiens,Matrix metalloproteinase-9,9606,,,IC50,nM,UO_0000065,,376.0,,376.0,CCOc1ccc(OCC)c(C(=O)N2CCCN(C3(c4ccc(Oc5ccccc5)cc4)C(=O)NC(=O)NC3=O)CC2)c1,active
,,6321421,[],CHEMBL1816183,"Inhibition of AMPA-activated human recombinant MMP9 using fluorogenic substrate (7-methoxycoumarin-4-yl)-acetyl-pro-Leu-Gly-Leu-(3-(2,4-dinitrophenyl)-L-2,3-diaminopropionyl)-Ala-Arg-NH2 by fluorogenic assay",B,,,BAO_0000190,BAO_0000357,single protein format,Cc1cc(C(=O)N2CCCN(C3(c4ccc(Oc5ccccc5)cc4)C(=O)NC(=O)NC3=O)CC2)cc(Cl)n1,,,CHEMBL1811810,Bioorg Med Chem,2011.0,"{'bei': '13.78', 'le': '0.26', 'lle': '4.30', 'sei': '6.25'}",,CHEMBL1812939,,CHEMBL1812939,7.55,0,http://www.openphacts.org/units/Nanomolar,1447195,=,1,1,=,,IC50,nM,,28.0,CHEMBL321,Homo sapiens,Matrix metalloproteinase-9,9606,,,IC50,nM,UO_0000065,,28.0,,28.0,Cc1cc(C(=O)N2CCCN(C3(c4ccc(Oc5ccccc5)cc4)C(=O)NC(=O)NC3=O)CC2)cc(Cl)n1,active
,,6321422,[],CHEMBL1816183,"Inhibition of AMPA-activated human recombinant MMP9 using fluorogenic substrate (7-methoxycoumarin-4-yl)-acetyl-pro-Leu-Gly-Leu-(3-(2,4-dinitrophenyl)-L-2,3-diaminopropionyl)-Ala-Arg-NH2 by fluorogenic assay",B,,,BAO_0000190,BAO_0000357,single protein format,O=C1NC(=O)C(c2ccc(Oc3ccccc3)cc2)(N2CCCN(C(=O)N3CCNC3=O)CC2)C(=O)N1,,,CHEMBL1811810,Bioorg Med Chem,2011.0,"{'bei': '13.26', 'le': '0.25', 'lle': '5.53', 'sei': '4.79'}",,CHEMBL1812940,,CHEMBL1812940,6.72,0,http://www.openphacts.org/units/Nanomolar,1447196,=,1,1,=,,IC50,nM,,191.0,CHEMBL321,Homo sapiens,Matrix metalloproteinase-9,9606,,,IC50,nM,UO_0000065,,191.0,,191.0,O=C1NC(=O)C(c2ccc(Oc3ccccc3)cc2)(N2CCCN(C(=O)N3CCNC3=O)CC2)C(=O)N1,active
,,6321423,[],CHEMBL1816183,"Inhibition of AMPA-activated human recombinant MMP9 using fluorogenic substrate (7-methoxycoumarin-4-yl)-acetyl-pro-Leu-Gly-Leu-(3-(2,4-dinitrophenyl)-L-2,3-diaminopropionyl)-Ala-Arg-NH2 by fluorogenic assay",B,,,BAO_0000190,BAO_0000357,single protein format,Cc1c(C(=O)N2CCCN(C3(c4ccc(Oc5ccccc5)cc4)C(=O)NC(=O)NC3=O)CC2)oc2ccccc12,,,CHEMBL1811810,Bioorg Med Chem,2011.0,"{'bei': '15.46', 'le': '0.28', 'lle': '4.60', 'sei': '7.05'}",,CHEMBL1812941,,CHEMBL1812941,8.54,0,http://www.openphacts.org/units/Nanomolar,1447197,=,1,1,=,,IC50,nM,,2.88,CHEMBL321,Homo sapiens,Matrix metalloproteinase-9,9606,,,IC50,nM,UO_0000065,,2.88,,2.88,Cc1c(C(=O)N2CCCN(C3(c4ccc(Oc5ccccc5)cc4)C(=O)NC(=O)NC3=O)CC2)oc2ccccc12,active
,,6321424,[],CHEMBL1816183,"Inhibition of AMPA-activated human recombinant MMP9 using fluorogenic substrate (7-methoxycoumarin-4-yl)-acetyl-pro-Leu-Gly-Leu-(3-(2,4-dinitrophenyl)-L-2,3-diaminopropionyl)-Ala-Arg-NH2 by fluorogenic assay",B,,,BAO_0000190,BAO_0000357,single protein format,O=C1NC(=O)C(c2ccc(Oc3ccccc3)cc2)(N2CCCN(C(=O)c3sc4cc(F)ccc4c3Cl)CC2)C(=O)N1,,,CHEMBL1811810,Bioorg Med Chem,2011.0,"{'bei': '10.98', 'le': '0.22', 'lle': '1.77', 'sei': '6.17'}",,CHEMBL1812942,,CHEMBL1812942,6.67,0,http://www.openphacts.org/units/Nanomolar,1447198,=,1,1,=,,IC50,nM,,215.0,CHEMBL321,Homo sapiens,Matrix metalloproteinase-9,9606,,,IC50,nM,UO_0000065,,215.0,,215.0,O=C1NC(=O)C(c2ccc(Oc3ccccc3)cc2)(N2CCCN(C(=O)c3sc4cc(F)ccc4c3Cl)CC2)C(=O)N1,active
,,6321425,[],CHEMBL1816183,"Inhibition of AMPA-activated human recombinant MMP9 using fluorogenic substrate (7-methoxycoumarin-4-yl)-acetyl-pro-Leu-Gly-Leu-(3-(2,4-dinitrophenyl)-L-2,3-diaminopropionyl)-Ala-Arg-NH2 by fluorogenic assay",B,,,BAO_0000190,BAO_0000357,single protein format,Cc1cc(C(=O)N2CCCN(C3(c4ccc(Oc5ccccc5)cc4)C(=O)NC(=O)NC3=O)CC2)c(C)o1,,,CHEMBL1811810,Bioorg Med Chem,2011.0,"{'bei': '14.72', 'le': '0.27', 'lle': '4.50', 'sei': '6.27'}",,CHEMBL1812943,,CHEMBL1812943,7.60,0,http://www.openphacts.org/units/Nanomolar,1447199,=,1,1,=,,IC50,nM,,25.0,CHEMBL321,Homo sapiens,Matrix metalloproteinase-9,9606,,,IC50,nM,UO_0000065,,25.0,,25.0,Cc1cc(C(=O)N2CCCN(C3(c4ccc(Oc5ccccc5)cc4)C(=O)NC(=O)NC3=O)CC2)c(C)o1,active
,,6321426,[],CHEMBL1816183,"Inhibition of AMPA-activated human recombinant MMP9 using fluorogenic substrate (7-methoxycoumarin-4-yl)-acetyl-pro-Leu-Gly-Leu-(3-(2,4-dinitrophenyl)-L-2,3-diaminopropionyl)-Ala-Arg-NH2 by fluorogenic assay",B,,,BAO_0000190,BAO_0000357,single protein format,O=C1NC(=O)C(c2ccc(Oc3ccccc3)cc2)(N2CCCN(C(=O)c3cnc4ccccc4n3)CC2)C(=O)N1,,,CHEMBL1811810,Bioorg Med Chem,2011.0,"{'bei': '13.56', 'le': '0.25', 'lle': '4.64', 'sei': '5.58'}",,CHEMBL1812944,,CHEMBL1812944,7.47,0,http://www.openphacts.org/units/Nanomolar,1447200,=,1,1,=,,IC50,nM,,34.0,CHEMBL321,Homo sapiens,Matrix metalloproteinase-9,9606,,,IC50,nM,UO_0000065,,34.0,,34.0,O=C1NC(=O)C(c2ccc(Oc3ccccc3)cc2)(N2CCCN(C(=O)c3cnc4ccccc4n3)CC2)C(=O)N1,active
,,6321427,[],CHEMBL1816183,"Inhibition of AMPA-activated human recombinant MMP9 using fluorogenic substrate (7-methoxycoumarin-4-yl)-acetyl-pro-Leu-Gly-Leu-(3-(2,4-dinitrophenyl)-L-2,3-diaminopropionyl)-Ala-Arg-NH2 by fluorogenic assay",B,,,BAO_0000190,BAO_0000357,single protein format,O=C1NC(=O)C(c2ccc(Oc3ccccc3)cc2)(N2CCCN(C(=O)Cc3cccs3)CC2)C(=O)N1,,,CHEMBL1811810,Bioorg Med Chem,2011.0,"{'bei': '14.06', 'le': '0.27', 'lle': '4.41', 'sei': '6.75'}",,CHEMBL1812945,,CHEMBL1812945,7.29,0,http://www.openphacts.org/units/Nanomolar,1447201,=,1,1,=,,IC50,nM,,51.0,CHEMBL321,Homo sapiens,Matrix metalloproteinase-9,9606,,,IC50,nM,UO_0000065,,51.0,,51.0,O=C1NC(=O)C(c2ccc(Oc3ccccc3)cc2)(N2CCCN(C(=O)Cc3cccs3)CC2)C(=O)N1,active
,,6321428,[],CHEMBL1816183,"Inhibition of AMPA-activated human recombinant MMP9 using fluorogenic substrate (7-methoxycoumarin-4-yl)-acetyl-pro-Leu-Gly-Leu-(3-(2,4-dinitrophenyl)-L-2,3-diaminopropionyl)-Ala-Arg-NH2 by fluorogenic assay",B,,,BAO_0000190,BAO_0000357,single protein format,O=C1NC(=O)C(c2ccc(Oc3ccccc3)cc2)(N2CCCN(C(=O)c3ccccc3COC(=O)c3ccccc3)CC2)C(=O)N1,,,CHEMBL1811810,Bioorg Med Chem,2011.0,"{'bei': '10.94', 'le': '0.20', 'lle': '2.67', 'sei': '5.15'}",,CHEMBL1812946,,CHEMBL1812946,6.92,0,http://www.openphacts.org/units/Nanomolar,1447202,=,1,1,=,,IC50,nM,,120.0,CHEMBL321,Homo sapiens,Matrix metalloproteinase-9,9606,,,IC50,nM,UO_0000065,,120.0,,120.0,O=C1NC(=O)C(c2ccc(Oc3ccccc3)cc2)(N2CCCN(C(=O)c3ccccc3COC(=O)c3ccccc3)CC2)C(=O)N1,active
,,6321429,[],CHEMBL1816183,"Inhibition of AMPA-activated human recombinant MMP9 using fluorogenic substrate (7-methoxycoumarin-4-yl)-acetyl-pro-Leu-Gly-Leu-(3-(2,4-dinitrophenyl)-L-2,3-diaminopropionyl)-Ala-Arg-NH2 by fluorogenic assay",B,,,BAO_0000190,BAO_0000357,single protein format,O=C1NC(=O)C(c2ccc(Oc3ccccc3)cc2)(N2CCCN(C(=O)c3ccc(C(F)(F)F)nc3)CC2)C(=O)N1,,,CHEMBL1811810,Bioorg Med Chem,2011.0,"{'bei': '11.81', 'le': '0.22', 'lle': '3.40', 'sei': '5.54'}",,CHEMBL1812947,,CHEMBL1812947,6.70,0,http://www.openphacts.org/units/Nanomolar,1447203,=,1,1,=,,IC50,nM,,198.0,CHEMBL321,Homo sapiens,Matrix metalloproteinase-9,9606,,,IC50,nM,UO_0000065,,198.0,,198.0,O=C1NC(=O)C(c2ccc(Oc3ccccc3)cc2)(N2CCCN(C(=O)c3ccc(C(F)(F)F)nc3)CC2)C(=O)N1,active
,,6321430,[],CHEMBL1816183,"Inhibition of AMPA-activated human recombinant MMP9 using fluorogenic substrate (7-methoxycoumarin-4-yl)-acetyl-pro-Leu-Gly-Leu-(3-(2,4-dinitrophenyl)-L-2,3-diaminopropionyl)-Ala-Arg-NH2 by fluorogenic assay",B,,,BAO_0000190,BAO_0000357,single protein format,Cc1ccc(C(=O)N2CCCN(C3(c4ccc(Oc5ccccc5)cc4)C(=O)NC(=O)NC3=O)CC2)cc1,,,CHEMBL1811810,Bioorg Med Chem,2011.0,"{'bei': '14.35', 'le': '0.26', 'lle': '4.16', 'sei': '6.81'}",,CHEMBL1812948,,CHEMBL1812948,7.36,0,http://www.openphacts.org/units/Nanomolar,1447204,=,1,1,=,,IC50,nM,,44.0,CHEMBL321,Homo sapiens,Matrix metalloproteinase-9,9606,,,IC50,nM,UO_0000065,,44.0,,44.0,Cc1ccc(C(=O)N2CCCN(C3(c4ccc(Oc5ccccc5)cc4)C(=O)NC(=O)NC3=O)CC2)cc1,active
,,6321431,[],CHEMBL1816183,"Inhibition of AMPA-activated human recombinant MMP9 using fluorogenic substrate (7-methoxycoumarin-4-yl)-acetyl-pro-Leu-Gly-Leu-(3-(2,4-dinitrophenyl)-L-2,3-diaminopropionyl)-Ala-Arg-NH2 by fluorogenic assay",B,,,BAO_0000190,BAO_0000357,single protein format,O=C1NC(=O)C(c2ccc(Oc3ccccc3)cc2)(N2CCCN(C(=O)c3ccc(Br)cc3)CC2)C(=O)N1,,,CHEMBL1811810,Bioorg Med Chem,2011.0,"{'bei': '11.34', 'le': '0.24', 'lle': '2.90', 'sei': '6.06'}",,CHEMBL1812949,,CHEMBL1812949,6.55,0,http://www.openphacts.org/units/Nanomolar,1447205,=,1,1,=,,IC50,nM,,282.0,CHEMBL321,Homo sapiens,Matrix metalloproteinase-9,9606,,,IC50,nM,UO_0000065,,282.0,,282.0,O=C1NC(=O)C(c2ccc(Oc3ccccc3)cc2)(N2CCCN(C(=O)c3ccc(Br)cc3)CC2)C(=O)N1,active
,,6321432,[],CHEMBL1816183,"Inhibition of AMPA-activated human recombinant MMP9 using fluorogenic substrate (7-methoxycoumarin-4-yl)-acetyl-pro-Leu-Gly-Leu-(3-(2,4-dinitrophenyl)-L-2,3-diaminopropionyl)-Ala-Arg-NH2 by fluorogenic assay",B,,,BAO_0000190,BAO_0000357,single protein format,O=C1NC(=O)C(c2ccc(Oc3ccccc3)cc2)(N2CCCN(C(=O)c3c(Cl)cccc3Cl)CC2)C(=O)N1,,,CHEMBL1811810,Bioorg Med Chem,2011.0,"{'bei': '12.44', 'le': '0.25', 'lle': '2.86', 'sei': '6.53'}",,CHEMBL1812950,,CHEMBL1812950,7.06,0,http://www.openphacts.org/units/Nanomolar,1447206,=,1,1,=,,IC50,nM,,87.0,CHEMBL321,Homo sapiens,Matrix metalloproteinase-9,9606,,,IC50,nM,UO_0000065,,87.0,,87.0,O=C1NC(=O)C(c2ccc(Oc3ccccc3)cc2)(N2CCCN(C(=O)c3c(Cl)cccc3Cl)CC2)C(=O)N1,active
,,6321433,[],CHEMBL1816183,"Inhibition of AMPA-activated human recombinant MMP9 using fluorogenic substrate (7-methoxycoumarin-4-yl)-acetyl-pro-Leu-Gly-Leu-(3-(2,4-dinitrophenyl)-L-2,3-diaminopropionyl)-Ala-Arg-NH2 by fluorogenic assay",B,,,BAO_0000190,BAO_0000357,single protein format,O=C1NC(=O)C(c2ccc(Oc3ccccc3)cc2)(N2CCCN(C(=O)CCc3ccccc3)CC2)C(=O)N1,,,CHEMBL1811810,Bioorg Med Chem,2011.0,"{'bei': '13.69', 'le': '0.25', 'lle': '4.00', 'sei': '6.67'}",,CHEMBL1812951,,CHEMBL1812951,7.21,0,http://www.openphacts.org/units/Nanomolar,1447207,=,1,1,=,,IC50,nM,,62.0,CHEMBL321,Homo sapiens,Matrix metalloproteinase-9,9606,,,IC50,nM,UO_0000065,,62.0,,62.0,O=C1NC(=O)C(c2ccc(Oc3ccccc3)cc2)(N2CCCN(C(=O)CCc3ccccc3)CC2)C(=O)N1,active
,,6321434,[],CHEMBL1816183,"Inhibition of AMPA-activated human recombinant MMP9 using fluorogenic substrate (7-methoxycoumarin-4-yl)-acetyl-pro-Leu-Gly-Leu-(3-(2,4-dinitrophenyl)-L-2,3-diaminopropionyl)-Ala-Arg-NH2 by fluorogenic assay",B,,,BAO_0000190,BAO_0000357,single protein format,O=C1NC(=O)C(c2ccc(Oc3ccccc3)cc2)(N2CCCN(C(=O)Cc3ccc(Cl)cc3)CC2)C(=O)N1,,,CHEMBL1811810,Bioorg Med Chem,2011.0,"{'bei': '12.36', 'le': '0.24', 'lle': '3.29', 'sei': '6.26'}",,CHEMBL1812952,,CHEMBL1812952,6.76,0,http://www.openphacts.org/units/Nanomolar,1447208,=,1,1,=,,IC50,nM,,173.0,CHEMBL321,Homo sapiens,Matrix metalloproteinase-9,9606,,,IC50,nM,UO_0000065,,173.0,,173.0,O=C1NC(=O)C(c2ccc(Oc3ccccc3)cc2)(N2CCCN(C(=O)Cc3ccc(Cl)cc3)CC2)C(=O)N1,active
,,6321435,[],CHEMBL1816183,"Inhibition of AMPA-activated human recombinant MMP9 using fluorogenic substrate (7-methoxycoumarin-4-yl)-acetyl-pro-Leu-Gly-Leu-(3-(2,4-dinitrophenyl)-L-2,3-diaminopropionyl)-Ala-Arg-NH2 by fluorogenic assay",B,,,BAO_0000190,BAO_0000357,single protein format,O=C1NC(=O)C(c2ccc(Oc3ccccc3)cc2)(N2CCCN(C(=O)CC3CCCCC3)CC2)C(=O)N1,,,CHEMBL1811810,Bioorg Med Chem,2011.0,"{'bei': '13.72', 'le': '0.26', 'lle': '3.57', 'sei': '6.58'}",,CHEMBL1812953,,CHEMBL1812953,7.11,0,http://www.openphacts.org/units/Nanomolar,1447209,=,1,1,=,,IC50,nM,,77.0,CHEMBL321,Homo sapiens,Matrix metalloproteinase-9,9606,,,IC50,nM,UO_0000065,,77.0,,77.0,O=C1NC(=O)C(c2ccc(Oc3ccccc3)cc2)(N2CCCN(C(=O)CC3CCCCC3)CC2)C(=O)N1,active
,,6321436,[],CHEMBL1816183,"Inhibition of AMPA-activated human recombinant MMP9 using fluorogenic substrate (7-methoxycoumarin-4-yl)-acetyl-pro-Leu-Gly-Leu-(3-(2,4-dinitrophenyl)-L-2,3-diaminopropionyl)-Ala-Arg-NH2 by fluorogenic assay",B,,,BAO_0000190,BAO_0000357,single protein format,O=C1NC(=O)C(c2ccc(Oc3ccccc3)cc2)(N2CCCN(C(=O)c3cc(F)c(Cl)nc3Cl)CC2)C(=O)N1,,,CHEMBL1811810,Bioorg Med Chem,2011.0,"{'bei': '12.09', 'le': '0.24', 'lle': '3.36', 'sei': '5.86'}",,CHEMBL1812954,,CHEMBL1812954,7.09,0,http://www.openphacts.org/units/Nanomolar,1447210,=,1,1,=,,IC50,nM,,81.0,CHEMBL321,Homo sapiens,Matrix metalloproteinase-9,9606,,,IC50,nM,UO_0000065,,81.0,,81.0,O=C1NC(=O)C(c2ccc(Oc3ccccc3)cc2)(N2CCCN(C(=O)c3cc(F)c(Cl)nc3Cl)CC2)C(=O)N1,active
,,6321437,[],CHEMBL1816183,"Inhibition of AMPA-activated human recombinant MMP9 using fluorogenic substrate (7-methoxycoumarin-4-yl)-acetyl-pro-Leu-Gly-Leu-(3-(2,4-dinitrophenyl)-L-2,3-diaminopropionyl)-Ala-Arg-NH2 by fluorogenic assay",B,,,BAO_0000190,BAO_0000357,single protein format,O=C1NC(=O)C(c2ccc(Oc3ccccc3)cc2)(N2CCCN(C(=O)N3CCOCC3)CC2)C(=O)N1,,,CHEMBL1811810,Bioorg Med Chem,2011.0,"{'bei': '15.01', 'le': '0.28', 'lle': '6.12', 'sei': '6.32'}",,CHEMBL1812955,,CHEMBL1812955,7.62,0,http://www.openphacts.org/units/Nanomolar,1447211,=,1,1,=,,IC50,nM,,24.0,CHEMBL321,Homo sapiens,Matrix metalloproteinase-9,9606,,,IC50,nM,UO_0000065,,24.0,,24.0,O=C1NC(=O)C(c2ccc(Oc3ccccc3)cc2)(N2CCCN(C(=O)N3CCOCC3)CC2)C(=O)N1,active
,,6321438,[],CHEMBL1816183,"Inhibition of AMPA-activated human recombinant MMP9 using fluorogenic substrate (7-methoxycoumarin-4-yl)-acetyl-pro-Leu-Gly-Leu-(3-(2,4-dinitrophenyl)-L-2,3-diaminopropionyl)-Ala-Arg-NH2 by fluorogenic assay",B,,,BAO_0000190,BAO_0000357,single protein format,CN(C)c1cccc2c(S(=O)(=O)N3CCCN(C4(c5ccc(Oc6ccccc6)cc5)C(=O)NC(=O)NC4=O)CC3)cccc12,,,CHEMBL1811810,Bioorg Med Chem,2011.0,"{'bei': '11.36', 'le': '0.22', 'lle': '3.47', 'sei': '5.56'}",,CHEMBL1812956,,CHEMBL1812956,7.13,0,http://www.openphacts.org/units/Nanomolar,1447212,=,1,1,=,,IC50,nM,,74.0,CHEMBL321,Homo sapiens,Matrix metalloproteinase-9,9606,,,IC50,nM,UO_0000065,,74.0,,74.0,CN(C)c1cccc2c(S(=O)(=O)N3CCCN(C4(c5ccc(Oc6ccccc6)cc5)C(=O)NC(=O)NC4=O)CC3)cccc12,active
,,6321439,[],CHEMBL1816183,"Inhibition of AMPA-activated human recombinant MMP9 using fluorogenic substrate (7-methoxycoumarin-4-yl)-acetyl-pro-Leu-Gly-Leu-(3-(2,4-dinitrophenyl)-L-2,3-diaminopropionyl)-Ala-Arg-NH2 by fluorogenic assay",B,,,BAO_0000190,BAO_0000357,single protein format,CSc1ccc(C(=O)N2CCCN(C3(c4ccc(Oc5ccccc5)cc4)C(=O)NC(=O)NC3=O)CC2)cc1,,,CHEMBL1811810,Bioorg Med Chem,2011.0,"{'bei': '12.91', 'le': '0.25', 'lle': '3.42', 'sei': '6.51'}",,CHEMBL1812957,,CHEMBL1812957,7.03,0,http://www.openphacts.org/units/Nanomolar,1447213,=,1,1,=,,IC50,nM,,93.0,CHEMBL321,Homo sapiens,Matrix metalloproteinase-9,9606,,,IC50,nM,UO_0000065,,93.0,,93.0,CSc1ccc(C(=O)N2CCCN(C3(c4ccc(Oc5ccccc5)cc4)C(=O)NC(=O)NC3=O)CC2)cc1,active
,,6321440,[],CHEMBL1816183,"Inhibition of AMPA-activated human recombinant MMP9 using fluorogenic substrate (7-methoxycoumarin-4-yl)-acetyl-pro-Leu-Gly-Leu-(3-(2,4-dinitrophenyl)-L-2,3-diaminopropionyl)-Ala-Arg-NH2 by fluorogenic assay",B,,,BAO_0000190,BAO_0000357,single protein format,Cn1nc(C(=O)N2CCCN(C3(c4ccc(Oc5ccccc5)cc4)C(=O)NC(=O)NC3=O)CC2)c2ccccc21,,,CHEMBL1811810,Bioorg Med Chem,2011.0,"{'bei': '12.07', 'le': '0.22', 'lle': '3.89', 'sei': '5.30'}",,CHEMBL1812958,,CHEMBL1812958,6.67,0,http://www.openphacts.org/units/Nanomolar,1447214,=,1,1,=,,IC50,nM,,214.0,CHEMBL321,Homo sapiens,Matrix metalloproteinase-9,9606,,,IC50,nM,UO_0000065,,214.0,,214.0,Cn1nc(C(=O)N2CCCN(C3(c4ccc(Oc5ccccc5)cc4)C(=O)NC(=O)NC3=O)CC2)c2ccccc21,active
,,6321441,[],CHEMBL1816183,"Inhibition of AMPA-activated human recombinant MMP9 using fluorogenic substrate (7-methoxycoumarin-4-yl)-acetyl-pro-Leu-Gly-Leu-(3-(2,4-dinitrophenyl)-L-2,3-diaminopropionyl)-Ala-Arg-NH2 by fluorogenic assay",B,,,BAO_0000190,BAO_0000357,single protein format,CC(C)C(NS(=O)(=O)c1ccc2c(c1)OCCO2)C(=O)N1CCCN(C2(c3ccc(Oc4ccccc4)cc3)C(=O)NC(=O)NC2=O)CC1,,,CHEMBL1811810,Bioorg Med Chem,2011.0,"{'bei': '8.90', 'le': '0.17', 'lle': '3.81', 'sei': '3.57'}",,CHEMBL1812959,,CHEMBL1812959,6.16,0,http://www.openphacts.org/units/Nanomolar,1447215,=,1,1,=,,IC50,nM,,698.0,CHEMBL321,Homo sapiens,Matrix metalloproteinase-9,9606,,,IC50,nM,UO_0000065,,698.0,,698.0,CC(C)C(NS(=O)(=O)c1ccc2c(c1)OCCO2)C(=O)N1CCCN(C2(c3ccc(Oc4ccccc4)cc3)C(=O)NC(=O)NC2=O)CC1,active
,,6321442,[],CHEMBL1816183,"Inhibition of AMPA-activated human recombinant MMP9 using fluorogenic substrate (7-methoxycoumarin-4-yl)-acetyl-pro-Leu-Gly-Leu-(3-(2,4-dinitrophenyl)-L-2,3-diaminopropionyl)-Ala-Arg-NH2 by fluorogenic assay",B,,,BAO_0000190,BAO_0000357,single protein format,CC(Cc1nc2ccccc2s1)(C(=O)N1CCCN(C2(c3ccc(Oc4ccccc4)cc3)C(=O)NC(=O)NC2=O)CC1)c1ccccc1,,,CHEMBL1811810,Bioorg Med Chem,2011.0,"{'bei': '8.92', 'le': '0.17', 'lle': '0.63', 'sei': '4.97'}",,CHEMBL1812960,,CHEMBL1812960,6.01,0,http://www.openphacts.org/units/Nanomolar,1447216,=,1,1,=,,IC50,nM,,978.0,CHEMBL321,Homo sapiens,Matrix metalloproteinase-9,9606,,,IC50,nM,UO_0000065,,978.0,,978.0,CC(Cc1nc2ccccc2s1)(C(=O)N1CCCN(C2(c3ccc(Oc4ccccc4)cc3)C(=O)NC(=O)NC2=O)CC1)c1ccccc1,active
,,6321443,[],CHEMBL1816183,"Inhibition of AMPA-activated human recombinant MMP9 using fluorogenic substrate (7-methoxycoumarin-4-yl)-acetyl-pro-Leu-Gly-Leu-(3-(2,4-dinitrophenyl)-L-2,3-diaminopropionyl)-Ala-Arg-NH2 by fluorogenic assay",B,,,BAO_0000190,BAO_0000357,single protein format,Cc1cc(NS(=O)(=O)c2cccc(C(=O)N3CCCN(C4(c5ccc(Oc6ccccc6)cc5)C(=O)NC(=O)NC4=O)CC3)c2)no1,,,CHEMBL1811810,Bioorg Med Chem,2011.0,"{'bei': '11.88', 'le': '0.23', 'lle': '4.83', 'sei': '4.34'}",,CHEMBL1812961,,CHEMBL1812961,7.82,0,http://www.openphacts.org/units/Nanomolar,1447217,=,1,1,=,,IC50,nM,,15.0,CHEMBL321,Homo sapiens,Matrix metalloproteinase-9,9606,,,IC50,nM,UO_0000065,,15.0,,15.0,Cc1cc(NS(=O)(=O)c2cccc(C(=O)N3CCCN(C4(c5ccc(Oc6ccccc6)cc5)C(=O)NC(=O)NC4=O)CC3)c2)no1,active
,,6321444,[],CHEMBL1816183,"Inhibition of AMPA-activated human recombinant MMP9 using fluorogenic substrate (7-methoxycoumarin-4-yl)-acetyl-pro-Leu-Gly-Leu-(3-(2,4-dinitrophenyl)-L-2,3-diaminopropionyl)-Ala-Arg-NH2 by fluorogenic assay",B,,,BAO_0000190,BAO_0000357,single protein format,CS(=O)(=O)Nc1ccc(F)cc1C(=O)N1CCCN(C2(c3ccc(Oc4ccccc4)cc3)C(=O)NC(=O)NC2=O)CC1,,,CHEMBL1811810,Bioorg Med Chem,2011.0,"{'bei': '11.88', 'le': '0.23', 'lle': '4.84', 'sei': '4.70'}",,CHEMBL1812962,,CHEMBL1812962,7.24,0,http://www.openphacts.org/units/Nanomolar,1447218,=,1,1,=,,IC50,nM,,57.0,CHEMBL321,Homo sapiens,Matrix metalloproteinase-9,9606,,,IC50,nM,UO_0000065,,57.0,,57.0,CS(=O)(=O)Nc1ccc(F)cc1C(=O)N1CCCN(C2(c3ccc(Oc4ccccc4)cc3)C(=O)NC(=O)NC2=O)CC1,active
,,6321445,[],CHEMBL1816183,"Inhibition of AMPA-activated human recombinant MMP9 using fluorogenic substrate (7-methoxycoumarin-4-yl)-acetyl-pro-Leu-Gly-Leu-(3-(2,4-dinitrophenyl)-L-2,3-diaminopropionyl)-Ala-Arg-NH2 by fluorogenic assay",B,,,BAO_0000190,BAO_0000357,single protein format,COc1ccc(NS(=O)(=O)c2cc(C(=O)N3CCCN(C4(c5ccc(Oc6ccccc6)cc5)C(=O)NC(=O)NC4=O)CC3)ccc2C)cc1,,,CHEMBL1811810,Bioorg Med Chem,2011.0,"{'bei': '10.82', 'le': '0.21', 'lle': '3.54', 'sei': '4.62'}",,CHEMBL1812963,,CHEMBL1812963,7.55,0,http://www.openphacts.org/units/Nanomolar,1447219,=,1,1,=,,IC50,nM,,28.0,CHEMBL321,Homo sapiens,Matrix metalloproteinase-9,9606,,,IC50,nM,UO_0000065,,28.0,,28.0,COc1ccc(NS(=O)(=O)c2cc(C(=O)N3CCCN(C4(c5ccc(Oc6ccccc6)cc5)C(=O)NC(=O)NC4=O)CC3)ccc2C)cc1,active
,,6321446,[],CHEMBL1816183,"Inhibition of AMPA-activated human recombinant MMP9 using fluorogenic substrate (7-methoxycoumarin-4-yl)-acetyl-pro-Leu-Gly-Leu-(3-(2,4-dinitrophenyl)-L-2,3-diaminopropionyl)-Ala-Arg-NH2 by fluorogenic assay",B,,,BAO_0000190,BAO_0000357,single protein format,Cc1ccc(C(=O)N2CCCN(C3(c4ccc(Oc5ccccc5)cc4)C(=O)NC(=O)NC3=O)CC2)c(NS(C)(=O)=O)c1,,,CHEMBL1811810,Bioorg Med Chem,2011.0,"{'bei': '11.72', 'le': '0.23', 'lle': '4.53', 'sei': '4.60'}",,CHEMBL1812964,,CHEMBL1812964,7.10,0,http://www.openphacts.org/units/Nanomolar,1447220,=,1,1,=,,IC50,nM,,80.0,CHEMBL321,Homo sapiens,Matrix metalloproteinase-9,9606,,,IC50,nM,UO_0000065,,80.0,,80.0,Cc1ccc(C(=O)N2CCCN(C3(c4ccc(Oc5ccccc5)cc4)C(=O)NC(=O)NC3=O)CC2)c(NS(C)(=O)=O)c1,active
,,6321447,[],CHEMBL1816183,"Inhibition of AMPA-activated human recombinant MMP9 using fluorogenic substrate (7-methoxycoumarin-4-yl)-acetyl-pro-Leu-Gly-Leu-(3-(2,4-dinitrophenyl)-L-2,3-diaminopropionyl)-Ala-Arg-NH2 by fluorogenic assay",B,,,BAO_0000190,BAO_0000357,single protein format,O=C1NC(=O)C(c2ccc(Oc3ccccc3)cc2)(N2CCCN(C(=O)CC3S/C(=N/c4ccccc4)NC3=O)CC2)C(=O)N1,,,CHEMBL1811810,Bioorg Med Chem,2011.0,"{'bei': '11.36', 'le': '0.22', 'lle': '4.24', 'sei': '4.76'}",,CHEMBL1812965,,CHEMBL1812965,7.12,0,http://www.openphacts.org/units/Nanomolar,1447221,=,1,1,=,,IC50,nM,,76.0,CHEMBL321,Homo sapiens,Matrix metalloproteinase-9,9606,,,IC50,nM,UO_0000065,,76.0,,76.0,O=C1NC(=O)C(c2ccc(Oc3ccccc3)cc2)(N2CCCN(C(=O)CC3S/C(=N/c4ccccc4)NC3=O)CC2)C(=O)N1,active
,,7929879,[],CHEMBL1918905,Inhibition of human MMP9 catalytic domain (amino acids 107 to 446) using acetyl-Cys(Eu)-Pro-Leu-Gly-Leu-Lys-(QSY7)-Ala-Arg-amide as substrate preincubated for 1 hrs before substrate addition measured after 15 mins by fluorimetry,B,,,BAO_0000190,BAO_0000357,single protein format,O=C1[C@@H](NS(=O)(=O)c2ccc(Oc3ccc(Cl)cc3)cc2)CC=CCN1O,,,CHEMBL1914289,Bioorg Med Chem Lett,2011.0,"{'bei': '14.56', 'le': '0.30', 'lle': '2.99', 'sei': '6.20'}",,CHEMBL1916049,,CHEMBL1916049,5.95,0,http://www.openphacts.org/units/Nanomolar,1558381,=,1,1,=,,IC50,nM,,1117.0,CHEMBL321,Homo sapiens,Matrix metalloproteinase-9,9606,,,IC50,nM,UO_0000065,,1117.0,,1117.0,O=C1[C@@H](NS(=O)(=O)c2ccc(Oc3ccc(Cl)cc3)cc2)CC=CCN1O,intermediate
,,7929880,[],CHEMBL1918905,Inhibition of human MMP9 catalytic domain (amino acids 107 to 446) using acetyl-Cys(Eu)-Pro-Leu-Gly-Leu-Lys-(QSY7)-Ala-Arg-amide as substrate preincubated for 1 hrs before substrate addition measured after 15 mins by fluorimetry,B,,,BAO_0000190,BAO_0000357,single protein format,O=C1[C@H](NS(=O)(=O)c2ccc(Oc3ccc(Cl)cc3)cc2)CC=CCN1O,,,CHEMBL1914289,Bioorg Med Chem Lett,2011.0,"{'bei': '22.59', 'le': '0.47', 'lle': '6.28', 'sei': '9.63'}",,CHEMBL1916050,,CHEMBL1916050,9.24,0,http://www.openphacts.org/units/Nanomolar,1558382,=,1,1,=,,IC50,nM,,0.58,CHEMBL321,Homo sapiens,Matrix metalloproteinase-9,9606,,,IC50,nM,UO_0000065,,0.58,,0.58,O=C1[C@H](NS(=O)(=O)c2ccc(Oc3ccc(Cl)cc3)cc2)CC=CCN1O,active
,,7929881,[],CHEMBL1918905,Inhibition of human MMP9 catalytic domain (amino acids 107 to 446) using acetyl-Cys(Eu)-Pro-Leu-Gly-Leu-Lys-(QSY7)-Ala-Arg-amide as substrate preincubated for 1 hrs before substrate addition measured after 15 mins by fluorimetry,B,,,BAO_0000190,BAO_0000357,single protein format,O=C1[C@H](NS(=O)(=O)c2ccc(Oc3ccc(Cl)cc3)cc2)CCCCN1O,,,CHEMBL1914289,Bioorg Med Chem Lett,2011.0,"{'bei': '20.03', 'le': '0.42', 'lle': '5.05', 'sei': '8.58'}",,CHEMBL1916051,,CHEMBL1916051,8.23,0,http://www.openphacts.org/units/Nanomolar,1558383,=,1,1,=,,IC50,nM,,5.9,CHEMBL321,Homo sapiens,Matrix metalloproteinase-9,9606,,,IC50,nM,UO_0000065,,5.9,,5.9,O=C1[C@H](NS(=O)(=O)c2ccc(Oc3ccc(Cl)cc3)cc2)CCCCN1O,active
,,7929883,[],CHEMBL1918905,Inhibition of human MMP9 catalytic domain (amino acids 107 to 446) using acetyl-Cys(Eu)-Pro-Leu-Gly-Leu-Lys-(QSY7)-Ala-Arg-amide as substrate preincubated for 1 hrs before substrate addition measured after 15 mins by fluorimetry,B,,,BAO_0000190,BAO_0000357,single protein format,CC1=CC[C@@H](NS(=O)(=O)c2ccc(Oc3ccc(Cl)cc3)cc2)C(=O)N(O)C1,,,CHEMBL1914289,Bioorg Med Chem Lett,2011.0,"{'bei': '21.01', 'le': '0.43', 'lle': '5.54', 'sei': '9.26'}",,CHEMBL1916053,,CHEMBL1916053,8.89,0,http://www.openphacts.org/units/Nanomolar,1558385,=,1,1,=,,IC50,nM,,1.3,CHEMBL321,Homo sapiens,Matrix metalloproteinase-9,9606,,,IC50,nM,UO_0000065,,1.3,,1.3,CC1=CC[C@@H](NS(=O)(=O)c2ccc(Oc3ccc(Cl)cc3)cc2)C(=O)N(O)C1,active
,,7929884,[],CHEMBL1918905,Inhibition of human MMP9 catalytic domain (amino acids 107 to 446) using acetyl-Cys(Eu)-Pro-Leu-Gly-Leu-Lys-(QSY7)-Ala-Arg-amide as substrate preincubated for 1 hrs before substrate addition measured after 15 mins by fluorimetry,B,,,BAO_0000190,BAO_0000357,single protein format,O=C1[C@H](NS(=O)(=O)c2ccc(Oc3ccc(Cl)cc3)cc2)CC=C(CN2CCOCC2)CN1O,,,CHEMBL1914289,Bioorg Med Chem Lett,2011.0,"{'bei': '18.38', 'le': '0.38', 'lle': '6.68', 'sei': '8.61'}",,CHEMBL1916054,,CHEMBL1916054,9.34,0,http://www.openphacts.org/units/Nanomolar,1558386,=,1,1,=,,IC50,nM,,0.46,CHEMBL321,Homo sapiens,Matrix metalloproteinase-9,9606,,,IC50,nM,UO_0000065,,0.46,,0.46,O=C1[C@H](NS(=O)(=O)c2ccc(Oc3ccc(Cl)cc3)cc2)CC=C(CN2CCOCC2)CN1O,active
,,7929885,[],CHEMBL1918905,Inhibition of human MMP9 catalytic domain (amino acids 107 to 446) using acetyl-Cys(Eu)-Pro-Leu-Gly-Leu-Lys-(QSY7)-Ala-Arg-amide as substrate preincubated for 1 hrs before substrate addition measured after 15 mins by fluorimetry,B,,,BAO_0000190,BAO_0000357,single protein format,O=C(N[C@@H]1CC=CCN(O)C1=O)c1ccc(Oc2ccc(Cl)cc2)cc1,,,CHEMBL1914289,Bioorg Med Chem Lett,2011.0,"{'bei': '14.20', 'le': '0.28', 'lle': '1.88', 'sei': '6.71'}",,CHEMBL1916055,,CHEMBL1916055,5.29,0,http://www.openphacts.org/units/Nanomolar,1558387,=,1,1,=,,IC50,nM,,5091.0,CHEMBL321,Homo sapiens,Matrix metalloproteinase-9,9606,,,IC50,nM,UO_0000065,,5091.0,,5091.0,O=C(N[C@@H]1CC=CCN(O)C1=O)c1ccc(Oc2ccc(Cl)cc2)cc1,intermediate
,,7929886,[],CHEMBL1918905,Inhibition of human MMP9 catalytic domain (amino acids 107 to 446) using acetyl-Cys(Eu)-Pro-Leu-Gly-Leu-Lys-(QSY7)-Ala-Arg-amide as substrate preincubated for 1 hrs before substrate addition measured after 15 mins by fluorimetry,B,,,BAO_0000190,BAO_0000357,single protein format,O=C1[C@H](NS(=O)(=O)c2ccc(-c3ccc(Cl)cc3)cc2)CC=CCN1O,,,CHEMBL1914289,Bioorg Med Chem Lett,2011.0,"{'bei': '14.82', 'le': '0.31', 'lle': '2.99', 'sei': '6.71'}",,CHEMBL1916056,,CHEMBL1916056,5.82,0,http://www.openphacts.org/units/Nanomolar,1558388,=,1,1,=,,IC50,nM,,1506.0,CHEMBL321,Homo sapiens,Matrix metalloproteinase-9,9606,,,IC50,nM,UO_0000065,,1506.0,,1506.0,O=C1[C@H](NS(=O)(=O)c2ccc(-c3ccc(Cl)cc3)cc2)CC=CCN1O,intermediate
,,7929887,[],CHEMBL1918905,Inhibition of human MMP9 catalytic domain (amino acids 107 to 446) using acetyl-Cys(Eu)-Pro-Leu-Gly-Leu-Lys-(QSY7)-Ala-Arg-amide as substrate preincubated for 1 hrs before substrate addition measured after 15 mins by fluorimetry,B,,,BAO_0000190,BAO_0000357,single protein format,O=C1[C@H](NS(=O)(=O)c2ccc(Oc3ccccc3)cc2)CC=CCN1O,,,CHEMBL1914289,Bioorg Med Chem Lett,2011.0,"{'bei': '23.23', 'le': '0.46', 'lle': '6.40', 'sei': '9.07'}",,CHEMBL1916057,,CHEMBL1916057,8.70,0,http://www.openphacts.org/units/Nanomolar,1558389,=,1,1,=,,IC50,nM,,2.0,CHEMBL321,Homo sapiens,Matrix metalloproteinase-9,9606,,,IC50,nM,UO_0000065,,2.0,,2.0,O=C1[C@H](NS(=O)(=O)c2ccc(Oc3ccccc3)cc2)CC=CCN1O,active
,,7929888,[],CHEMBL1918905,Inhibition of human MMP9 catalytic domain (amino acids 107 to 446) using acetyl-Cys(Eu)-Pro-Leu-Gly-Leu-Lys-(QSY7)-Ala-Arg-amide as substrate preincubated for 1 hrs before substrate addition measured after 15 mins by fluorimetry,B,,,BAO_0000190,BAO_0000357,single protein format,COc1ccc(Oc2ccc(S(=O)(=O)N[C@@H]3CC=CCN(O)C3=O)cc2)cc1,,,CHEMBL1914289,Bioorg Med Chem Lett,2011.0,"{'bei': '22.25', 'le': '0.44', 'lle': '6.69', 'sei': '8.56'}",,CHEMBL1916201,,CHEMBL1916201,9.00,0,http://www.openphacts.org/units/Nanomolar,1558606,=,1,1,=,,IC50,nM,,1.0,CHEMBL321,Homo sapiens,Matrix metalloproteinase-9,9606,,,IC50,nM,UO_0000065,,1.0,,1.0,COc1ccc(Oc2ccc(S(=O)(=O)N[C@@H]3CC=CCN(O)C3=O)cc2)cc1,active
,,7929889,[],CHEMBL1918905,Inhibition of human MMP9 catalytic domain (amino acids 107 to 446) using acetyl-Cys(Eu)-Pro-Leu-Gly-Leu-Lys-(QSY7)-Ala-Arg-amide as substrate preincubated for 1 hrs before substrate addition measured after 15 mins by fluorimetry,B,,,BAO_0000190,BAO_0000357,single protein format,O=C1[C@H](NS(=O)(=O)c2ccc(Oc3ccc(C(F)(F)F)cc3)cc2)CC=CCN1O,,,CHEMBL1914289,Bioorg Med Chem Lett,2011.0,"{'bei': '19.66', 'le': '0.40', 'lle': '5.38', 'sei': '9.07'}",,CHEMBL1916202,,CHEMBL1916202,8.70,0,http://www.openphacts.org/units/Nanomolar,1558607,=,1,1,=,,IC50,nM,,2.0,CHEMBL321,Homo sapiens,Matrix metalloproteinase-9,9606,,,IC50,nM,UO_0000065,,2.0,,2.0,O=C1[C@H](NS(=O)(=O)c2ccc(Oc3ccc(C(F)(F)F)cc3)cc2)CC=CCN1O,active
,,7929890,[],CHEMBL1918905,Inhibition of human MMP9 catalytic domain (amino acids 107 to 446) using acetyl-Cys(Eu)-Pro-Leu-Gly-Leu-Lys-(QSY7)-Ala-Arg-amide as substrate preincubated for 1 hrs before substrate addition measured after 15 mins by fluorimetry,B,,,BAO_0000190,BAO_0000357,single protein format,O=C1[C@H](NS(=O)(=O)c2ccc(Oc3ccccn3)cc2)CC=CCN1O,,,CHEMBL1914289,Bioorg Med Chem Lett,2011.0,"{'bei': '20.35', 'le': '0.40', 'lle': '5.94', 'sei': '7.02'}",,CHEMBL1916203,,CHEMBL1916203,7.64,0,http://www.openphacts.org/units/Nanomolar,1558608,=,1,1,=,,IC50,nM,,23.0,CHEMBL321,Homo sapiens,Matrix metalloproteinase-9,9606,,,IC50,nM,UO_0000065,,23.0,,23.0,O=C1[C@H](NS(=O)(=O)c2ccc(Oc3ccccn3)cc2)CC=CCN1O,active
,,7929891,[],CHEMBL1918905,Inhibition of human MMP9 catalytic domain (amino acids 107 to 446) using acetyl-Cys(Eu)-Pro-Leu-Gly-Leu-Lys-(QSY7)-Ala-Arg-amide as substrate preincubated for 1 hrs before substrate addition measured after 15 mins by fluorimetry,B,,,BAO_0000190,BAO_0000357,single protein format,O=C1[C@H](NS(=O)(=O)c2ccc(Oc3ccncc3)cc2)CC=CCN1O,,,CHEMBL1914289,Bioorg Med Chem Lett,2011.0,"{'bei': '21.10', 'le': '0.42', 'lle': '6.22', 'sei': '7.28'}",,CHEMBL1916204,,CHEMBL1916204,7.92,0,http://www.openphacts.org/units/Nanomolar,1558609,=,1,1,=,,IC50,nM,,12.0,CHEMBL321,Homo sapiens,Matrix metalloproteinase-9,9606,,,IC50,nM,UO_0000065,,12.0,,12.0,O=C1[C@H](NS(=O)(=O)c2ccc(Oc3ccncc3)cc2)CC=CCN1O,active
,,7929892,[],CHEMBL1918905,Inhibition of human MMP9 catalytic domain (amino acids 107 to 446) using acetyl-Cys(Eu)-Pro-Leu-Gly-Leu-Lys-(QSY7)-Ala-Arg-amide as substrate preincubated for 1 hrs before substrate addition measured after 15 mins by fluorimetry,B,,,BAO_0000190,BAO_0000357,single protein format,Cc1ccc(-c2ccc(S(=O)(=O)N[C@@H]3CC=CCN(O)C3=O)s2)cc1,,,CHEMBL1914289,Bioorg Med Chem Lett,2011.0,"{'bei': '21.26', 'le': '0.44', 'lle': '5.50', 'sei': '9.28'}",,CHEMBL1916205,,CHEMBL1916205,8.05,0,http://www.openphacts.org/units/Nanomolar,1558610,=,1,1,=,,IC50,nM,,9.0,CHEMBL321,Homo sapiens,Matrix metalloproteinase-9,9606,,,IC50,nM,UO_0000065,,9.0,,9.0,Cc1ccc(-c2ccc(S(=O)(=O)N[C@@H]3CC=CCN(O)C3=O)s2)cc1,active
,,7929893,[],CHEMBL1918905,Inhibition of human MMP9 catalytic domain (amino acids 107 to 446) using acetyl-Cys(Eu)-Pro-Leu-Gly-Leu-Lys-(QSY7)-Ala-Arg-amide as substrate preincubated for 1 hrs before substrate addition measured after 15 mins by fluorimetry,B,,,BAO_0000190,BAO_0000357,single protein format,O=C1[C@H](NS(=O)(=O)c2ccc(-c3ccc(Cl)cc3)s2)CC=CCN1O,,,CHEMBL1914289,Bioorg Med Chem Lett,2011.0,"{'bei': '19.54', 'le': '0.43', 'lle': '4.91', 'sei': '8.99'}",,CHEMBL1916206,,CHEMBL1916206,7.80,0,http://www.openphacts.org/units/Nanomolar,1558611,=,1,1,=,,IC50,nM,,16.0,CHEMBL321,Homo sapiens,Matrix metalloproteinase-9,9606,,,IC50,nM,UO_0000065,,16.0,,16.0,O=C1[C@H](NS(=O)(=O)c2ccc(-c3ccc(Cl)cc3)s2)CC=CCN1O,active
,,7929894,[],CHEMBL1918905,Inhibition of human MMP9 catalytic domain (amino acids 107 to 446) using acetyl-Cys(Eu)-Pro-Leu-Gly-Leu-Lys-(QSY7)-Ala-Arg-amide as substrate preincubated for 1 hrs before substrate addition measured after 15 mins by fluorimetry,B,,,BAO_0000190,BAO_0000357,single protein format,COc1ccc(-c2ccc(S(=O)(=O)N[C@@H]3CC=CCN(O)C3=O)s2)cc1,,,CHEMBL1914289,Bioorg Med Chem Lett,2011.0,"{'bei': '20.18', 'le': '0.42', 'lle': '5.71', 'sei': '8.30'}",,CHEMBL1916207,,CHEMBL1916207,7.96,0,http://www.openphacts.org/units/Nanomolar,1558612,=,1,1,=,,IC50,nM,,11.0,CHEMBL321,Homo sapiens,Matrix metalloproteinase-9,9606,,,IC50,nM,UO_0000065,,11.0,,11.0,COc1ccc(-c2ccc(S(=O)(=O)N[C@@H]3CC=CCN(O)C3=O)s2)cc1,active
,,7929897,[],CHEMBL1918905,Inhibition of human MMP9 catalytic domain (amino acids 107 to 446) using acetyl-Cys(Eu)-Pro-Leu-Gly-Leu-Lys-(QSY7)-Ala-Arg-amide as substrate preincubated for 1 hrs before substrate addition measured after 15 mins by fluorimetry,B,,,BAO_0000190,BAO_0000357,single protein format,O=C1[C@H](N(CCN2CCOCC2)S(=O)(=O)c2ccc(Oc3ccc(Cl)cc3)cc2)CC=CCN1O,,,CHEMBL1914289,Bioorg Med Chem Lett,2011.0,"{'bei': '18.50', 'le': '0.38', 'lle': '6.66', 'sei': '9.69'}",,CHEMBL1916210,,CHEMBL1916210,9.66,0,http://www.openphacts.org/units/Nanomolar,1558615,=,1,1,=,,IC50,nM,,0.22,CHEMBL321,Homo sapiens,Matrix metalloproteinase-9,9606,,,IC50,nM,UO_0000065,,0.22,,0.22,O=C1[C@H](N(CCN2CCOCC2)S(=O)(=O)c2ccc(Oc3ccc(Cl)cc3)cc2)CC=CCN1O,active
,,7929898,[],CHEMBL1918905,Inhibition of human MMP9 catalytic domain (amino acids 107 to 446) using acetyl-Cys(Eu)-Pro-Leu-Gly-Leu-Lys-(QSY7)-Ala-Arg-amide as substrate preincubated for 1 hrs before substrate addition measured after 15 mins by fluorimetry,B,,,BAO_0000190,BAO_0000357,single protein format,O=C1[C@H](N(CCN2CCCCC2)S(=O)(=O)c2ccc(Oc3ccc(Cl)cc3)cc2)CC=CCN1O,,,CHEMBL1914289,Bioorg Med Chem Lett,2011.0,"{'bei': '18.61', 'le': '0.38', 'lle': '5.52', 'sei': '10.71'}",,CHEMBL1916211,,CHEMBL1916211,9.68,0,http://www.openphacts.org/units/Nanomolar,1558616,=,1,1,=,,IC50,nM,,0.21,CHEMBL321,Homo sapiens,Matrix metalloproteinase-9,9606,,,IC50,nM,UO_0000065,,0.21,,0.21,O=C1[C@H](N(CCN2CCCCC2)S(=O)(=O)c2ccc(Oc3ccc(Cl)cc3)cc2)CC=CCN1O,active
,,7929899,[],CHEMBL1918905,Inhibition of human MMP9 catalytic domain (amino acids 107 to 446) using acetyl-Cys(Eu)-Pro-Leu-Gly-Leu-Lys-(QSY7)-Ala-Arg-amide as substrate preincubated for 1 hrs before substrate addition measured after 15 mins by fluorimetry,B,,,BAO_0000190,BAO_0000357,single protein format,CN1CCN(CCN([C@@H]2CC=CCN(O)C2=O)S(=O)(=O)c2ccc(Oc3ccc(Cl)cc3)cc2)CC1,,,CHEMBL1914289,Bioorg Med Chem Lett,2011.0,"{'bei': '18.13', 'le': '0.37', 'lle': '6.78', 'sei': '10.36'}",,CHEMBL1916212,,CHEMBL1916212,9.70,0,http://www.openphacts.org/units/Nanomolar,1558617,=,1,1,=,,IC50,nM,,0.2,CHEMBL321,Homo sapiens,Matrix metalloproteinase-9,9606,,,IC50,nM,UO_0000065,,0.2,,0.2,CN1CCN(CCN([C@@H]2CC=CCN(O)C2=O)S(=O)(=O)c2ccc(Oc3ccc(Cl)cc3)cc2)CC1,active
,,7929900,[],CHEMBL1918905,Inhibition of human MMP9 catalytic domain (amino acids 107 to 446) using acetyl-Cys(Eu)-Pro-Leu-Gly-Leu-Lys-(QSY7)-Ala-Arg-amide as substrate preincubated for 1 hrs before substrate addition measured after 15 mins by fluorimetry,B,,,BAO_0000190,BAO_0000357,single protein format,O=C1[C@H](N(CCN2CCOCC2)S(=O)(=O)c2ccc(-c3ccc(Cl)cc3)s2)CC=CCN1O,,,CHEMBL1914289,Bioorg Med Chem Lett,2011.0,"{'bei': '15.17', 'le': '0.32', 'lle': '4.83', 'sei': '8.60'}",,CHEMBL1916213,,CHEMBL1916213,7.77,0,http://www.openphacts.org/units/Nanomolar,1558618,=,1,1,=,,IC50,nM,,17.0,CHEMBL321,Homo sapiens,Matrix metalloproteinase-9,9606,,,IC50,nM,UO_0000065,,17.0,,17.0,O=C1[C@H](N(CCN2CCOCC2)S(=O)(=O)c2ccc(-c3ccc(Cl)cc3)s2)CC=CCN1O,active
,,7929901,[],CHEMBL1918905,Inhibition of human MMP9 catalytic domain (amino acids 107 to 446) using acetyl-Cys(Eu)-Pro-Leu-Gly-Leu-Lys-(QSY7)-Ala-Arg-amide as substrate preincubated for 1 hrs before substrate addition measured after 15 mins by fluorimetry,B,,,BAO_0000190,BAO_0000357,single protein format,Cc1ccc(-c2ccc(S(=O)(=O)N(CCN3CCOCC3)[C@@H]3CC=CCN(O)C3=O)s2)cc1,,,CHEMBL1914289,Bioorg Med Chem Lett,2011.0,"{'bei': '16.19', 'le': '0.33', 'lle': '5.37', 'sei': '8.80'}",,CHEMBL1916214,,CHEMBL1916214,7.96,0,http://www.openphacts.org/units/Nanomolar,1558619,=,1,1,=,,IC50,nM,,11.0,CHEMBL321,Homo sapiens,Matrix metalloproteinase-9,9606,,,IC50,nM,UO_0000065,,11.0,,11.0,Cc1ccc(-c2ccc(S(=O)(=O)N(CCN3CCOCC3)[C@@H]3CC=CCN(O)C3=O)s2)cc1,active
,,7929902,[],CHEMBL1918905,Inhibition of human MMP9 catalytic domain (amino acids 107 to 446) using acetyl-Cys(Eu)-Pro-Leu-Gly-Leu-Lys-(QSY7)-Ala-Arg-amide as substrate preincubated for 1 hrs before substrate addition measured after 15 mins by fluorimetry,B,,,BAO_0000190,BAO_0000357,single protein format,Cc1ccc(C#Cc2ccc(S(=O)(=O)N(CCN3CCOCC3)[C@@H]3CC=CCN(O)C3=O)s2)cc1,,,CHEMBL1914289,Bioorg Med Chem Lett,2011.0,"{'bei': '17.64', 'le': '0.35', 'lle': '6.77', 'sei': '10.06'}",,CHEMBL1916215,,CHEMBL1916215,9.10,0,http://www.openphacts.org/units/Nanomolar,1558620,=,1,1,=,,IC50,nM,,0.8,CHEMBL321,Homo sapiens,Matrix metalloproteinase-9,9606,,,IC50,nM,UO_0000065,,0.8,,0.8,Cc1ccc(C#Cc2ccc(S(=O)(=O)N(CCN3CCOCC3)[C@@H]3CC=CCN(O)C3=O)s2)cc1,active
,,7933246,[],CHEMBL1920109,Inhibition of human MMP-9 activity in human MDA-MB-231 cells assessed as ECM degradation after 24 hrs by gelatin zymography assay,B,,,BAO_0000190,BAO_0000219,cell-based format,CN(C)c1ccc(CNCCC(Cc2ccccc2)c2ccc3c(c2)OCO3)cc1,,,CHEMBL1914358,J Med Chem,2011.0,"{'bei': '11.43', 'le': '0.21', 'lle': '-0.39', 'sei': '13.64'}",,CHEMBL1916397,,CHEMBL1916397,4.60,0,http://www.openphacts.org/units/Nanomolar,1558828,=,1,1,=,,IC50,nM,,25000.0,CHEMBL321,Homo sapiens,Matrix metalloproteinase-9,9606,,,IC50,uM,UO_0000065,,25.0,,25000.0,CN(C)c1ccc(CNCCC(Cc2ccccc2)c2ccc3c(c2)OCO3)cc1,inactive
,,7933247,[],CHEMBL1920109,Inhibition of human MMP-9 activity in human MDA-MB-231 cells assessed as ECM degradation after 24 hrs by gelatin zymography assay,B,,,BAO_0000190,BAO_0000219,cell-based format,Cc1cc(C)cc(NC(=O)c2cnn(-c3ccc(C(C)C)cc3)c2C2CCNCC2)c1,,,CHEMBL1914358,J Med Chem,2011.0,"{'bei': '11.05', 'le': '0.20', 'lle': '-0.73', 'sei': '7.81'}",,CHEMBL1916398,,CHEMBL1916398,4.60,0,http://www.openphacts.org/units/Nanomolar,1558829,=,1,1,=,,IC50,nM,,25000.0,CHEMBL321,Homo sapiens,Matrix metalloproteinase-9,9606,,,IC50,uM,UO_0000065,,25.0,,25000.0,Cc1cc(C)cc(NC(=O)c2cnn(-c3ccc(C(C)C)cc3)c2C2CCNCC2)c1,inactive
,,7981193,[],CHEMBL1937514,Inhibition of human MMP-9,B,,,BAO_0000190,BAO_0000357,single protein format,CC(C)[C@H](NS(=O)(=O)c1ccc2c(c1)oc1ccc(-c3nccs3)cc12)C(=O)O,,,CHEMBL1933042,Bioorg Med Chem Lett,2012.0,"{'bei': '13.25', 'le': '0.27', 'lle': '1.61', 'sei': '5.21'}",,CHEMBL1935291,,CHEMBL1935291,5.71,0,http://www.openphacts.org/units/Nanomolar,1569465,=,1,1,=,,IC50,nM,,1970.0,CHEMBL321,Homo sapiens,Matrix metalloproteinase-9,9606,,,IC50,nM,UO_0000065,,1970.0,,1970.0,CC(C)[C@H](NS(=O)(=O)c1ccc2c(c1)oc1ccc(-c3nccs3)cc12)C(=O)O,intermediate
,,8000718,[],CHEMBL1942109,Inhibition of human recombinant MMP9 using Mca-Lys-Pro-Leu-Gly-Leu-Dap(Dnp)-Ala-Arg-NH2 as substrate preincubated for 4 hrs measured every 15 secs for 20 mins by fluorescence analysis,B,,,BAO_0000190,BAO_0000357,single protein format,COc1ccc(S(=O)(=O)N2CC(=O)N(O)C(=O)[C@H]2C(C)C)cc1,,,CHEMBL1938255,J Med Chem,2011.0,"{'bei': '18.00', 'le': '0.37', 'lle': '5.69', 'sei': '5.91'}",,CHEMBL1939844,,CHEMBL1939844,6.16,0,http://www.openphacts.org/units/Nanomolar,1571830,=,1,1,=,,IC50,nM,,690.0,CHEMBL321,Homo sapiens,Matrix metalloproteinase-9,9606,,,IC50,nM,UO_0000065,,690.0,,690.0,COc1ccc(S(=O)(=O)N2CC(=O)N(O)C(=O)[C@H]2C(C)C)cc1,active
,,8000719,[],CHEMBL1942109,Inhibition of human recombinant MMP9 using Mca-Lys-Pro-Leu-Gly-Leu-Dap(Dnp)-Ala-Arg-NH2 as substrate preincubated for 4 hrs measured every 15 secs for 20 mins by fluorescence analysis,B,,,BAO_0000190,BAO_0000357,single protein format,CC(C)[C@@H]1C(=O)N(O)C(=O)CN1S(=O)(=O)c1ccc(-c2ccccc2)cc1,,,CHEMBL1938255,J Med Chem,2011.0,"{'bei': '15.91', 'le': '0.31', 'lle': '4.05', 'sei': '6.51'}",,CHEMBL1939845,,CHEMBL1939845,6.18,0,http://www.openphacts.org/units/Nanomolar,1571831,=,1,1,=,,IC50,nM,,660.0,CHEMBL321,Homo sapiens,Matrix metalloproteinase-9,9606,,,IC50,nM,UO_0000065,,660.0,,660.0,CC(C)[C@@H]1C(=O)N(O)C(=O)CN1S(=O)(=O)c1ccc(-c2ccccc2)cc1,active
,,8000720,[],CHEMBL1942109,Inhibition of human recombinant MMP9 using Mca-Lys-Pro-Leu-Gly-Leu-Dap(Dnp)-Ala-Arg-NH2 as substrate preincubated for 4 hrs measured every 15 secs for 20 mins by fluorescence analysis,B,,,BAO_0000190,BAO_0000357,single protein format,CC(C)[C@@H]1C(=O)N(O)C(=O)CN1S(=O)(=O)c1ccc(Oc2ccccc2)cc1,,,CHEMBL1938255,J Med Chem,2011.0,"{'bei': '18.60', 'le': '0.37', 'lle': '5.27', 'sei': '7.22'}",,CHEMBL1939846,,CHEMBL1939846,7.52,0,http://www.openphacts.org/units/Nanomolar,1571832,=,1,1,=,,IC50,nM,,30.0,CHEMBL321,Homo sapiens,Matrix metalloproteinase-9,9606,,,IC50,nM,UO_0000065,,30.0,,30.0,CC(C)[C@@H]1C(=O)N(O)C(=O)CN1S(=O)(=O)c1ccc(Oc2ccccc2)cc1,active
,,8000876,[],CHEMBL1942204,Inhibition of human recombinant MMP9 after 30 mins by fluorimetry,B,,,BAO_0000190,BAO_0000357,single protein format,CCOC(=O)c1cc2cc(-c3cc(C(=O)NCc4ccc(C(=O)O)cc4)nn3C)ccc2[nH]1,,,CHEMBL1938382,J Med Chem,2011.0,"{'bei': '11.31', 'le': '0.21', 'lle': '1.68', 'sei': '4.00'}",,CHEMBL1939876,BI 4394,CHEMBL1939876,5.05,0,http://www.openphacts.org/units/Nanomolar,1571867,=,1,1,=,,IC50,nM,,8900.0,CHEMBL321,Homo sapiens,Matrix metalloproteinase-9,9606,,,IC50,uM,UO_0000065,,8.9,,8900.0,CCOC(=O)c1cc2cc(-c3cc(C(=O)NCc4ccc(C(=O)O)cc4)nn3C)ccc2[nH]1,intermediate
,,10950046,[],CHEMBL2051215,Inhibition of human recombinant MMP9 catalytic domain incubated for 20 mins by fluorimetric assay,B,,,BAO_0000190,BAO_0000357,single protein format,COC(=O)[C@@H](Cc1ccc(O)c(O)c1)OC(=O)/C=C/c1ccc(O)c(O)c1,,,CHEMBL2046344,Bioorg Med Chem,2012.0,"{'bei': '16.60', 'le': '0.31', 'lle': '4.36', 'sei': '4.65'}",,CHEMBL241405,METHYL ROSMARINATE,CHEMBL241405,6.21,0,http://www.openphacts.org/units/Nanomolar,1653889,=,1,1,=,,IC50,nM,,610.0,CHEMBL321,Homo sapiens,Matrix metalloproteinase-9,9606,,,IC50,uM,UO_0000065,,0.61,,610.0,COC(=O)[C@@H](Cc1ccc(O)c(O)c1)OC(=O)/C=C/c1ccc(O)c(O)c1,active
,,10950047,[],CHEMBL2051215,Inhibition of human recombinant MMP9 catalytic domain incubated for 20 mins by fluorimetric assay,B,,,BAO_0000190,BAO_0000357,single protein format,COC(=O)C1(O)CC(OC(=O)/C=C/c2ccc(O)c(O)c2)C(O)C(OC(=O)/C=C/c2ccc(O)c(O)c2)C1,,,CHEMBL2046344,Bioorg Med Chem,2012.0,"{'bei': '9.30', 'le': '0.18', 'lle': '3.82', 'sei': '2.46'}",,CHEMBL2048502,MACRATHOIN F,CHEMBL2048502,4.93,0,http://www.openphacts.org/units/Nanomolar,1653890,=,1,1,=,,IC50,nM,,11610.0,CHEMBL321,Homo sapiens,Matrix metalloproteinase-9,9606,,,IC50,uM,UO_0000065,,11.61,,11610.0,COC(=O)C1(O)CC(OC(=O)/C=C/c2ccc(O)c(O)c2)C(O)C(OC(=O)/C=C/c2ccc(O)c(O)c2)C1,inactive
,,10950049,[],CHEMBL2051215,Inhibition of human recombinant MMP9 catalytic domain incubated for 20 mins by fluorimetric assay,B,,,BAO_0000190,BAO_0000357,single protein format,O=C1CCC(O)(CCOC(=O)/C=C/c2ccc(O)c(O)c2)CC1,,,CHEMBL2046344,Bioorg Med Chem,2012.0,"{'bei': '15.31', 'le': '0.29', 'lle': '2.98', 'sei': '4.71'}",,CHEMBL2048504,,CHEMBL2048504,4.90,0,http://www.openphacts.org/units/Nanomolar,1653892,=,1,1,=,,IC50,nM,,12490.0,CHEMBL321,Homo sapiens,Matrix metalloproteinase-9,9606,,,IC50,uM,UO_0000065,,12.49,,12490.0,O=C1CCC(O)(CCOC(=O)/C=C/c2ccc(O)c(O)c2)CC1,inactive
,,10950050,[],CHEMBL2051215,Inhibition of human recombinant MMP9 catalytic domain incubated for 20 mins by fluorimetric assay,B,,,BAO_0000190,BAO_0000357,single protein format,COC(=O)[C@@H](Cc1ccc(O)c(O)c1)OC(=O)/C=C/c1ccc(O)c2c1[C@H](C(=O)OC)[C@@H](c1ccc(O)c(O)c1)O2,,,CHEMBL2046344,Bioorg Med Chem,2012.0,"{'bei': '10.60', 'le': '0.20', 'lle': '3.05', 'sei': '3.17'}",,CHEMBL2048505,DIMETHYL LITHOSPERMATE,CHEMBL2048505,6.00,0,http://www.openphacts.org/units/Nanomolar,1653893,=,1,1,=,,IC50,nM,,990.0,CHEMBL321,Homo sapiens,Matrix metalloproteinase-9,9606,,,IC50,uM,UO_0000065,,0.99,,990.0,COC(=O)[C@@H](Cc1ccc(O)c(O)c1)OC(=O)/C=C/c1ccc(O)c2c1[C@H](C(=O)OC)[C@@H](c1ccc(O)c(O)c1)O2,active
,,10950051,[],CHEMBL2051215,Inhibition of human recombinant MMP9 catalytic domain incubated for 20 mins by fluorimetric assay,B,,,BAO_0000190,BAO_0000357,single protein format,CCCCOC(=O)[C@H]1c2c(/C=C/C(=O)O[C@H](Cc3ccc(O)c(O)c3)C(=O)O)ccc(O)c2O[C@@H]1c1ccc(O)c(O)c1,,,CHEMBL2046344,Bioorg Med Chem,2012.0,"{'bei': '9.18', 'le': '0.17', 'lle': '1.43', 'sei': '2.73'}",,CHEMBL2048506,,CHEMBL2048506,5.46,0,http://www.openphacts.org/units/Nanomolar,1653894,=,1,1,=,,IC50,nM,,3460.0,CHEMBL321,Homo sapiens,Matrix metalloproteinase-9,9606,,,IC50,uM,UO_0000065,,3.46,,3460.0,CCCCOC(=O)[C@H]1c2c(/C=C/C(=O)O[C@H](Cc3ccc(O)c(O)c3)C(=O)O)ccc(O)c2O[C@@H]1c1ccc(O)c(O)c1,intermediate
,,10950052,[],CHEMBL2051215,Inhibition of human recombinant MMP9 catalytic domain incubated for 20 mins by fluorimetric assay,B,,,BAO_0000190,BAO_0000357,single protein format,C[C@@H]1O[C@@H](O[C@@H]2[C@@H](O)[C@H](OCCc3ccc(O)c(O)c3)O[C@H](COC(=O)/C=C/c3ccc(O)c(O)c3)[C@H]2O)[C@H](O)[C@H](O)[C@H]1O,,,CHEMBL2046344,Bioorg Med Chem,2012.0,"{'bei': '7.76', 'le': '0.15', 'lle': '5.87', 'sei': '1.98'}",,CHEMBL504873,ISOACTEOSIDE,CHEMBL504873,4.84,0,http://www.openphacts.org/units/Nanomolar,1653895,=,1,1,=,,IC50,nM,,14280.0,CHEMBL321,Homo sapiens,Matrix metalloproteinase-9,9606,,,IC50,uM,UO_0000065,,14.28,,14280.0,C[C@@H]1O[C@@H](O[C@@H]2[C@@H](O)[C@H](OCCc3ccc(O)c(O)c3)O[C@H](COC(=O)/C=C/c3ccc(O)c(O)c3)[C@H]2O)[C@H](O)[C@H](O)[C@H]1O,inactive
,,10950053,[],CHEMBL2051215,Inhibition of human recombinant MMP9 catalytic domain incubated for 20 mins by fluorimetric assay,B,,,BAO_0000190,BAO_0000357,single protein format,O=c1c(O)c(-c2ccc(O)c(O)c2)oc2cc(O)cc(O)c12,,,CHEMBL2046344,Bioorg Med Chem,2012.0,"{'bei': '19.17', 'le': '0.36', 'lle': '3.80', 'sei': '4.41'}",,CHEMBL50,QUERCETIN,CHEMBL50,5.79,0,http://www.openphacts.org/units/Nanomolar,1653896,=,1,1,=,,IC50,nM,,1610.0,CHEMBL321,Homo sapiens,Matrix metalloproteinase-9,9606,,,IC50,uM,UO_0000065,,1.61,,1610.0,O=c1c(O)c(-c2ccc(O)c(O)c2)oc2cc(O)cc(O)c12,intermediate
,,10950054,[],CHEMBL2051215,Inhibition of human recombinant MMP9 catalytic domain incubated for 20 mins by fluorimetric assay,B,,,BAO_0000190,BAO_0000357,single protein format,O=c1cc(-c2ccc(O)c(O)c2)oc2cc(O)cc(O)c12,,,CHEMBL2046344,Bioorg Med Chem,2012.0,"{'bei': '18.34', 'le': '0.34', 'lle': '2.97', 'sei': '4.72'}",,CHEMBL151,LUTEOLIN,CHEMBL151,5.25,0,http://www.openphacts.org/units/Nanomolar,1653897,=,1,1,=,,IC50,nM,,5620.0,CHEMBL321,Homo sapiens,Matrix metalloproteinase-9,9606,,,IC50,uM,UO_0000065,,5.62,,5620.0,O=c1cc(-c2ccc(O)c(O)c2)oc2cc(O)cc(O)c12,intermediate
,,10950055,[],CHEMBL2051215,Inhibition of human recombinant MMP9 catalytic domain incubated for 20 mins by fluorimetric assay,B,,,BAO_0000190,BAO_0000357,single protein format,O=C1c2c(O)cc(O)cc2O[C@]2(c3ccc(O)cc3)Oc3cc(O)c4c(c3[C@@]12O)O[C@H](c1ccc(O)cc1)CC4,,,CHEMBL2046344,Bioorg Med Chem,2012.0,"{'bei': '8.61', 'le': '0.16', 'lle': '0.68', 'sei': '2.81'}",,CHEMBL2048507,DAPHNODORIN F,CHEMBL2048507,4.67,0,http://www.openphacts.org/units/Nanomolar,1653898,=,1,1,=,,IC50,nM,,21240.0,CHEMBL321,Homo sapiens,Matrix metalloproteinase-9,9606,,,IC50,uM,UO_0000065,,21.24,,21240.0,O=C1c2c(O)cc(O)cc2O[C@]2(c3ccc(O)cc3)Oc3cc(O)c4c(c3[C@@]12O)O[C@H](c1ccc(O)cc1)CC4,inactive
,,10950056,[],CHEMBL2051215,Inhibition of human recombinant MMP9 catalytic domain incubated for 20 mins by fluorimetric assay,B,,,BAO_0000190,BAO_0000357,single protein format,O=C(c1c(O)cc(O)cc1O)C1c2c(cc(O)c3c2O[C@H](c2ccc(O)cc2)[C@@H](O)C3)OC1c1ccc(O)cc1,,,CHEMBL2046344,Bioorg Med Chem,2012.0,"{'bei': '9.17', 'le': '0.17', 'lle': '0.93', 'sei': '2.82'}",,CHEMBL1532097,DIHYDRODAPHNODORIN B,CHEMBL1532097,4.99,0,http://www.openphacts.org/units/Nanomolar,1653899,=,1,1,=,,IC50,nM,,10170.0,CHEMBL321,Homo sapiens,Matrix metalloproteinase-9,9606,,,IC50,uM,UO_0000065,,10.17,,10170.0,O=C(c1c(O)cc(O)cc1O)C1c2c(cc(O)c3c2O[C@H](c2ccc(O)cc2)[C@@H](O)C3)OC1c1ccc(O)cc1,inactive
,,10950057,[],CHEMBL2051215,Inhibition of human recombinant MMP9 catalytic domain incubated for 20 mins by fluorimetric assay,B,,,BAO_0000190,BAO_0000357,single protein format,O=C1c2c(O)cc(O)cc2O[C@H](c2cc(O)c(O)c(O)c2)[C@@H]1O,,,CHEMBL2046344,Bioorg Med Chem,2012.0,"{'bei': '14.18', 'le': '0.27', 'lle': '3.65', 'sei': '3.07'}",,CHEMBL2048508,,CHEMBL2048508,4.54,0,http://www.openphacts.org/units/Nanomolar,1653900,=,1,1,=,,IC50,nM,,28790.0,CHEMBL321,Homo sapiens,Matrix metalloproteinase-9,9606,,,IC50,uM,UO_0000065,,28.79,,28790.0,O=C1c2c(O)cc(O)cc2O[C@H](c2cc(O)c(O)c(O)c2)[C@@H]1O,inactive
,,10950058,[],CHEMBL2051215,Inhibition of human recombinant MMP9 catalytic domain incubated for 20 mins by fluorimetric assay,B,,,BAO_0000190,BAO_0000357,single protein format,O=C1c2c(O)cc(O)cc2O[C@H](c2ccc(O)c(O)c2)[C@H]1O,,,CHEMBL2046344,Bioorg Med Chem,2012.0,"{'bei': '14.77', 'le': '0.28', 'lle': '3.30', 'sei': '3.53'}",,CHEMBL66,(+)-TAXIFOLIN,CHEMBL66,4.50,0,http://www.openphacts.org/units/Nanomolar,1653901,=,1,1,=,,IC50,nM,,32020.0,CHEMBL321,Homo sapiens,Matrix metalloproteinase-9,9606,,,IC50,uM,UO_0000065,,32.02,,32020.0,O=C1c2c(O)cc(O)cc2O[C@H](c2ccc(O)c(O)c2)[C@H]1O,inactive
,,10950061,[],CHEMBL2051215,Inhibition of human recombinant MMP9 catalytic domain incubated for 20 mins by fluorimetric assay,B,,,BAO_0000190,BAO_0000357,single protein format,COc1cc(C(O)C(CO)Oc2ccc(/C=C\CO)cc2OC)ccc1O,,,CHEMBL2046344,Bioorg Med Chem,2012.0,"{'bei': '13.29', 'le': '0.25', 'lle': '3.11', 'sei': '4.61'}",,CHEMBL2048509,,CHEMBL2048509,5.00,0,http://www.openphacts.org/units/Nanomolar,1653904,=,1,1,=,,IC50,nM,,9910.0,CHEMBL321,Homo sapiens,Matrix metalloproteinase-9,9606,,,IC50,uM,UO_0000065,,9.91,,9910.0,COc1cc(C(O)C(CO)Oc2ccc(/C=C\CO)cc2OC)ccc1O,intermediate
,,10950064,[],CHEMBL2051215,Inhibition of human recombinant MMP9 catalytic domain incubated for 20 mins by fluorimetric assay,B,,,BAO_0000190,BAO_0000357,single protein format,CC(C)CC(=O)OC(C(=O)O)C(C)C,,,CHEMBL2046344,Bioorg Med Chem,2012.0,"{'bei': '23.96', 'le': '0.47', 'lle': '3.17', 'sei': '7.62'}",,CHEMBL2048511,,CHEMBL2048511,4.84,0,http://www.openphacts.org/units/Nanomolar,1653907,=,1,1,=,,IC50,nM,,14280.0,CHEMBL321,Homo sapiens,Matrix metalloproteinase-9,9606,,,IC50,uM,UO_0000065,,14.28,,14280.0,CC(C)CC(=O)OC(C(=O)O)C(C)C,inactive
,,10950065,[],CHEMBL2051215,Inhibition of human recombinant MMP9 catalytic domain incubated for 20 mins by fluorimetric assay,B,,,BAO_0000190,BAO_0000357,single protein format,COc1ccc(S(=O)(=O)N2CC(C)(C)CN(S(=O)(=O)c3ccc(OC)cc3)C2C(=O)NO)cc1,,,CHEMBL2046344,Bioorg Med Chem,2012.0,"{'bei': '17.03', 'le': '0.35', 'lle': '7.48', 'sei': '6.13'}",,CHEMBL115727,,CHEMBL115727,8.74,0,http://www.openphacts.org/units/Nanomolar,1653908,=,1,1,=,,IC50,nM,,1.8,CHEMBL321,Homo sapiens,Matrix metalloproteinase-9,9606,,,IC50,uM,UO_0000065,,0.0018,,1.8,COc1ccc(S(=O)(=O)N2CC(C)(C)CN(S(=O)(=O)c3ccc(OC)cc3)C2C(=O)NO)cc1,active
,,10965366,[],CHEMBL2066317,"Inhibition of p-aminophenylmercuric acetate stimulated human recombinant MMP-9 using (7-methoxycoumarin-4-yl)-acetyl-pro-Leu-Gly-Leu-(3-(2,4-dinitrophenyl)-L-2,3-diaminopropionyl)-Ala-Arg-NH2 as substrate after 45 mins by fluorogenic assay",B,,,BAO_0000190,BAO_0000357,single protein format,O=C1NC(=O)C(c2ccc(Oc3ccccc3)cc2)(N2CCCC(CO)C2)C(=O)N1,,,CHEMBL2062484,J Med Chem,2012.0,"{'bei': '20.05', 'le': '0.37', 'lle': '6.47', 'sei': '7.60'}",,CHEMBL2063518,,CHEMBL2063518,8.21,0,http://www.openphacts.org/units/Nanomolar,1659411,=,1,1,=,,IC50,nM,,6.2,CHEMBL321,Homo sapiens,Matrix metalloproteinase-9,9606,,,IC50,nM,UO_0000065,,6.2,,6.2,O=C1NC(=O)C(c2ccc(Oc3ccccc3)cc2)(N2CCCC(CO)C2)C(=O)N1,active
,,10965367,[],CHEMBL2066317,"Inhibition of p-aminophenylmercuric acetate stimulated human recombinant MMP-9 using (7-methoxycoumarin-4-yl)-acetyl-pro-Leu-Gly-Leu-(3-(2,4-dinitrophenyl)-L-2,3-diaminopropionyl)-Ala-Arg-NH2 as substrate after 45 mins by fluorogenic assay",B,,,BAO_0000190,BAO_0000357,single protein format,O=C1NC(=O)C(c2ccc(Oc3ccccc3)cc2)(N2CCC(CO)CC2)C(=O)N1,,,CHEMBL2062484,J Med Chem,2012.0,"{'bei': '17.13', 'le': '0.32', 'lle': '5.27', 'sei': '6.50'}",,CHEMBL2063517,,CHEMBL2063517,7.01,0,http://www.openphacts.org/units/Nanomolar,1659410,=,1,1,=,,IC50,nM,,97.0,CHEMBL321,Homo sapiens,Matrix metalloproteinase-9,9606,,,IC50,nM,UO_0000065,,97.0,,97.0,O=C1NC(=O)C(c2ccc(Oc3ccccc3)cc2)(N2CCC(CO)CC2)C(=O)N1,active
,,10965368,[],CHEMBL2066317,"Inhibition of p-aminophenylmercuric acetate stimulated human recombinant MMP-9 using (7-methoxycoumarin-4-yl)-acetyl-pro-Leu-Gly-Leu-(3-(2,4-dinitrophenyl)-L-2,3-diaminopropionyl)-Ala-Arg-NH2 as substrate after 45 mins by fluorogenic assay",B,,,BAO_0000190,BAO_0000357,single protein format,O=C1NC(=O)C(c2ccc(Oc3ccccc3)cc2)(N2CCC(CCO)CC2)C(=O)N1,,,CHEMBL2062484,J Med Chem,2012.0,"{'bei': '18.70', 'le': '0.35', 'lle': '5.79', 'sei': '7.34'}",,CHEMBL2063433,,CHEMBL2063433,7.92,0,http://www.openphacts.org/units/Nanomolar,1659280,=,1,1,=,,IC50,nM,,12.0,CHEMBL321,Homo sapiens,Matrix metalloproteinase-9,9606,,,IC50,nM,UO_0000065,,12.0,,12.0,O=C1NC(=O)C(c2ccc(Oc3ccccc3)cc2)(N2CCC(CCO)CC2)C(=O)N1,active
,,10965369,[],CHEMBL2066317,"Inhibition of p-aminophenylmercuric acetate stimulated human recombinant MMP-9 using (7-methoxycoumarin-4-yl)-acetyl-pro-Leu-Gly-Leu-(3-(2,4-dinitrophenyl)-L-2,3-diaminopropionyl)-Ala-Arg-NH2 as substrate after 45 mins by fluorogenic assay",B,,,BAO_0000190,BAO_0000357,single protein format,O=C1NC(=O)C(c2ccc(Oc3ccccc3)cc2)(N2CCN(CCO)CC2)C(=O)N1,,,CHEMBL2062484,J Med Chem,2012.0,"{'bei': '19.06', 'le': '0.36', 'lle': '7.44', 'sei': '7.28'}",,CHEMBL2063432,,CHEMBL2063432,8.09,0,http://www.openphacts.org/units/Nanomolar,1659279,=,1,1,=,,IC50,nM,,8.1,CHEMBL321,Homo sapiens,Matrix metalloproteinase-9,9606,,,IC50,nM,UO_0000065,,8.1,,8.1,O=C1NC(=O)C(c2ccc(Oc3ccccc3)cc2)(N2CCN(CCO)CC2)C(=O)N1,active
,,10965370,[],CHEMBL2066317,"Inhibition of p-aminophenylmercuric acetate stimulated human recombinant MMP-9 using (7-methoxycoumarin-4-yl)-acetyl-pro-Leu-Gly-Leu-(3-(2,4-dinitrophenyl)-L-2,3-diaminopropionyl)-Ala-Arg-NH2 as substrate after 45 mins by fluorogenic assay",B,,,BAO_0000190,BAO_0000357,single protein format,CN(CCO)C1(c2ccc(Oc3ccccc3)cc2)C(=O)NC(=O)NC1=O,,,CHEMBL2062484,J Med Chem,2012.0,"{'bei': '18.51', 'le': '0.35', 'lle': '5.88', 'sei': '6.33'}",,CHEMBL2063431,,CHEMBL2063431,6.84,0,http://www.openphacts.org/units/Nanomolar,1659278,=,1,1,=,,IC50,nM,,145.0,CHEMBL321,Homo sapiens,Matrix metalloproteinase-9,9606,,,IC50,nM,UO_0000065,,145.0,,145.0,CN(CCO)C1(c2ccc(Oc3ccccc3)cc2)C(=O)NC(=O)NC1=O,active
,,10965371,[],CHEMBL2066317,"Inhibition of p-aminophenylmercuric acetate stimulated human recombinant MMP-9 using (7-methoxycoumarin-4-yl)-acetyl-pro-Leu-Gly-Leu-(3-(2,4-dinitrophenyl)-L-2,3-diaminopropionyl)-Ala-Arg-NH2 as substrate after 45 mins by fluorogenic assay",B,,,BAO_0000190,BAO_0000357,single protein format,O=C1NC(=O)C(c2ccc(Oc3ccccc3)cc2)(N(CCO)CCO)C(=O)N1,,,CHEMBL2062484,J Med Chem,2012.0,"{'bei': '18.99', 'le': '0.36', 'lle': '7.26', 'sei': '5.92'}",,CHEMBL2063430,,CHEMBL2063430,7.58,0,http://www.openphacts.org/units/Nanomolar,1659277,=,1,1,=,,IC50,nM,,26.0,CHEMBL321,Homo sapiens,Matrix metalloproteinase-9,9606,,,IC50,nM,UO_0000065,,26.0,,26.0,O=C1NC(=O)C(c2ccc(Oc3ccccc3)cc2)(N(CCO)CCO)C(=O)N1,active
,,10965372,[],CHEMBL2066317,"Inhibition of p-aminophenylmercuric acetate stimulated human recombinant MMP-9 using (7-methoxycoumarin-4-yl)-acetyl-pro-Leu-Gly-Leu-(3-(2,4-dinitrophenyl)-L-2,3-diaminopropionyl)-Ala-Arg-NH2 as substrate after 45 mins by fluorogenic assay",B,,,BAO_0000190,BAO_0000357,single protein format,O=C1NC(=O)C(c2ccc(Oc3ccccc3)cc2)(N2CCCC(CO[N+](=O)[O-])C2)C(=O)N1,,,CHEMBL2062484,J Med Chem,2012.0,"{'bei': '15.37', 'le': '0.29', 'lle': '5.02', 'sei': '4.98'}",,CHEMBL2063429,,CHEMBL2063429,6.98,0,http://www.openphacts.org/units/Nanomolar,1659276,=,1,1,=,,IC50,nM,,104.0,CHEMBL321,Homo sapiens,Matrix metalloproteinase-9,9606,,,IC50,nM,UO_0000065,,104.0,,104.0,O=C1NC(=O)C(c2ccc(Oc3ccccc3)cc2)(N2CCCC(CO[N+](=O)[O-])C2)C(=O)N1,active
,,10965373,[],CHEMBL2066317,"Inhibition of p-aminophenylmercuric acetate stimulated human recombinant MMP-9 using (7-methoxycoumarin-4-yl)-acetyl-pro-Leu-Gly-Leu-(3-(2,4-dinitrophenyl)-L-2,3-diaminopropionyl)-Ala-Arg-NH2 as substrate after 45 mins by fluorogenic assay",B,,,BAO_0000190,BAO_0000357,single protein format,O=C1NC(=O)C(c2ccc(Oc3ccccc3)cc2)(N2CCC(CO[N+](=O)[O-])CC2)C(=O)N1,,,CHEMBL2062484,J Med Chem,2012.0,"{'bei': '14.69', 'le': '0.28', 'lle': '4.71', 'sei': '4.76'}",,CHEMBL2063428,,CHEMBL2063428,6.67,0,http://www.openphacts.org/units/Nanomolar,1659275,=,1,1,=,,IC50,nM,,212.0,CHEMBL321,Homo sapiens,Matrix metalloproteinase-9,9606,,,IC50,nM,UO_0000065,,212.0,,212.0,O=C1NC(=O)C(c2ccc(Oc3ccccc3)cc2)(N2CCC(CO[N+](=O)[O-])CC2)C(=O)N1,active
,,10965374,[],CHEMBL2066317,"Inhibition of p-aminophenylmercuric acetate stimulated human recombinant MMP-9 using (7-methoxycoumarin-4-yl)-acetyl-pro-Leu-Gly-Leu-(3-(2,4-dinitrophenyl)-L-2,3-diaminopropionyl)-Ala-Arg-NH2 as substrate after 45 mins by fluorogenic assay",B,,,BAO_0000190,BAO_0000357,single protein format,O=C1NC(=O)C(c2ccc(Oc3ccccc3)cc2)(N2CCC(CCO[N+](=O)[O-])CC2)C(=O)N1,,,CHEMBL2062484,J Med Chem,2012.0,"{'bei': '14.55', 'le': '0.27', 'lle': '4.47', 'sei': '4.87'}",,CHEMBL2063427,,CHEMBL2063427,6.82,0,http://www.openphacts.org/units/Nanomolar,1659274,=,1,1,=,,IC50,nM,,152.0,CHEMBL321,Homo sapiens,Matrix metalloproteinase-9,9606,,,IC50,nM,UO_0000065,,152.0,,152.0,O=C1NC(=O)C(c2ccc(Oc3ccccc3)cc2)(N2CCC(CCO[N+](=O)[O-])CC2)C(=O)N1,active
,,10965375,[],CHEMBL2066317,"Inhibition of p-aminophenylmercuric acetate stimulated human recombinant MMP-9 using (7-methoxycoumarin-4-yl)-acetyl-pro-Leu-Gly-Leu-(3-(2,4-dinitrophenyl)-L-2,3-diaminopropionyl)-Ala-Arg-NH2 as substrate after 45 mins by fluorogenic assay",B,,,BAO_0000190,BAO_0000357,single protein format,O=C1NC(=O)C(c2ccc(Oc3ccccc3)cc2)(N2CCN(CCO[N+](=O)[O-])CC2)C(=O)N1,,,CHEMBL2062484,J Med Chem,2012.0,"{'bei': '14.99', 'le': '0.28', 'lle': '6.17', 'sei': '4.91'}",,CHEMBL2063426,,CHEMBL2063426,7.04,0,http://www.openphacts.org/units/Nanomolar,1659273,=,1,1,=,,IC50,nM,,92.0,CHEMBL321,Homo sapiens,Matrix metalloproteinase-9,9606,,,IC50,nM,UO_0000065,,92.0,,92.0,O=C1NC(=O)C(c2ccc(Oc3ccccc3)cc2)(N2CCN(CCO[N+](=O)[O-])CC2)C(=O)N1,active
,,10965376,[],CHEMBL2066317,"Inhibition of p-aminophenylmercuric acetate stimulated human recombinant MMP-9 using (7-methoxycoumarin-4-yl)-acetyl-pro-Leu-Gly-Leu-(3-(2,4-dinitrophenyl)-L-2,3-diaminopropionyl)-Ala-Arg-NH2 as substrate after 45 mins by fluorogenic assay",B,,,BAO_0000190,BAO_0000357,single protein format,CN(CCO[N+](=O)[O-])C1(c2ccc(Oc3ccccc3)cc2)C(=O)NC(=O)NC1=O,,,CHEMBL2062484,J Med Chem,2012.0,"{'bei': '17.67', 'le': '0.33', 'lle': '6.14', 'sei': '5.23'}",,CHEMBL2063425,,CHEMBL2063425,7.32,0,http://www.openphacts.org/units/Nanomolar,1659272,=,1,1,=,,IC50,nM,,47.58,CHEMBL321,Homo sapiens,Matrix metalloproteinase-9,9606,,,IC50,nM,UO_0000065,,47.58,,47.58,CN(CCO[N+](=O)[O-])C1(c2ccc(Oc3ccccc3)cc2)C(=O)NC(=O)NC1=O,active
,,10965377,[],CHEMBL2066317,"Inhibition of p-aminophenylmercuric acetate stimulated human recombinant MMP-9 using (7-methoxycoumarin-4-yl)-acetyl-pro-Leu-Gly-Leu-(3-(2,4-dinitrophenyl)-L-2,3-diaminopropionyl)-Ala-Arg-NH2 as substrate after 45 mins by fluorogenic assay",B,,,BAO_0000190,BAO_0000357,single protein format,O=C1NC(=O)C(c2ccc(Oc3ccccc3)cc2)(N(CCO[N+](=O)[O-])CCO[N+](=O)[O-])C(=O)N1,,,CHEMBL2062484,J Med Chem,2012.0,"{'bei': '14.39', 'le': '0.27', 'lle': '6.28', 'sei': '3.66'}",,CHEMBL2063424,,CHEMBL2063424,7.04,0,http://www.openphacts.org/units/Nanomolar,1659271,=,1,1,=,,IC50,nM,,91.0,CHEMBL321,Homo sapiens,Matrix metalloproteinase-9,9606,,,IC50,nM,UO_0000065,,91.0,,91.0,O=C1NC(=O)C(c2ccc(Oc3ccccc3)cc2)(N(CCO[N+](=O)[O-])CCO[N+](=O)[O-])C(=O)N1,active
,,10978642,[],CHEMBL2066798,"Inhibition of MMP9 using (7-methoxycoumarin-4-yl)acetyl-Pro-Leu-Gly-Leu-(3-(2,4-dinitrophenyl)-L-2,3-diaminopropionyl)Ala-Arg-NH2 as substrate incubated for 30 mins prior to substrate addition measured for 10 mins by fluorometry",B,,,BAO_0000190,BAO_0000357,single protein format,C#CCOCCOCCOCCOCCOc1ccc(CN([C@@H](C(=O)NO)C(C)C)S(=O)(=O)c2ccc(OC)cc2)cc1,,,CHEMBL2062426,J Med Chem,2012.0,"{'bei': '15.15', 'le': '0.30', 'lle': '6.94', 'sei': '6.64'}",,CHEMBL2064542,,CHEMBL2064542,9.43,0,http://www.openphacts.org/units/Nanomolar,1660630,=,1,1,=,,IC50,nM,,0.37,CHEMBL321,Homo sapiens,Matrix metalloproteinase-9,9606,,,IC50,nM,UO_0000065,,0.37,,0.37,C#CCOCCOCCOCCOCCOc1ccc(CN([C@@H](C(=O)NO)C(C)C)S(=O)(=O)c2ccc(OC)cc2)cc1,active
,,10978643,[],CHEMBL2066798,"Inhibition of MMP9 using (7-methoxycoumarin-4-yl)acetyl-Pro-Leu-Gly-Leu-(3-(2,4-dinitrophenyl)-L-2,3-diaminopropionyl)Ala-Arg-NH2 as substrate incubated for 30 mins prior to substrate addition measured for 10 mins by fluorometry",B,,,BAO_0000190,BAO_0000357,single protein format,COc1ccc(S(=O)(=O)N(Cc2ccc(OCCOCCOCCOCCOCc3cn(CCF)nn3)cc2)[C@@H](C(=O)NO)C(C)C)cc1,,,CHEMBL2062426,J Med Chem,2012.0,"{'bei': '12.96', 'le': '0.26', 'lle': '6.60', 'sei': '5.34'}",,CHEMBL2064541,,CHEMBL2064541,9.22,0,http://www.openphacts.org/units/Nanomolar,1660629,=,1,1,=,,IC50,nM,,0.6,CHEMBL321,Homo sapiens,Matrix metalloproteinase-9,9606,,,IC50,nM,UO_0000065,,0.6,,0.6,COc1ccc(S(=O)(=O)N(Cc2ccc(OCCOCCOCCOCCOCc3cn(CCF)nn3)cc2)[C@@H](C(=O)NO)C(C)C)cc1,active
,,10978644,[],CHEMBL2066798,"Inhibition of MMP9 using (7-methoxycoumarin-4-yl)acetyl-Pro-Leu-Gly-Leu-(3-(2,4-dinitrophenyl)-L-2,3-diaminopropionyl)Ala-Arg-NH2 as substrate incubated for 30 mins prior to substrate addition measured for 10 mins by fluorometry",B,,,BAO_0000190,BAO_0000357,single protein format,COc1ccc(S(=O)(=O)N(Cc2ccc(OCCOCCOCCOCCOCc3cn(CCOCCOCCOCCF)nn3)cc2)[C@@H](C(=O)NO)C(C)C)cc1,,,CHEMBL2062426,J Med Chem,2012.0,"{'bei': '9.84', 'le': '0.20', 'lle': '5.63', 'sei': '4.14'}",,CHEMBL2064540,,CHEMBL2064540,8.30,0,http://www.openphacts.org/units/Nanomolar,1660628,=,1,1,=,,IC50,nM,,5.0,CHEMBL321,Homo sapiens,Matrix metalloproteinase-9,9606,,,IC50,nM,UO_0000065,,5.0,,5.0,COc1ccc(S(=O)(=O)N(Cc2ccc(OCCOCCOCCOCCOCc3cn(CCOCCOCCOCCF)nn3)cc2)[C@@H](C(=O)NO)C(C)C)cc1,active
,,10978645,[],CHEMBL2066798,"Inhibition of MMP9 using (7-methoxycoumarin-4-yl)acetyl-Pro-Leu-Gly-Leu-(3-(2,4-dinitrophenyl)-L-2,3-diaminopropionyl)Ala-Arg-NH2 as substrate incubated for 30 mins prior to substrate addition measured for 10 mins by fluorometry",B,,,BAO_0000190,BAO_0000357,single protein format,COc1ccc(S(=O)(=O)N(Cc2ccc(OCCOCCOCCOCCOCc3cn([C@@H]4O[C@H](CO)[C@@H](O)[C@H](O)[C@H]4F)nn3)cc2)[C@@H](C(=O)NO)C(C)C)cc1,,,CHEMBL2062426,J Med Chem,2012.0,"{'bei': '8.88', 'le': '0.18', 'lle': '6.77', 'sei': '3.03'}",,CHEMBL2064543,,CHEMBL2064543,7.37,0,http://www.openphacts.org/units/Nanomolar,1660634,=,1,1,=,,IC50,nM,,43.0,CHEMBL321,Homo sapiens,Matrix metalloproteinase-9,9606,,,IC50,nM,UO_0000065,,43.0,,43.0,COc1ccc(S(=O)(=O)N(Cc2ccc(OCCOCCOCCOCCOCc3cn([C@@H]4O[C@H](CO)[C@@H](O)[C@H](O)[C@H]4F)nn3)cc2)[C@@H](C(=O)NO)C(C)C)cc1,active
,,10978646,[],CHEMBL2066798,"Inhibition of MMP9 using (7-methoxycoumarin-4-yl)acetyl-Pro-Leu-Gly-Leu-(3-(2,4-dinitrophenyl)-L-2,3-diaminopropionyl)Ala-Arg-NH2 as substrate incubated for 30 mins prior to substrate addition measured for 10 mins by fluorometry",B,,,BAO_0000190,BAO_0000357,single protein format,COc1ccc(S(=O)(=O)N(Cc2ccc(OCCOCCOCCOCCn3cc(COCCOCCOCCOCCOCCF)nn3)cc2)[C@@H](C(=O)NO)C(C)C)cc1,,,CHEMBL2062426,J Med Chem,2012.0,"{'bei': '9.60', 'le': '0.19', 'lle': '5.83', 'sei': '4.06'}",,CHEMBL2064544,,CHEMBL2064544,8.52,0,http://www.openphacts.org/units/Nanomolar,1660635,=,1,1,=,,IC50,nM,,3.0,CHEMBL321,Homo sapiens,Matrix metalloproteinase-9,9606,,,IC50,nM,UO_0000065,,3.0,,3.0,COc1ccc(S(=O)(=O)N(Cc2ccc(OCCOCCOCCOCCn3cc(COCCOCCOCCOCCOCCF)nn3)cc2)[C@@H](C(=O)NO)C(C)C)cc1,active
,,10978647,[],CHEMBL2066798,"Inhibition of MMP9 using (7-methoxycoumarin-4-yl)acetyl-Pro-Leu-Gly-Leu-(3-(2,4-dinitrophenyl)-L-2,3-diaminopropionyl)Ala-Arg-NH2 as substrate incubated for 30 mins prior to substrate addition measured for 10 mins by fluorometry",B,,,BAO_0000190,BAO_0000357,single protein format,C#CCN([C@@H](C(=O)NO)C(C)C)S(=O)(=O)c1ccc(OC)cc1,,,CHEMBL2062426,J Med Chem,2012.0,"{'bei': '25.56', 'le': '0.52', 'lle': '7.85', 'sei': '9.07'}",,CHEMBL2064545,,CHEMBL2064545,8.70,0,http://www.openphacts.org/units/Nanomolar,1660636,=,1,1,=,,IC50,nM,,2.0,CHEMBL321,Homo sapiens,Matrix metalloproteinase-9,9606,,,IC50,nM,UO_0000065,,2.0,,2.0,C#CCN([C@@H](C(=O)NO)C(C)C)S(=O)(=O)c1ccc(OC)cc1,active
,,10978648,[],CHEMBL2066798,"Inhibition of MMP9 using (7-methoxycoumarin-4-yl)acetyl-Pro-Leu-Gly-Leu-(3-(2,4-dinitrophenyl)-L-2,3-diaminopropionyl)Ala-Arg-NH2 as substrate incubated for 30 mins prior to substrate addition measured for 10 mins by fluorometry",B,,,BAO_0000190,BAO_0000357,single protein format,COc1ccc(S(=O)(=O)N(Cc2cn(CCOS(=O)(=O)c3ccc(C)cc3)nn2)[C@@H](C(=O)NO)C(C)C)cc1,,,CHEMBL2062426,J Med Chem,2012.0,"{'bei': '14.02', 'le': '0.29', 'lle': '6.43', 'sei': '4.80'}",,CHEMBL2064546,,CHEMBL2064546,8.15,0,http://www.openphacts.org/units/Nanomolar,1660637,=,1,1,=,,IC50,nM,,7.0,CHEMBL321,Homo sapiens,Matrix metalloproteinase-9,9606,,,IC50,nM,UO_0000065,,7.0,,7.0,COc1ccc(S(=O)(=O)N(Cc2cn(CCOS(=O)(=O)c3ccc(C)cc3)nn2)[C@@H](C(=O)NO)C(C)C)cc1,active
,,10978649,[],CHEMBL2066798,"Inhibition of MMP9 using (7-methoxycoumarin-4-yl)acetyl-Pro-Leu-Gly-Leu-(3-(2,4-dinitrophenyl)-L-2,3-diaminopropionyl)Ala-Arg-NH2 as substrate incubated for 30 mins prior to substrate addition measured for 10 mins by fluorometry",B,,,BAO_0000190,BAO_0000357,single protein format,COc1ccc(S(=O)(=O)N(Cc2cn(CCF)nn2)[C@@H](C(=O)NO)C(C)C)cc1,,,CHEMBL2062426,J Med Chem,2012.0,"{'bei': '24.50', 'le': '0.50', 'lle': '9.54', 'sei': '8.31'}",,CHEMBL2064547,,CHEMBL2064547,10.52,0,http://www.openphacts.org/units/Nanomolar,1660638,=,1,1,=,,IC50,nM,,0.03,CHEMBL321,Homo sapiens,Matrix metalloproteinase-9,9606,,,IC50,nM,UO_0000065,,0.03,,0.03,COc1ccc(S(=O)(=O)N(Cc2cn(CCF)nn2)[C@@H](C(=O)NO)C(C)C)cc1,active
,,10978650,[],CHEMBL2066798,"Inhibition of MMP9 using (7-methoxycoumarin-4-yl)acetyl-Pro-Leu-Gly-Leu-(3-(2,4-dinitrophenyl)-L-2,3-diaminopropionyl)Ala-Arg-NH2 as substrate incubated for 30 mins prior to substrate addition measured for 10 mins by fluorometry",B,,,BAO_0000190,BAO_0000357,single protein format,COc1ccc(S(=O)(=O)N(Cc2cn(CCOCCOCCOCCOS(=O)(=O)c3ccc(C)cc3)nn2)[C@@H](C(=O)NO)C(C)C)cc1,,,CHEMBL2062426,J Med Chem,2012.0,"{'bei': '14.32', 'le': '0.29', 'lle': '8.45', 'sei': '5.17'}",,CHEMBL2064548,,CHEMBL2064548,10.22,0,http://www.openphacts.org/units/Nanomolar,1660639,=,1,1,=,,IC50,nM,,0.06,CHEMBL321,Homo sapiens,Matrix metalloproteinase-9,9606,,,IC50,nM,UO_0000065,,0.06,,0.06,COc1ccc(S(=O)(=O)N(Cc2cn(CCOCCOCCOCCOS(=O)(=O)c3ccc(C)cc3)nn2)[C@@H](C(=O)NO)C(C)C)cc1,active
,,10978651,[],CHEMBL2066798,"Inhibition of MMP9 using (7-methoxycoumarin-4-yl)acetyl-Pro-Leu-Gly-Leu-(3-(2,4-dinitrophenyl)-L-2,3-diaminopropionyl)Ala-Arg-NH2 as substrate incubated for 30 mins prior to substrate addition measured for 10 mins by fluorometry",B,,,BAO_0000190,BAO_0000357,single protein format,COc1ccc(S(=O)(=O)N(Cc2cn(CCOCCOCCOCCF)nn2)[C@@H](C(=O)NO)C(C)C)cc1,,,CHEMBL2062426,J Med Chem,2012.0,"{'bei': '18.34', 'le': '0.37', 'lle': '9.27', 'sei': '6.67'}",,CHEMBL2064549,,CHEMBL2064549,10.30,0,http://www.openphacts.org/units/Nanomolar,1660640,=,1,1,=,,IC50,nM,,0.05,CHEMBL321,Homo sapiens,Matrix metalloproteinase-9,9606,,,IC50,nM,UO_0000065,,0.05,,0.05,COc1ccc(S(=O)(=O)N(Cc2cn(CCOCCOCCOCCF)nn2)[C@@H](C(=O)NO)C(C)C)cc1,active
,,10978652,[],CHEMBL2066798,"Inhibition of MMP9 using (7-methoxycoumarin-4-yl)acetyl-Pro-Leu-Gly-Leu-(3-(2,4-dinitrophenyl)-L-2,3-diaminopropionyl)Ala-Arg-NH2 as substrate incubated for 30 mins prior to substrate addition measured for 10 mins by fluorometry",B,,,BAO_0000190,BAO_0000357,single protein format,COc1ccc(S(=O)(=O)N(Cc2cn(CCOCCOCCOCCN=[N+]=[N-])nn2)[C@@H](C(=O)NO)C(C)C)cc1,,,CHEMBL2062426,J Med Chem,2012.0,"{'bei': '15.47', 'le': '0.31', 'lle': '7.68', 'sei': '4.45'}",,CHEMBL2064550,,CHEMBL2064550,9.05,0,http://www.openphacts.org/units/Nanomolar,1660641,=,1,1,=,,IC50,nM,,0.9,CHEMBL321,Homo sapiens,Matrix metalloproteinase-9,9606,,,IC50,nM,UO_0000065,,0.9,,0.9,COc1ccc(S(=O)(=O)N(Cc2cn(CCOCCOCCOCCN=[N+]=[N-])nn2)[C@@H](C(=O)NO)C(C)C)cc1,active
,,10978653,[],CHEMBL2066798,"Inhibition of MMP9 using (7-methoxycoumarin-4-yl)acetyl-Pro-Leu-Gly-Leu-(3-(2,4-dinitrophenyl)-L-2,3-diaminopropionyl)Ala-Arg-NH2 as substrate incubated for 30 mins prior to substrate addition measured for 10 mins by fluorometry",B,,,BAO_0000190,BAO_0000357,single protein format,COc1ccc(S(=O)(=O)N(Cc2cn(CCOCCOCCOCCOc3cccnc3F)nn2)[C@@H](C(=O)NO)C(C)C)cc1,,,CHEMBL2062426,J Med Chem,2012.0,"{'bei': '12.83', 'le': '0.25', 'lle': '6.73', 'sei': '4.76'}",,CHEMBL2064551,,CHEMBL2064551,8.40,0,http://www.openphacts.org/units/Nanomolar,1660642,=,1,1,=,,IC50,nM,,4.0,CHEMBL321,Homo sapiens,Matrix metalloproteinase-9,9606,,,IC50,nM,UO_0000065,,4.0,,4.0,COc1ccc(S(=O)(=O)N(Cc2cn(CCOCCOCCOCCOc3cccnc3F)nn2)[C@@H](C(=O)NO)C(C)C)cc1,active
,,10978654,[],CHEMBL2066798,"Inhibition of MMP9 using (7-methoxycoumarin-4-yl)acetyl-Pro-Leu-Gly-Leu-(3-(2,4-dinitrophenyl)-L-2,3-diaminopropionyl)Ala-Arg-NH2 as substrate incubated for 30 mins prior to substrate addition measured for 10 mins by fluorometry",B,,,BAO_0000190,BAO_0000357,single protein format,COc1ccc(S(=O)(=O)N(Cc2cn([C@@H]3O[C@H](CO)[C@@H](O)[C@H](O)[C@H]3F)nn2)[C@@H](C(=O)NO)C(C)C)cc1,,,CHEMBL2062426,J Med Chem,2012.0,"{'bei': '16.84', 'le': '0.34', 'lle': '10.26', 'sei': '4.69'}",,CHEMBL2064552,,CHEMBL2064552,9.22,0,http://www.openphacts.org/units/Nanomolar,1660643,=,1,1,=,,IC50,nM,,0.6,CHEMBL321,Homo sapiens,Matrix metalloproteinase-9,9606,,,IC50,nM,UO_0000065,,0.6,,0.6,COc1ccc(S(=O)(=O)N(Cc2cn([C@@H]3O[C@H](CO)[C@@H](O)[C@H](O)[C@H]3F)nn2)[C@@H](C(=O)NO)C(C)C)cc1,active
,,12618720,[],CHEMBL2320947,Inhibition of human recombinant MMP-9 after 45 mins by fluorogenic assay,B,,,BAO_0000190,BAO_0000357,single protein format,CCCCCCCCCCCCCC(=O)N1CCCN(C2(c3ccc(Oc4ccccc4)cc3)C(=O)NC(=O)NC2=O)CC1,,,CHEMBL2311366,Bioorg Med Chem Lett,2013.0,"{'bei': '10.28', 'le': '0.19', 'lle': '-0.06', 'sei': '5.75'}",,CHEMBL2311773,,CHEMBL2311773,6.22,0,http://www.openphacts.org/units/Nanomolar,1841246,=,1,1,=,,IC50,nM,,608.0,CHEMBL321,Homo sapiens,Matrix metalloproteinase-9,9606,,,IC50,nM,UO_0000065,,608.0,,608.0,CCCCCCCCCCCCCC(=O)N1CCCN(C2(c3ccc(Oc4ccccc4)cc3)C(=O)NC(=O)NC2=O)CC1,active
,,12618721,[],CHEMBL2320947,Inhibition of human recombinant MMP-9 after 45 mins by fluorogenic assay,B,,,BAO_0000190,BAO_0000357,single protein format,CCCC(=O)N1CCCN(C2(c3ccc(Oc4ccccc4)cc3)C(=O)NC(=O)NC2=O)CC1,,,CHEMBL2311366,Bioorg Med Chem Lett,2013.0,"{'bei': '16.98', 'le': '0.32', 'lle': '5.52', 'sei': '7.30'}",,CHEMBL2311772,,CHEMBL2311772,7.89,0,http://www.openphacts.org/units/Nanomolar,1841245,=,1,1,=,,IC50,nM,,13.0,CHEMBL321,Homo sapiens,Matrix metalloproteinase-9,9606,,,IC50,nM,UO_0000065,,13.0,,13.0,CCCC(=O)N1CCCN(C2(c3ccc(Oc4ccccc4)cc3)C(=O)NC(=O)NC2=O)CC1,active
,,12618722,[],CHEMBL2320947,Inhibition of human recombinant MMP-9 after 45 mins by fluorogenic assay,B,,,BAO_0000190,BAO_0000357,single protein format,O=C1NC(=O)C(c2ccc(Oc3ccccc3)cc2)(N2CCCN(C(=O)c3ccc(C(=O)N4CCCN(C5(c6ccc(Oc7ccccc7)cc6)C(=O)NC(=O)NC5=O)CC4)cc3)CC2)C(=O)N1,,,CHEMBL2311366,Bioorg Med Chem Lett,2013.0,"{'bei': '7.94', 'le': '0.15', 'lle': '3.21', 'sei': '3.38'}",,CHEMBL2311771,,CHEMBL2311771,7.30,0,http://www.openphacts.org/units/Nanomolar,1841244,=,1,1,=,,IC50,nM,,50.0,CHEMBL321,Homo sapiens,Matrix metalloproteinase-9,9606,,,IC50,nM,UO_0000065,,50.0,,50.0,O=C1NC(=O)C(c2ccc(Oc3ccccc3)cc2)(N2CCCN(C(=O)c3ccc(C(=O)N4CCCN(C5(c6ccc(Oc7ccccc7)cc6)C(=O)NC(=O)NC5=O)CC4)cc3)CC2)C(=O)N1,active
,,12618723,[],CHEMBL2320947,Inhibition of human recombinant MMP-9 after 45 mins by fluorogenic assay,B,,,BAO_0000190,BAO_0000357,single protein format,O=C1NC(=O)C(c2ccc(Oc3ccccc3)cc2)(N2CCCN(C(=O)CCCCCCCCCCCCCCCCCCCCC(=O)N3CCCN(C4(c5ccc(Oc6ccccc6)cc5)C(=O)NC(=O)NC4=O)CC3)CC2)C(=O)N1,,,CHEMBL2311366,Bioorg Med Chem Lett,2013.0,"{'bei': '6.09', 'le': None, 'lle': None, 'sei': None}",,CHEMBL2311770,,CHEMBL2311770,6.84,0,http://www.openphacts.org/units/Nanomolar,1841243,=,1,1,=,,IC50,nM,,144.0,CHEMBL321,Homo sapiens,Matrix metalloproteinase-9,9606,,,IC50,nM,UO_0000065,,144.0,,144.0,O=C1NC(=O)C(c2ccc(Oc3ccccc3)cc2)(N2CCCN(C(=O)CCCCCCCCCCCCCCCCCCCCC(=O)N3CCCN(C4(c5ccc(Oc6ccccc6)cc5)C(=O)NC(=O)NC4=O)CC3)CC2)C(=O)N1,active
,,12618724,[],CHEMBL2320947,Inhibition of human recombinant MMP-9 after 45 mins by fluorogenic assay,B,,,BAO_0000190,BAO_0000357,single protein format,O=C1NC(=O)C(c2ccc(Oc3ccccc3)cc2)(N2CCCN(C(=O)CCCCCCCCCCCCCCC(=O)N3CCCN(C4(c5ccc(Oc6ccccc6)cc5)C(=O)NC(=O)NC4=O)CC3)CC2)C(=O)N1,,,CHEMBL2311366,Bioorg Med Chem Lett,2013.0,"{'bei': '6.40', 'le': None, 'lle': None, 'sei': None}",,CHEMBL2311769,,CHEMBL2311769,6.65,0,http://www.openphacts.org/units/Nanomolar,1841242,=,1,1,=,,IC50,nM,,222.0,CHEMBL321,Homo sapiens,Matrix metalloproteinase-9,9606,,,IC50,nM,UO_0000065,,222.0,,222.0,O=C1NC(=O)C(c2ccc(Oc3ccccc3)cc2)(N2CCCN(C(=O)CCCCCCCCCCCCCCC(=O)N3CCCN(C4(c5ccc(Oc6ccccc6)cc5)C(=O)NC(=O)NC4=O)CC3)CC2)C(=O)N1,active
,,12618725,[],CHEMBL2320947,Inhibition of human recombinant MMP-9 after 45 mins by fluorogenic assay,B,,,BAO_0000190,BAO_0000357,single protein format,O=C1NC(=O)C(c2ccc(Oc3ccccc3)cc2)(N2CCCN(C(=O)CCCCCCCCCCCCC(=O)N3CCCN(C4(c5ccc(Oc6ccccc6)cc5)C(=O)NC(=O)NC4=O)CC3)CC2)C(=O)N1,,,CHEMBL2311366,Bioorg Med Chem Lett,2013.0,"{'bei': '7.01', 'le': None, 'lle': None, 'sei': None}",,CHEMBL2311768,,CHEMBL2311768,7.09,0,http://www.openphacts.org/units/Nanomolar,1841241,=,1,1,=,,IC50,nM,,81.0,CHEMBL321,Homo sapiens,Matrix metalloproteinase-9,9606,,,IC50,nM,UO_0000065,,81.0,,81.0,O=C1NC(=O)C(c2ccc(Oc3ccccc3)cc2)(N2CCCN(C(=O)CCCCCCCCCCCCC(=O)N3CCCN(C4(c5ccc(Oc6ccccc6)cc5)C(=O)NC(=O)NC4=O)CC3)CC2)C(=O)N1,active
,,12618726,[],CHEMBL2320947,Inhibition of human recombinant MMP-9 after 45 mins by fluorogenic assay,B,,,BAO_0000190,BAO_0000357,single protein format,O=C1NC(=O)C(c2ccc(Oc3ccccc3)cc2)(N2CCCN(C(=O)CCCCCCCCCCC(=O)N3CCCN(C4(c5ccc(Oc6ccccc6)cc5)C(=O)NC(=O)NC4=O)CC3)CC2)C(=O)N1,,,CHEMBL2311366,Bioorg Med Chem Lett,2013.0,"{'bei': '7.04', 'le': '0.13', 'lle': '0.86', 'sei': '3.20'}",,CHEMBL2311767,,CHEMBL2311767,6.92,0,http://www.openphacts.org/units/Nanomolar,1841240,=,1,1,=,,IC50,nM,,120.0,CHEMBL321,Homo sapiens,Matrix metalloproteinase-9,9606,,,IC50,nM,UO_0000065,,120.0,,120.0,O=C1NC(=O)C(c2ccc(Oc3ccccc3)cc2)(N2CCCN(C(=O)CCCCCCCCCCC(=O)N3CCCN(C4(c5ccc(Oc6ccccc6)cc5)C(=O)NC(=O)NC4=O)CC3)CC2)C(=O)N1,active
,,12618727,[],CHEMBL2320947,Inhibition of human recombinant MMP-9 after 45 mins by fluorogenic assay,B,,,BAO_0000190,BAO_0000357,single protein format,O=C1NC(=O)C(c2ccc(Oc3ccccc3)cc2)(N2CCCN(C(=O)CCCCCCCCC(=O)N3CCCN(C4(c5ccc(Oc6ccccc6)cc5)C(=O)NC(=O)NC4=O)CC3)CC2)C(=O)N1,,,CHEMBL2311366,Bioorg Med Chem Lett,2013.0,"{'bei': '7.21', 'le': '0.13', 'lle': '1.60', 'sei': '3.18'}",,CHEMBL2311766,,CHEMBL2311766,6.88,0,http://www.openphacts.org/units/Nanomolar,1841239,=,1,1,=,,IC50,nM,,131.0,CHEMBL321,Homo sapiens,Matrix metalloproteinase-9,9606,,,IC50,nM,UO_0000065,,131.0,,131.0,O=C1NC(=O)C(c2ccc(Oc3ccccc3)cc2)(N2CCCN(C(=O)CCCCCCCCC(=O)N3CCCN(C4(c5ccc(Oc6ccccc6)cc5)C(=O)NC(=O)NC4=O)CC3)CC2)C(=O)N1,active
,,12618728,[],CHEMBL2320947,Inhibition of human recombinant MMP-9 after 45 mins by fluorogenic assay,B,,,BAO_0000190,BAO_0000357,single protein format,O=C1NC(=O)C(c2ccc(Oc3ccccc3)cc2)(N2CCCN(C(=O)CCCCCCCC(=O)N3CCCN(C4(c5ccc(Oc6ccccc6)cc5)C(=O)NC(=O)NC4=O)CC3)CC2)C(=O)N1,,,CHEMBL2311366,Bioorg Med Chem Lett,2013.0,"{'bei': '7.60', 'le': '0.14', 'lle': '2.26', 'sei': '3.31'}",,CHEMBL2311765,,CHEMBL2311765,7.15,0,http://www.openphacts.org/units/Nanomolar,1841238,=,1,1,=,,IC50,nM,,71.0,CHEMBL321,Homo sapiens,Matrix metalloproteinase-9,9606,,,IC50,nM,UO_0000065,,71.0,,71.0,O=C1NC(=O)C(c2ccc(Oc3ccccc3)cc2)(N2CCCN(C(=O)CCCCCCCC(=O)N3CCCN(C4(c5ccc(Oc6ccccc6)cc5)C(=O)NC(=O)NC4=O)CC3)CC2)C(=O)N1,active
,,12618729,[],CHEMBL2320947,Inhibition of human recombinant MMP-9 after 45 mins by fluorogenic assay,B,,,BAO_0000190,BAO_0000357,single protein format,O=C1NC(=O)C(c2ccc(Oc3ccccc3)cc2)(N2CCCN(C(=O)CCCCCCC(=O)N3CCCN(C4(c5ccc(Oc6ccccc6)cc5)C(=O)NC(=O)NC4=O)CC3)CC2)C(=O)N1,,,CHEMBL2311366,Bioorg Med Chem Lett,2013.0,"{'bei': '7.66', 'le': '0.14', 'lle': '2.60', 'sei': '3.28'}",,CHEMBL2311778,,CHEMBL2311778,7.10,0,http://www.openphacts.org/units/Nanomolar,1841251,=,1,1,=,,IC50,nM,,80.0,CHEMBL321,Homo sapiens,Matrix metalloproteinase-9,9606,,,IC50,nM,UO_0000065,,80.0,,80.0,O=C1NC(=O)C(c2ccc(Oc3ccccc3)cc2)(N2CCCN(C(=O)CCCCCCC(=O)N3CCCN(C4(c5ccc(Oc6ccccc6)cc5)C(=O)NC(=O)NC4=O)CC3)CC2)C(=O)N1,active
,,12618730,[],CHEMBL2320947,Inhibition of human recombinant MMP-9 after 45 mins by fluorogenic assay,B,,,BAO_0000190,BAO_0000357,single protein format,O=C1NC(=O)C(c2ccc(Oc3ccccc3)cc2)(N2CCCN(C(=O)CCCCCC(=O)N3CCCN(C4(c5ccc(Oc6ccccc6)cc5)C(=O)NC(=O)NC4=O)CC3)CC2)C(=O)N1,,,CHEMBL2311366,Bioorg Med Chem Lett,2013.0,"{'bei': '7.58', 'le': '0.14', 'lle': '2.81', 'sei': '3.20'}",,CHEMBL2311777,,CHEMBL2311777,6.92,0,http://www.openphacts.org/units/Nanomolar,1841250,=,1,1,=,,IC50,nM,,121.0,CHEMBL321,Homo sapiens,Matrix metalloproteinase-9,9606,,,IC50,nM,UO_0000065,,121.0,,121.0,O=C1NC(=O)C(c2ccc(Oc3ccccc3)cc2)(N2CCCN(C(=O)CCCCCC(=O)N3CCCN(C4(c5ccc(Oc6ccccc6)cc5)C(=O)NC(=O)NC4=O)CC3)CC2)C(=O)N1,active
,,12618731,[],CHEMBL2320947,Inhibition of human recombinant MMP-9 after 45 mins by fluorogenic assay,B,,,BAO_0000190,BAO_0000357,single protein format,O=C1NC(=O)C(c2ccc(Oc3ccccc3)cc2)(N2CCCN(C(=O)CCCCC(=O)N3CCCN(C4(c5ccc(Oc6ccccc6)cc5)C(=O)NC(=O)NC4=O)CC3)CC2)C(=O)N1,,,CHEMBL2311366,Bioorg Med Chem Lett,2013.0,"{'bei': '7.72', 'le': '0.14', 'lle': '3.22', 'sei': '3.21'}",,CHEMBL2311776,,CHEMBL2311776,6.94,0,http://www.openphacts.org/units/Nanomolar,1841249,=,1,1,=,,IC50,nM,,115.0,CHEMBL321,Homo sapiens,Matrix metalloproteinase-9,9606,,,IC50,nM,UO_0000065,,115.0,,115.0,O=C1NC(=O)C(c2ccc(Oc3ccccc3)cc2)(N2CCCN(C(=O)CCCCC(=O)N3CCCN(C4(c5ccc(Oc6ccccc6)cc5)C(=O)NC(=O)NC4=O)CC3)CC2)C(=O)N1,active
,,12618732,[],CHEMBL2320947,Inhibition of human recombinant MMP-9 after 45 mins by fluorogenic assay,B,,,BAO_0000190,BAO_0000357,single protein format,O=C1NC(=O)C(c2ccc(Oc3ccccc3)cc2)(N2CCCN(C(=O)CCCC(=O)N3CCCN(C4(c5ccc(Oc6ccccc6)cc5)C(=O)NC(=O)NC4=O)CC3)CC2)C(=O)N1,,,CHEMBL2311366,Bioorg Med Chem Lett,2013.0,"{'bei': '7.60', 'le': '0.14', 'lle': '3.40', 'sei': '3.11'}",,CHEMBL2311775,,CHEMBL2311775,6.73,0,http://www.openphacts.org/units/Nanomolar,1841248,=,1,1,=,,IC50,nM,,188.0,CHEMBL321,Homo sapiens,Matrix metalloproteinase-9,9606,,,IC50,nM,UO_0000065,,188.0,,188.0,O=C1NC(=O)C(c2ccc(Oc3ccccc3)cc2)(N2CCCN(C(=O)CCCC(=O)N3CCCN(C4(c5ccc(Oc6ccccc6)cc5)C(=O)NC(=O)NC4=O)CC3)CC2)C(=O)N1,active
,,12618733,[],CHEMBL2320947,Inhibition of human recombinant MMP-9 after 45 mins by fluorogenic assay,B,,,BAO_0000190,BAO_0000357,single protein format,O=C1NC(=O)C(c2ccc(Oc3ccccc3)cc2)(N2CCCN(C(=O)CCC(=O)N3CCCN(C4(c5ccc(Oc6ccccc6)cc5)C(=O)NC(=O)NC4=O)CC3)CC2)C(=O)N1,,,CHEMBL2311366,Bioorg Med Chem Lett,2013.0,"{'bei': '8.12', 'le': '0.15', 'lle': '4.13', 'sei': '3.27'}",,CHEMBL2311774,,CHEMBL2311774,7.07,0,http://www.openphacts.org/units/Nanomolar,1841247,=,1,1,=,,IC50,nM,,85.0,CHEMBL321,Homo sapiens,Matrix metalloproteinase-9,9606,,,IC50,nM,UO_0000065,,85.0,,85.0,O=C1NC(=O)C(c2ccc(Oc3ccccc3)cc2)(N2CCCN(C(=O)CCC(=O)N3CCCN(C4(c5ccc(Oc6ccccc6)cc5)C(=O)NC(=O)NC4=O)CC3)CC2)C(=O)N1,active
,,12663801,[],CHEMBL2330329,Inhibition of MMP-9 (unknown origin) using Mca-Lys-Pro-Leu-Gly-Leu-Dap(Dnp)-Ala-Arg-NH2 as substrate after 4 hrs by fluorometric assay,B,,,BAO_0000190,BAO_0000357,single protein format,O=C(O)Cc1ccccc1S(=O)(=O)c1ccc(-c2ccc(NC(=O)CF)cc2)cc1,,,CHEMBL2321808,J Med Chem,2013.0,"{'bei': '13.62', 'le': '0.27', 'lle': '2.10', 'sei': '5.79'}",,CHEMBL2326365,,CHEMBL2326365,5.82,0,http://www.openphacts.org/units/Nanomolar,1852832,=,1,1,=,,IC50,nM,,1500.0,CHEMBL321,Homo sapiens,Matrix metalloproteinase-9,9606,,,IC50,nM,UO_0000065,,1500.0,,1500.0,O=C(O)Cc1ccccc1S(=O)(=O)c1ccc(-c2ccc(NC(=O)CF)cc2)cc1,intermediate
,,12663802,[],CHEMBL2330329,Inhibition of MMP-9 (unknown origin) using Mca-Lys-Pro-Leu-Gly-Leu-Dap(Dnp)-Ala-Arg-NH2 as substrate after 4 hrs by fluorometric assay,B,,,BAO_0000190,BAO_0000357,single protein format,O=C(O)Cc1ccccc1S(=O)(=O)c1ccc(-c2ccc(F)cc2)cc1,,,CHEMBL2321808,J Med Chem,2013.0,"{'bei': '14.70', 'le': '0.29', 'lle': '1.49', 'sei': '7.62'}",,CHEMBL2326364,,CHEMBL2326364,5.44,0,http://www.openphacts.org/units/Nanomolar,1852831,=,1,1,=,,IC50,nM,,3600.0,CHEMBL321,Homo sapiens,Matrix metalloproteinase-9,9606,,,IC50,nM,UO_0000065,,3600.0,,3600.0,O=C(O)Cc1ccccc1S(=O)(=O)c1ccc(-c2ccc(F)cc2)cc1,intermediate
,,12663803,[],CHEMBL2330329,Inhibition of MMP-9 (unknown origin) using Mca-Lys-Pro-Leu-Gly-Leu-Dap(Dnp)-Ala-Arg-NH2 as substrate after 4 hrs by fluorometric assay,B,,,BAO_0000190,BAO_0000357,single protein format,O=C(O)Cc1ccccc1S(=O)(=O)c1ccc(-c2ccc(OCCF)cc2)cc1,,,CHEMBL2321808,J Med Chem,2013.0,"{'bei': '16.82', 'le': '0.33', 'lle': '2.81', 'sei': '8.64'}",,CHEMBL2326363,,CHEMBL2326363,6.97,0,http://www.openphacts.org/units/Nanomolar,1852830,=,1,1,=,,IC50,nM,,107.0,CHEMBL321,Homo sapiens,Matrix metalloproteinase-9,9606,,,IC50,nM,UO_0000065,,107.0,,107.0,O=C(O)Cc1ccccc1S(=O)(=O)c1ccc(-c2ccc(OCCF)cc2)cc1,active
,,12675235,[],CHEMBL2342138,Inhibition of MMP9 (unknown origin),B,,,BAO_0000190,BAO_0000357,single protein format,COc1ccc(C[C@H](OC(=O)/C=C/c2ccc(OCc3ccccc3)c(OCc3ccccc3)c2)C(=O)O)cc1OC,,,CHEMBL2331379,Eur J Med Chem,2013.0,"{'bei': '9.18', 'le': '0.17', 'lle': '-0.89', 'sei': '5.19'}",,CHEMBL2333288,,CHEMBL2333288,5.22,0,http://www.openphacts.org/units/Nanomolar,1867251,=,1,1,=,,IC50,nM,,6000.0,CHEMBL321,Homo sapiens,Matrix metalloproteinase-9,9606,,,IC50,uM,UO_0000065,,6.0,,6000.0,COc1ccc(C[C@H](OC(=O)/C=C/c2ccc(OCc3ccccc3)c(OCc3ccccc3)c2)C(=O)O)cc1OC,intermediate
,,12675236,[],CHEMBL2342138,Inhibition of MMP9 (unknown origin),B,,,BAO_0000190,BAO_0000357,single protein format,COc1ccc(C[C@@H](OC(=O)/C=C/c2ccc(OCc3ccccc3)c(OCc3ccccc3)c2)C(=O)O)cc1OC,,,CHEMBL2331379,Eur J Med Chem,2013.0,"{'bei': '9.10', 'le': '0.17', 'lle': '-0.94', 'sei': '5.15'}",,CHEMBL2333287,,CHEMBL2333287,5.17,0,http://www.openphacts.org/units/Nanomolar,1867250,=,1,1,=,,IC50,nM,,6700.0,CHEMBL321,Homo sapiens,Matrix metalloproteinase-9,9606,,,IC50,uM,UO_0000065,,6.7,,6700.0,COc1ccc(C[C@@H](OC(=O)/C=C/c2ccc(OCc3ccccc3)c(OCc3ccccc3)c2)C(=O)O)cc1OC,intermediate
,,12701748,[],CHEMBL2338836,Inhibition of human recombinant MMP9 using succinylated gelatin as substrate incubated for 30 mins prior to substrate addition measured after 60 mins,B,,,BAO_0000190,BAO_0000357,single protein format,O=C(O)/C=C/c1ccc(O)c(O)c1,,,CHEMBL2331288,Bioorg Med Chem Lett,2013.0,"{'bei': '42.59', 'le': '0.81', 'lle': '6.47', 'sei': '9.87'}",,CHEMBL145,CAFFEIC ACID,CHEMBL145,7.67,0,http://www.openphacts.org/units/Nanomolar,1871186,=,1,1,=,,IC50,nM,,21.22,CHEMBL321,Homo sapiens,Matrix metalloproteinase-9,9606,,,IC50,nM,UO_0000065,,21.22,,21.22,O=C(O)/C=C/c1ccc(O)c(O)c1,active
,,12701751,[],CHEMBL2338833,Inhibition of MMP9 in human Hep3B cells using gelatin as substrate,B,,,BAO_0000190,BAO_0000219,cell-based format,O=C(O)/C=C/c1ccc(O)c(O)c1,,,CHEMBL2331288,Bioorg Med Chem Lett,2013.0,"{'bei': '44.40', 'le': '0.84', 'lle': '6.80', 'sei': '10.29'}",,CHEMBL145,CAFFEIC ACID,CHEMBL145,8.00,0,http://www.openphacts.org/units/Nanomolar,1871186,=,1,1,=,,IC50,nM,,10.0,CHEMBL321,Homo sapiens,Matrix metalloproteinase-9,9606,,,IC50,nM,UO_0000065,,10.0,,10.0,O=C(O)/C=C/c1ccc(O)c(O)c1,active
,,12701896,[],CHEMBL2338836,Inhibition of human recombinant MMP9 using succinylated gelatin as substrate incubated for 30 mins prior to substrate addition measured after 60 mins,B,,,BAO_0000190,BAO_0000357,single protein format,O=C(/C=C/c1ccccc1)Nc1ccc(Cl)cc1,,,CHEMBL2331288,Bioorg Med Chem Lett,2013.0,"{'bei': '30.65', 'le': '0.60', 'lle': '3.91', 'sei': '27.15'}",,CHEMBL2336335,N-(4-CHLOROPHENYL)CINNAMAMIDE,CHEMBL2336335,7.90,0,http://www.openphacts.org/units/Nanomolar,1871188,=,1,1,=,,IC50,nM,,12.59,CHEMBL321,Homo sapiens,Matrix metalloproteinase-9,9606,,,IC50,nM,UO_0000065,,12.59,,12.59,O=C(/C=C/c1ccccc1)Nc1ccc(Cl)cc1,active
,,12701897,[],CHEMBL2338836,Inhibition of human recombinant MMP9 using succinylated gelatin as substrate incubated for 30 mins prior to substrate addition measured after 60 mins,B,,,BAO_0000190,BAO_0000357,single protein format,O=C(/C=C/c1ccccc1)Nc1cccc(Cl)c1,,,CHEMBL2331288,Bioorg Med Chem Lett,2013.0,"{'bei': '22.28', 'le': '0.44', 'lle': '1.75', 'sei': '19.73'}",,CHEMBL1830131,N-(3-CHLOROPHENYL)CINNAMAMIDE,CHEMBL1830131,5.74,0,http://www.openphacts.org/units/Nanomolar,1871187,=,1,1,=,,IC50,nM,,1812.91,CHEMBL321,Homo sapiens,Matrix metalloproteinase-9,9606,,,IC50,nM,UO_0000065,,1812.91,,1812.91,O=C(/C=C/c1ccccc1)Nc1cccc(Cl)c1,intermediate
,,12701898,[],CHEMBL2338836,Inhibition of human recombinant MMP9 using succinylated gelatin as substrate incubated for 30 mins prior to substrate addition measured after 60 mins,B,,,BAO_0000190,BAO_0000357,single protein format,O=C(/C=C/c1ccccc1)Nc1ccccc1Cl,,,CHEMBL2331288,Bioorg Med Chem Lett,2013.0,"{'bei': '30.49', 'le': '0.60', 'lle': '3.87', 'sei': '27.00'}",,CHEMBL1981977,N-(2-CHLOROPHENYL)CINNAMAMIDE,CHEMBL1981977,7.86,0,http://www.openphacts.org/units/Nanomolar,1871224,=,1,1,=,,IC50,nM,,13.87,CHEMBL321,Homo sapiens,Matrix metalloproteinase-9,9606,,,IC50,nM,UO_0000065,,13.87,,13.87,O=C(/C=C/c1ccccc1)Nc1ccccc1Cl,active
,,12701899,[],CHEMBL2338836,Inhibition of human recombinant MMP9 using succinylated gelatin as substrate incubated for 30 mins prior to substrate addition measured after 60 mins,B,,,BAO_0000190,BAO_0000357,single protein format,O=C(/C=C/c1ccccc1)Nc1ccc(F)cc1,,,CHEMBL2331288,Bioorg Med Chem Lett,2013.0,"{'bei': '33.11', 'le': '0.61', 'lle': '4.51', 'sei': '27.45'}",,CHEMBL2336361,N-(4-FLUOROPHENYL)CINNAMAMIDE,CHEMBL2336361,7.99,0,http://www.openphacts.org/units/Nanomolar,1871223,=,1,1,=,,IC50,nM,,10.26,CHEMBL321,Homo sapiens,Matrix metalloproteinase-9,9606,,,IC50,nM,UO_0000065,,10.26,,10.26,O=C(/C=C/c1ccccc1)Nc1ccc(F)cc1,active
,,12701900,[],CHEMBL2338836,Inhibition of human recombinant MMP9 using succinylated gelatin as substrate incubated for 30 mins prior to substrate addition measured after 60 mins,B,,,BAO_0000190,BAO_0000357,single protein format,O=C(/C=C/c1ccccc1)Nc1cccc(F)c1,,,CHEMBL2331288,Bioorg Med Chem Lett,2013.0,"{'bei': '23.70', 'le': '0.43', 'lle': '2.24', 'sei': '19.65'}",,CHEMBL2336360,,CHEMBL2336360,5.72,0,http://www.openphacts.org/units/Nanomolar,1871222,=,1,1,=,,IC50,nM,,1910.47,CHEMBL321,Homo sapiens,Matrix metalloproteinase-9,9606,,,IC50,nM,UO_0000065,,1910.47,,1910.47,O=C(/C=C/c1ccccc1)Nc1cccc(F)c1,intermediate
,,12701901,[],CHEMBL2338836,Inhibition of human recombinant MMP9 using succinylated gelatin as substrate incubated for 30 mins prior to substrate addition measured after 60 mins,B,,,BAO_0000190,BAO_0000357,single protein format,O=C(/C=C/c1ccccc1)Nc1ccccc1F,,,CHEMBL2331288,Bioorg Med Chem Lett,2013.0,"{'bei': '33.06', 'le': '0.61', 'lle': '4.50', 'sei': '27.41'}",,CHEMBL1998736,N-(2-FLUOROPHENYL)CINNAMAMIDE,CHEMBL1998736,7.98,0,http://www.openphacts.org/units/Nanomolar,1871221,=,1,1,=,,IC50,nM,,10.58,CHEMBL321,Homo sapiens,Matrix metalloproteinase-9,9606,,,IC50,nM,UO_0000065,,10.58,,10.58,O=C(/C=C/c1ccccc1)Nc1ccccc1F,active
,,12701902,[],CHEMBL2338836,Inhibition of human recombinant MMP9 using succinylated gelatin as substrate incubated for 30 mins prior to substrate addition measured after 60 mins,B,,,BAO_0000190,BAO_0000357,single protein format,Cc1ccc(NC(=O)/C=C/c2ccccc2)cc1,,,CHEMBL2331288,Bioorg Med Chem Lett,2013.0,"{'bei': '34.54', 'le': '0.62', 'lle': '4.55', 'sei': '28.16'}",,CHEMBL2336359,N-P-TOLYLCINNAMAMIDE,CHEMBL2336359,8.20,0,http://www.openphacts.org/units/Nanomolar,1871220,=,1,1,=,,IC50,nM,,6.38,CHEMBL321,Homo sapiens,Matrix metalloproteinase-9,9606,,,IC50,nM,UO_0000065,,6.38,,6.38,Cc1ccc(NC(=O)/C=C/c2ccccc2)cc1,active
,,12701903,[],CHEMBL2338836,Inhibition of human recombinant MMP9 using succinylated gelatin as substrate incubated for 30 mins prior to substrate addition measured after 60 mins,B,,,BAO_0000190,BAO_0000357,single protein format,Cc1cccc(NC(=O)/C=C/c2ccccc2)c1,,,CHEMBL2331288,Bioorg Med Chem Lett,2013.0,"{'bei': '24.11', 'le': '0.43', 'lle': '2.07', 'sei': '19.66'}",,CHEMBL1830130,N-M-TOLYLCINNAMAMIDE,CHEMBL1830130,5.72,0,http://www.openphacts.org/units/Nanomolar,1871219,=,1,1,=,,IC50,nM,,1896.92,CHEMBL321,Homo sapiens,Matrix metalloproteinase-9,9606,,,IC50,nM,UO_0000065,,1896.92,,1896.92,Cc1cccc(NC(=O)/C=C/c2ccccc2)c1,intermediate
,,12701904,[],CHEMBL2338836,Inhibition of human recombinant MMP9 using succinylated gelatin as substrate incubated for 30 mins prior to substrate addition measured after 60 mins,B,,,BAO_0000190,BAO_0000357,single protein format,Cc1ccccc1NC(=O)/C=C/c1ccccc1,,,CHEMBL2331288,Bioorg Med Chem Lett,2013.0,"{'bei': '34.27', 'le': '0.62', 'lle': '4.48', 'sei': '27.94'}",,CHEMBL2336358,N-O-TOLYLCINNAMAMIDE,CHEMBL2336358,8.13,0,http://www.openphacts.org/units/Nanomolar,1871218,=,1,1,=,,IC50,nM,,7.38,CHEMBL321,Homo sapiens,Matrix metalloproteinase-9,9606,,,IC50,nM,UO_0000065,,7.38,,7.38,Cc1ccccc1NC(=O)/C=C/c1ccccc1,active
,,12701905,[],CHEMBL2338836,Inhibition of human recombinant MMP9 using succinylated gelatin as substrate incubated for 30 mins prior to substrate addition measured after 60 mins,B,,,BAO_0000190,BAO_0000357,single protein format,COc1ccc(NC(=O)/C=C/c2ccccc2)cc1,,,CHEMBL2331288,Bioorg Med Chem Lett,2013.0,"{'bei': '32.40', 'le': '0.59', 'lle': '4.86', 'sei': '21.41'}",,CHEMBL2336357,N-(4-METHOXYPHENYL)CINNAMAMIDE,CHEMBL2336357,8.21,0,http://www.openphacts.org/units/Nanomolar,1871217,=,1,1,=,,IC50,nM,,6.21,CHEMBL321,Homo sapiens,Matrix metalloproteinase-9,9606,,,IC50,nM,UO_0000065,,6.21,,6.21,COc1ccc(NC(=O)/C=C/c2ccccc2)cc1,active
,,12701906,[],CHEMBL2338836,Inhibition of human recombinant MMP9 using succinylated gelatin as substrate incubated for 30 mins prior to substrate addition measured after 60 mins,B,,,BAO_0000190,BAO_0000357,single protein format,COc1cccc(NC(=O)/C=C/c2ccccc2)c1,,,CHEMBL2331288,Bioorg Med Chem Lett,2013.0,"{'bei': '22.52', 'le': '0.41', 'lle': '2.35', 'sei': '14.88'}",,CHEMBL2336356,,CHEMBL2336356,5.70,0,http://www.openphacts.org/units/Nanomolar,1871216,=,1,1,=,,IC50,nM,,1976.83,CHEMBL321,Homo sapiens,Matrix metalloproteinase-9,9606,,,IC50,nM,UO_0000065,,1976.83,,1976.83,COc1cccc(NC(=O)/C=C/c2ccccc2)c1,intermediate
,,12701907,[],CHEMBL2338836,Inhibition of human recombinant MMP9 using succinylated gelatin as substrate incubated for 30 mins prior to substrate addition measured after 60 mins,B,,,BAO_0000190,BAO_0000357,single protein format,COc1ccccc1NC(=O)/C=C/c1ccccc1,,,CHEMBL2331288,Bioorg Med Chem Lett,2013.0,"{'bei': '32.13', 'le': '0.58', 'lle': '4.79', 'sei': '21.23'}",,CHEMBL2336355,N-(2-METHOXYPHENYL)CINNAMAMIDE,CHEMBL2336355,8.14,0,http://www.openphacts.org/units/Nanomolar,1871215,=,1,1,=,,IC50,nM,,7.29,CHEMBL321,Homo sapiens,Matrix metalloproteinase-9,9606,,,IC50,nM,UO_0000065,,7.29,,7.29,COc1ccccc1NC(=O)/C=C/c1ccccc1,active
,,12701908,[],CHEMBL2338836,Inhibition of human recombinant MMP9 using succinylated gelatin as substrate incubated for 30 mins prior to substrate addition measured after 60 mins,B,,,BAO_0000190,BAO_0000357,single protein format,O=C(/C=C/c1ccccc1)Nc1ccc(O)cc1,,,CHEMBL2331288,Bioorg Med Chem Lett,2013.0,"{'bei': '34.31', 'le': '0.62', 'lle': '5.17', 'sei': '16.64'}",,CHEMBL229844,,CHEMBL229844,8.21,0,http://www.openphacts.org/units/Nanomolar,1871214,=,1,1,=,,IC50,nM,,6.19,CHEMBL321,Homo sapiens,Matrix metalloproteinase-9,9606,,,IC50,nM,UO_0000065,,6.19,,6.19,O=C(/C=C/c1ccccc1)Nc1ccc(O)cc1,active
,,12701909,[],CHEMBL2338836,Inhibition of human recombinant MMP9 using succinylated gelatin as substrate incubated for 30 mins prior to substrate addition measured after 60 mins,B,,,BAO_0000190,BAO_0000357,single protein format,O=C(/C=C/c1ccccc1)Nc1cccc(O)c1,,,CHEMBL2331288,Bioorg Med Chem Lett,2013.0,"{'bei': '24.01', 'le': '0.44', 'lle': '2.71', 'sei': '11.65'}",,CHEMBL2336354,,CHEMBL2336354,5.75,0,http://www.openphacts.org/units/Nanomolar,1871213,=,1,1,=,,IC50,nM,,1796.72,CHEMBL321,Homo sapiens,Matrix metalloproteinase-9,9606,,,IC50,nM,UO_0000065,,1796.72,,1796.72,O=C(/C=C/c1ccccc1)Nc1cccc(O)c1,intermediate
,,12701910,[],CHEMBL2338836,Inhibition of human recombinant MMP9 using succinylated gelatin as substrate incubated for 30 mins prior to substrate addition measured after 60 mins,B,,,BAO_0000190,BAO_0000357,single protein format,O=C(/C=C/c1ccccc1)Nc1ccccc1O,,,CHEMBL2331288,Bioorg Med Chem Lett,2013.0,"{'bei': '34.04', 'le': '0.62', 'lle': '5.10', 'sei': '16.51'}",,CHEMBL2336353,N-(2-HYDROXYPHENYL)CINNAMAMIDE,CHEMBL2336353,8.14,0,http://www.openphacts.org/units/Nanomolar,1871212,=,1,1,=,,IC50,nM,,7.18,CHEMBL321,Homo sapiens,Matrix metalloproteinase-9,9606,,,IC50,nM,UO_0000065,,7.18,,7.18,O=C(/C=C/c1ccccc1)Nc1ccccc1O,active
,,12701911,[],CHEMBL2338836,Inhibition of human recombinant MMP9 using succinylated gelatin as substrate incubated for 30 mins prior to substrate addition measured after 60 mins,B,,,BAO_0000190,BAO_0000357,single protein format,O=C(/C=C/c1ccccc1)NCCc1ccccc1,,,CHEMBL2331288,Bioorg Med Chem Lett,2013.0,"{'bei': '32.18', 'le': '0.58', 'lle': '5.03', 'sei': '27.79'}",,CHEMBL1305393,,CHEMBL1305393,8.09,0,http://www.openphacts.org/units/Nanomolar,1871211,=,1,1,=,,IC50,nM,,8.19,CHEMBL321,Homo sapiens,Matrix metalloproteinase-9,9606,,,IC50,nM,UO_0000065,,8.19,,8.19,O=C(/C=C/c1ccccc1)NCCc1ccccc1,active
,,12701912,[],CHEMBL2338836,Inhibition of human recombinant MMP9 using succinylated gelatin as substrate incubated for 30 mins prior to substrate addition measured after 60 mins,B,,,BAO_0000190,BAO_0000357,single protein format,O=C(/C=C/c1ccccc1)NCc1ccccc1,,,CHEMBL2331288,Bioorg Med Chem Lett,2013.0,"{'bei': '34.09', 'le': '0.61', 'lle': '5.07', 'sei': '27.80'}",,CHEMBL2336352,N-BENZYLCINNAMAMIDE,CHEMBL2336352,8.09,0,http://www.openphacts.org/units/Nanomolar,1871210,=,1,1,=,,IC50,nM,,8.13,CHEMBL321,Homo sapiens,Matrix metalloproteinase-9,9606,,,IC50,nM,UO_0000065,,8.13,,8.13,O=C(/C=C/c1ccccc1)NCc1ccccc1,active
,,12701913,[],CHEMBL2338836,Inhibition of human recombinant MMP9 using succinylated gelatin as substrate incubated for 30 mins prior to substrate addition measured after 60 mins,B,,,BAO_0000190,BAO_0000357,single protein format,O=C(/C=C/c1ccccc1)Nc1ccccc1,,,CHEMBL2331288,Bioorg Med Chem Lett,2013.0,"{'bei': '36.27', 'le': '0.65', 'lle': '4.76', 'sei': '27.83'}",,CHEMBL1830129,N-PHENYLCINNAMAMIDE,CHEMBL1830129,8.10,0,http://www.openphacts.org/units/Nanomolar,1871209,=,1,1,=,,IC50,nM,,7.98,CHEMBL321,Homo sapiens,Matrix metalloproteinase-9,9606,,,IC50,nM,UO_0000065,,7.98,,7.98,O=C(/C=C/c1ccccc1)Nc1ccccc1,active
,,12701914,[],CHEMBL2338836,Inhibition of human recombinant MMP9 using succinylated gelatin as substrate incubated for 30 mins prior to substrate addition measured after 60 mins,B,,,BAO_0000190,BAO_0000357,single protein format,O=C(/C=C/c1ccc(O)cc1)Nc1ccc(Cl)cc1,,,CHEMBL2331288,Bioorg Med Chem Lett,2013.0,"{'bei': '29.36', 'le': '0.58', 'lle': '4.34', 'sei': '16.29'}",,CHEMBL2336351,,CHEMBL2336351,8.04,0,http://www.openphacts.org/units/Nanomolar,1871208,=,1,1,=,,IC50,nM,,9.19,CHEMBL321,Homo sapiens,Matrix metalloproteinase-9,9606,,,IC50,nM,UO_0000065,,9.19,,9.19,O=C(/C=C/c1ccc(O)cc1)Nc1ccc(Cl)cc1,active
,,12701915,[],CHEMBL2338836,Inhibition of human recombinant MMP9 using succinylated gelatin as substrate incubated for 30 mins prior to substrate addition measured after 60 mins,B,,,BAO_0000190,BAO_0000357,single protein format,O=C(/C=C/c1ccc(O)cc1)Nc1cccc(Cl)c1,,,CHEMBL2331288,Bioorg Med Chem Lett,2013.0,"{'bei': '20.97', 'le': '0.41', 'lle': '2.04', 'sei': '11.64'}",,CHEMBL1830143,,CHEMBL1830143,5.74,0,http://www.openphacts.org/units/Nanomolar,1871207,=,1,1,=,,IC50,nM,,1819.27,CHEMBL321,Homo sapiens,Matrix metalloproteinase-9,9606,,,IC50,nM,UO_0000065,,1819.27,,1819.27,O=C(/C=C/c1ccc(O)cc1)Nc1cccc(Cl)c1,intermediate
,,12701916,[],CHEMBL2338836,Inhibition of human recombinant MMP9 using succinylated gelatin as substrate incubated for 30 mins prior to substrate addition measured after 60 mins,B,,,BAO_0000190,BAO_0000357,single protein format,O=C(/C=C/c1ccc(O)cc1)Nc1ccccc1Cl,,,CHEMBL2331288,Bioorg Med Chem Lett,2013.0,"{'bei': '29.34', 'le': '0.58', 'lle': '4.33', 'sei': '16.28'}",,CHEMBL2336350,,CHEMBL2336350,8.03,0,http://www.openphacts.org/units/Nanomolar,1871206,=,1,1,=,,IC50,nM,,9.34,CHEMBL321,Homo sapiens,Matrix metalloproteinase-9,9606,,,IC50,nM,UO_0000065,,9.34,,9.34,O=C(/C=C/c1ccc(O)cc1)Nc1ccccc1Cl,active
,,12701917,[],CHEMBL2338836,Inhibition of human recombinant MMP9 using succinylated gelatin as substrate incubated for 30 mins prior to substrate addition measured after 60 mins,B,,,BAO_0000190,BAO_0000357,single protein format,O=C(/C=C/c1ccc(O)cc1)Nc1ccc(F)cc1,,,CHEMBL2331288,Bioorg Med Chem Lett,2013.0,"{'bei': '31.39', 'le': '0.58', 'lle': '4.90', 'sei': '16.37'}",,CHEMBL2336349,,CHEMBL2336349,8.07,0,http://www.openphacts.org/units/Nanomolar,1871205,=,1,1,=,,IC50,nM,,8.41,CHEMBL321,Homo sapiens,Matrix metalloproteinase-9,9606,,,IC50,nM,UO_0000065,,8.41,,8.41,O=C(/C=C/c1ccc(O)cc1)Nc1ccc(F)cc1,active
,,12701918,[],CHEMBL2338836,Inhibition of human recombinant MMP9 using succinylated gelatin as substrate incubated for 30 mins prior to substrate addition measured after 60 mins,B,,,BAO_0000190,BAO_0000357,single protein format,O=C(/C=C/c1ccc(O)cc1)Nc1cccc(F)c1,,,CHEMBL2331288,Bioorg Med Chem Lett,2013.0,"{'bei': '22.50', 'le': '0.42', 'lle': '2.61', 'sei': '11.73'}",,CHEMBL2336348,,CHEMBL2336348,5.79,0,http://www.openphacts.org/units/Nanomolar,1871204,=,1,1,=,,IC50,nM,,1628.58,CHEMBL321,Homo sapiens,Matrix metalloproteinase-9,9606,,,IC50,nM,UO_0000065,,1628.58,,1628.58,O=C(/C=C/c1ccc(O)cc1)Nc1cccc(F)c1,intermediate
,,12701919,[],CHEMBL2338836,Inhibition of human recombinant MMP9 using succinylated gelatin as substrate incubated for 30 mins prior to substrate addition measured after 60 mins,B,,,BAO_0000190,BAO_0000357,single protein format,O=C(/C=C/c1ccc(O)cc1)Nc1ccccc1F,,,CHEMBL2331288,Bioorg Med Chem Lett,2013.0,"{'bei': '31.29', 'le': '0.58', 'lle': '4.87', 'sei': '16.32'}",,CHEMBL2336347,,CHEMBL2336347,8.05,0,http://www.openphacts.org/units/Nanomolar,1871203,=,1,1,=,,IC50,nM,,8.93,CHEMBL321,Homo sapiens,Matrix metalloproteinase-9,9606,,,IC50,nM,UO_0000065,,8.93,,8.93,O=C(/C=C/c1ccc(O)cc1)Nc1ccccc1F,active
,,12701920,[],CHEMBL2338836,Inhibition of human recombinant MMP9 using succinylated gelatin as substrate incubated for 30 mins prior to substrate addition measured after 60 mins,B,,,BAO_0000190,BAO_0000357,single protein format,Cc1ccc(NC(=O)/C=C/c2ccc(O)cc2)cc1,,,CHEMBL2331288,Bioorg Med Chem Lett,2013.0,"{'bei': '32.99', 'le': '0.60', 'lle': '5.01', 'sei': '16.94'}",,CHEMBL2336346,4-METHYL-(4'-HYDROXY)CINNAMANILIDE,CHEMBL2336346,8.36,0,http://www.openphacts.org/units/Nanomolar,1871202,=,1,1,=,,IC50,nM,,4.41,CHEMBL321,Homo sapiens,Matrix metalloproteinase-9,9606,,,IC50,nM,UO_0000065,,4.41,,4.41,Cc1ccc(NC(=O)/C=C/c2ccc(O)cc2)cc1,active
,,12701921,[],CHEMBL2338836,Inhibition of human recombinant MMP9 using succinylated gelatin as substrate incubated for 30 mins prior to substrate addition measured after 60 mins,B,,,BAO_0000190,BAO_0000357,single protein format,Cc1cccc(NC(=O)/C=C/c2ccc(O)cc2)c1,,,CHEMBL2331288,Bioorg Med Chem Lett,2013.0,"{'bei': '22.79', 'le': '0.41', 'lle': '2.42', 'sei': '11.70'}",,CHEMBL2336345,,CHEMBL2336345,5.77,0,http://www.openphacts.org/units/Nanomolar,1871201,=,1,1,=,,IC50,nM,,1685.93,CHEMBL321,Homo sapiens,Matrix metalloproteinase-9,9606,,,IC50,nM,UO_0000065,,1685.93,,1685.93,Cc1cccc(NC(=O)/C=C/c2ccc(O)cc2)c1,intermediate
,,12701922,[],CHEMBL2338836,Inhibition of human recombinant MMP9 using succinylated gelatin as substrate incubated for 30 mins prior to substrate addition measured after 60 mins,B,,,BAO_0000190,BAO_0000357,single protein format,Cc1ccccc1NC(=O)/C=C/c1ccc(O)cc1,,,CHEMBL2331288,Bioorg Med Chem Lett,2013.0,"{'bei': '32.47', 'le': '0.59', 'lle': '4.87', 'sei': '16.67'}",,CHEMBL2336344,,CHEMBL2336344,8.22,0,http://www.openphacts.org/units/Nanomolar,1871200,=,1,1,=,,IC50,nM,,5.97,CHEMBL321,Homo sapiens,Matrix metalloproteinase-9,9606,,,IC50,nM,UO_0000065,,5.97,,5.97,Cc1ccccc1NC(=O)/C=C/c1ccc(O)cc1,active
,,12701923,[],CHEMBL2338836,Inhibition of human recombinant MMP9 using succinylated gelatin as substrate incubated for 30 mins prior to substrate addition measured after 60 mins,B,,,BAO_0000190,BAO_0000357,single protein format,COc1ccc(NC(=O)/C=C/c2ccc(O)cc2)cc1,,,CHEMBL2331288,Bioorg Med Chem Lett,2013.0,"{'bei': '31.06', 'le': '0.57', 'lle': '5.31', 'sei': '14.28'}",,CHEMBL2336343,,CHEMBL2336343,8.37,0,http://www.openphacts.org/units/Nanomolar,1871199,=,1,1,=,,IC50,nM,,4.32,CHEMBL321,Homo sapiens,Matrix metalloproteinase-9,9606,,,IC50,nM,UO_0000065,,4.32,,4.32,COc1ccc(NC(=O)/C=C/c2ccc(O)cc2)cc1,active
,,12701924,[],CHEMBL2338836,Inhibition of human recombinant MMP9 using succinylated gelatin as substrate incubated for 30 mins prior to substrate addition measured after 60 mins,B,,,BAO_0000190,BAO_0000357,single protein format,COc1cccc(NC(=O)/C=C/c2ccc(O)cc2)c1,,,CHEMBL2331288,Bioorg Med Chem Lett,2013.0,"{'bei': '21.46', 'le': '0.39', 'lle': '2.73', 'sei': '9.87'}",,CHEMBL2336342,,CHEMBL2336342,5.78,0,http://www.openphacts.org/units/Nanomolar,1871198,=,1,1,=,,IC50,nM,,1659.85,CHEMBL321,Homo sapiens,Matrix metalloproteinase-9,9606,,,IC50,nM,UO_0000065,,1659.85,,1659.85,COc1cccc(NC(=O)/C=C/c2ccc(O)cc2)c1,intermediate
,,12701925,[],CHEMBL2338836,Inhibition of human recombinant MMP9 using succinylated gelatin as substrate incubated for 30 mins prior to substrate addition measured after 60 mins,B,,,BAO_0000190,BAO_0000357,single protein format,COc1ccccc1NC(=O)/C=C/c1ccc(O)cc1,,,CHEMBL2331288,Bioorg Med Chem Lett,2013.0,"{'bei': '30.55', 'le': '0.56', 'lle': '5.18', 'sei': '14.05'}",,CHEMBL2336341,,CHEMBL2336341,8.23,0,http://www.openphacts.org/units/Nanomolar,1871197,=,1,1,=,,IC50,nM,,5.91,CHEMBL321,Homo sapiens,Matrix metalloproteinase-9,9606,,,IC50,nM,UO_0000065,,5.91,,5.91,COc1ccccc1NC(=O)/C=C/c1ccc(O)cc1,active
,,12701926,[],CHEMBL2338836,Inhibition of human recombinant MMP9 using succinylated gelatin as substrate incubated for 30 mins prior to substrate addition measured after 60 mins,B,,,BAO_0000190,BAO_0000357,single protein format,O=C(/C=C/c1ccc(O)cc1)Nc1ccc(O)cc1,,,CHEMBL2331288,Bioorg Med Chem Lett,2013.0,"{'bei': '32.80', 'le': '0.60', 'lle': '5.62', 'sei': '12.04'}",,CHEMBL2336340,,CHEMBL2336340,8.37,0,http://www.openphacts.org/units/Nanomolar,1871196,=,1,1,=,,IC50,nM,,4.25,CHEMBL321,Homo sapiens,Matrix metalloproteinase-9,9606,,,IC50,nM,UO_0000065,,4.25,,4.25,O=C(/C=C/c1ccc(O)cc1)Nc1ccc(O)cc1,active
,,12701927,[],CHEMBL2338836,Inhibition of human recombinant MMP9 using succinylated gelatin as substrate incubated for 30 mins prior to substrate addition measured after 60 mins,B,,,BAO_0000190,BAO_0000357,single protein format,O=C(/C=C/c1ccc(O)cc1)Nc1cccc(O)c1,,,CHEMBL2331288,Bioorg Med Chem Lett,2013.0,"{'bei': '22.72', 'le': '0.42', 'lle': '3.05', 'sei': '8.34'}",,CHEMBL2336339,,CHEMBL2336339,5.80,0,http://www.openphacts.org/units/Nanomolar,1871195,=,1,1,=,,IC50,nM,,1585.79,CHEMBL321,Homo sapiens,Matrix metalloproteinase-9,9606,,,IC50,nM,UO_0000065,,1585.79,,1585.79,O=C(/C=C/c1ccc(O)cc1)Nc1cccc(O)c1,intermediate
,,12701928,[],CHEMBL2338836,Inhibition of human recombinant MMP9 using succinylated gelatin as substrate incubated for 30 mins prior to substrate addition measured after 60 mins,B,,,BAO_0000190,BAO_0000357,single protein format,O=C(/C=C/c1ccc(O)cc1)Nc1ccccc1O,,,CHEMBL2331288,Bioorg Med Chem Lett,2013.0,"{'bei': '32.26', 'le': '0.59', 'lle': '5.49', 'sei': '11.84'}",,CHEMBL2336338,,CHEMBL2336338,8.23,0,http://www.openphacts.org/units/Nanomolar,1871194,=,1,1,=,,IC50,nM,,5.82,CHEMBL321,Homo sapiens,Matrix metalloproteinase-9,9606,,,IC50,nM,UO_0000065,,5.82,,5.82,O=C(/C=C/c1ccc(O)cc1)Nc1ccccc1O,active
,,12701929,[],CHEMBL2338836,Inhibition of human recombinant MMP9 using succinylated gelatin as substrate incubated for 30 mins prior to substrate addition measured after 60 mins,B,,,BAO_0000190,BAO_0000357,single protein format,O=C(/C=C/c1ccc(O)cc1)NCCc1ccccc1,,,CHEMBL2331288,Bioorg Med Chem Lett,2013.0,"{'bei': '30.32', 'le': '0.55', 'lle': '5.35', 'sei': '16.43'}",,CHEMBL325749,,CHEMBL325749,8.11,0,http://www.openphacts.org/units/Nanomolar,1871193,=,1,1,=,,IC50,nM,,7.83,CHEMBL321,Homo sapiens,Matrix metalloproteinase-9,9606,,,IC50,nM,UO_0000065,,7.83,,7.83,O=C(/C=C/c1ccc(O)cc1)NCCc1ccccc1,active
,,12701930,[],CHEMBL2338836,Inhibition of human recombinant MMP9 using succinylated gelatin as substrate incubated for 30 mins prior to substrate addition measured after 60 mins,B,,,BAO_0000190,BAO_0000357,single protein format,O=C(/C=C/c1ccc(O)cc1)NCc1ccccc1,,,CHEMBL2331288,Bioorg Med Chem Lett,2013.0,"{'bei': '32.00', 'le': '0.58', 'lle': '5.39', 'sei': '16.43'}",,CHEMBL2336337,,CHEMBL2336337,8.11,0,http://www.openphacts.org/units/Nanomolar,1871192,=,1,1,=,,IC50,nM,,7.82,CHEMBL321,Homo sapiens,Matrix metalloproteinase-9,9606,,,IC50,nM,UO_0000065,,7.82,,7.82,O=C(/C=C/c1ccc(O)cc1)NCc1ccccc1,active
,,12701931,[],CHEMBL2338836,Inhibition of human recombinant MMP9 using succinylated gelatin as substrate incubated for 30 mins prior to substrate addition measured after 60 mins,B,,,BAO_0000190,BAO_0000357,single protein format,O=C(/C=C/c1ccc(O)cc1)Nc1ccccc1,,,CHEMBL2331288,Bioorg Med Chem Lett,2013.0,"{'bei': '33.89', 'le': '0.62', 'lle': '5.07', 'sei': '16.44'}",,CHEMBL1164826,4-HYDROXY-CINNAMANILIDE,CHEMBL1164826,8.11,0,http://www.openphacts.org/units/Nanomolar,1871191,=,1,1,=,,IC50,nM,,7.8,CHEMBL321,Homo sapiens,Matrix metalloproteinase-9,9606,,,IC50,nM,UO_0000065,,7.8,,7.8,O=C(/C=C/c1ccc(O)cc1)Nc1ccccc1,active
,,12701932,[],CHEMBL2338836,Inhibition of human recombinant MMP9 using succinylated gelatin as substrate incubated for 30 mins prior to substrate addition measured after 60 mins,B,,,BAO_0000190,BAO_0000357,single protein format,O=C(/C=C/c1cccc(O)c1)Nc1ccc(Cl)cc1,,,CHEMBL2331288,Bioorg Med Chem Lett,2013.0,"{'bei': '29.54', 'le': '0.58', 'lle': '4.39', 'sei': '16.39'}",,CHEMBL2336336,,CHEMBL2336336,8.09,0,http://www.openphacts.org/units/Nanomolar,1871190,=,1,1,=,,IC50,nM,,8.22,CHEMBL321,Homo sapiens,Matrix metalloproteinase-9,9606,,,IC50,nM,UO_0000065,,8.22,,8.22,O=C(/C=C/c1cccc(O)c1)Nc1ccc(Cl)cc1,active
,,12701933,[],CHEMBL2338836,Inhibition of human recombinant MMP9 using succinylated gelatin as substrate incubated for 30 mins prior to substrate addition measured after 60 mins,B,,,BAO_0000190,BAO_0000357,single protein format,O=C(/C=C/c1cccc(O)c1)Nc1cccc(Cl)c1,,,CHEMBL2331288,Bioorg Med Chem Lett,2013.0,"{'bei': '20.86', 'le': '0.41', 'lle': '2.01', 'sei': '11.58'}",,CHEMBL1830141,,CHEMBL1830141,5.71,0,http://www.openphacts.org/units/Nanomolar,1871189,=,1,1,=,,IC50,nM,,1948.29,CHEMBL321,Homo sapiens,Matrix metalloproteinase-9,9606,,,IC50,nM,UO_0000065,,1948.29,,1948.29,O=C(/C=C/c1cccc(O)c1)Nc1cccc(Cl)c1,intermediate
,,12701934,[],CHEMBL2338836,Inhibition of human recombinant MMP9 using succinylated gelatin as substrate incubated for 30 mins prior to substrate addition measured after 60 mins,B,,,BAO_0000190,BAO_0000357,single protein format,O=C(/C=C/c1cccc(O)c1)Nc1ccccc1Cl,,,CHEMBL2331288,Bioorg Med Chem Lett,2013.0,"{'bei': '29.52', 'le': '0.58', 'lle': '4.38', 'sei': '16.38'}",,CHEMBL2336789,,CHEMBL2336789,8.08,0,http://www.openphacts.org/units/Nanomolar,1871747,=,1,1,=,,IC50,nM,,8.32,CHEMBL321,Homo sapiens,Matrix metalloproteinase-9,9606,,,IC50,nM,UO_0000065,,8.32,,8.32,O=C(/C=C/c1cccc(O)c1)Nc1ccccc1Cl,active
,,12701935,[],CHEMBL2338836,Inhibition of human recombinant MMP9 using succinylated gelatin as substrate incubated for 30 mins prior to substrate addition measured after 60 mins,B,,,BAO_0000190,BAO_0000357,single protein format,O=C(/C=C/c1cccc(O)c1)Nc1ccc(F)cc1,,,CHEMBL2331288,Bioorg Med Chem Lett,2013.0,"{'bei': '31.52', 'le': '0.58', 'lle': '4.93', 'sei': '16.44'}",,CHEMBL2336788,,CHEMBL2336788,8.11,0,http://www.openphacts.org/units/Nanomolar,1871746,=,1,1,=,,IC50,nM,,7.79,CHEMBL321,Homo sapiens,Matrix metalloproteinase-9,9606,,,IC50,nM,UO_0000065,,7.79,,7.79,O=C(/C=C/c1cccc(O)c1)Nc1ccc(F)cc1,active
,,12701936,[],CHEMBL2338836,Inhibition of human recombinant MMP9 using succinylated gelatin as substrate incubated for 30 mins prior to substrate addition measured after 60 mins,B,,,BAO_0000190,BAO_0000357,single protein format,O=C(/C=C/c1cccc(O)c1)Nc1cccc(F)c1,,,CHEMBL2331288,Bioorg Med Chem Lett,2013.0,"{'bei': '22.28', 'le': '0.41', 'lle': '2.55', 'sei': '11.62'}",,CHEMBL2336787,,CHEMBL2336787,5.73,0,http://www.openphacts.org/units/Nanomolar,1871745,=,1,1,=,,IC50,nM,,1859.82,CHEMBL321,Homo sapiens,Matrix metalloproteinase-9,9606,,,IC50,nM,UO_0000065,,1859.82,,1859.82,O=C(/C=C/c1cccc(O)c1)Nc1cccc(F)c1,intermediate
,,12701937,[],CHEMBL2338836,Inhibition of human recombinant MMP9 using succinylated gelatin as substrate incubated for 30 mins prior to substrate addition measured after 60 mins,B,,,BAO_0000190,BAO_0000357,single protein format,O=C(/C=C/c1cccc(O)c1)Nc1ccccc1F,,,CHEMBL2331288,Bioorg Med Chem Lett,2013.0,"{'bei': '31.47', 'le': '0.58', 'lle': '4.92', 'sei': '16.41'}",,CHEMBL2336786,,CHEMBL2336786,8.10,0,http://www.openphacts.org/units/Nanomolar,1871744,=,1,1,=,,IC50,nM,,8.02,CHEMBL321,Homo sapiens,Matrix metalloproteinase-9,9606,,,IC50,nM,UO_0000065,,8.02,,8.02,O=C(/C=C/c1cccc(O)c1)Nc1ccccc1F,active
,,12701938,[],CHEMBL2338836,Inhibition of human recombinant MMP9 using succinylated gelatin as substrate incubated for 30 mins prior to substrate addition measured after 60 mins,B,,,BAO_0000190,BAO_0000357,single protein format,Cc1ccc(NC(=O)/C=C/c2cccc(O)c2)cc1,,,CHEMBL2331288,Bioorg Med Chem Lett,2013.0,"{'bei': '33.38', 'le': '0.61', 'lle': '5.10', 'sei': '17.14'}",,CHEMBL2336785,4-METHYL-(3'-HYDROXY)CINNAMANILIDE,CHEMBL2336785,8.46,0,http://www.openphacts.org/units/Nanomolar,1871743,=,1,1,=,,IC50,nM,,3.51,CHEMBL321,Homo sapiens,Matrix metalloproteinase-9,9606,,,IC50,nM,UO_0000065,,3.51,,3.51,Cc1ccc(NC(=O)/C=C/c2cccc(O)c2)cc1,active
,,12701939,[],CHEMBL2338836,Inhibition of human recombinant MMP9 using succinylated gelatin as substrate incubated for 30 mins prior to substrate addition measured after 60 mins,B,,,BAO_0000190,BAO_0000357,single protein format,Cc1cccc(NC(=O)/C=C/c2cccc(O)c2)c1,,,CHEMBL2331288,Bioorg Med Chem Lett,2013.0,"{'bei': '22.72', 'le': '0.41', 'lle': '2.40', 'sei': '11.67'}",,CHEMBL2336784,,CHEMBL2336784,5.75,0,http://www.openphacts.org/units/Nanomolar,1871742,=,1,1,=,,IC50,nM,,1758.72,CHEMBL321,Homo sapiens,Matrix metalloproteinase-9,9606,,,IC50,nM,UO_0000065,,1758.72,,1758.72,Cc1cccc(NC(=O)/C=C/c2cccc(O)c2)c1,intermediate
,,12701940,[],CHEMBL2338836,Inhibition of human recombinant MMP9 using succinylated gelatin as substrate incubated for 30 mins prior to substrate addition measured after 60 mins,B,,,BAO_0000190,BAO_0000357,single protein format,Cc1ccccc1NC(=O)/C=C/c1cccc(O)c1,,,CHEMBL2331288,Bioorg Med Chem Lett,2013.0,"{'bei': '32.48', 'le': '0.59', 'lle': '4.88', 'sei': '16.68'}",,CHEMBL2336783,,CHEMBL2336783,8.23,0,http://www.openphacts.org/units/Nanomolar,1871741,=,1,1,=,,IC50,nM,,5.91,CHEMBL321,Homo sapiens,Matrix metalloproteinase-9,9606,,,IC50,nM,UO_0000065,,5.91,,5.91,Cc1ccccc1NC(=O)/C=C/c1cccc(O)c1,active
,,12701941,[],CHEMBL2338836,Inhibition of human recombinant MMP9 using succinylated gelatin as substrate incubated for 30 mins prior to substrate addition measured after 60 mins,B,,,BAO_0000190,BAO_0000357,single protein format,COc1ccc(NC(=O)/C=C/c2cccc(O)c2)cc1,,,CHEMBL2331288,Bioorg Med Chem Lett,2013.0,"{'bei': '31.44', 'le': '0.58', 'lle': '5.42', 'sei': '14.46'}",,CHEMBL2336782,,CHEMBL2336782,8.47,0,http://www.openphacts.org/units/Nanomolar,1871740,=,1,1,=,,IC50,nM,,3.42,CHEMBL321,Homo sapiens,Matrix metalloproteinase-9,9606,,,IC50,nM,UO_0000065,,3.42,,3.42,COc1ccc(NC(=O)/C=C/c2cccc(O)c2)cc1,active
,,12701942,[],CHEMBL2338836,Inhibition of human recombinant MMP9 using succinylated gelatin as substrate incubated for 30 mins prior to substrate addition measured after 60 mins,B,,,BAO_0000190,BAO_0000357,single protein format,COc1cccc(NC(=O)/C=C/c2cccc(O)c2)c1,,,CHEMBL2331288,Bioorg Med Chem Lett,2013.0,"{'bei': '21.46', 'le': '0.39', 'lle': '2.73', 'sei': '9.87'}",,CHEMBL2336781,,CHEMBL2336781,5.78,0,http://www.openphacts.org/units/Nanomolar,1871739,=,1,1,=,,IC50,nM,,1658.63,CHEMBL321,Homo sapiens,Matrix metalloproteinase-9,9606,,,IC50,nM,UO_0000065,,1658.63,,1658.63,COc1cccc(NC(=O)/C=C/c2cccc(O)c2)c1,intermediate
,,12701943,[],CHEMBL2338836,Inhibition of human recombinant MMP9 using succinylated gelatin as substrate incubated for 30 mins prior to substrate addition measured after 60 mins,B,,,BAO_0000190,BAO_0000357,single protein format,COc1ccccc1NC(=O)/C=C/c1cccc(O)c1,,,CHEMBL2331288,Bioorg Med Chem Lett,2013.0,"{'bei': '30.58', 'le': '0.56', 'lle': '5.19', 'sei': '14.06'}",,CHEMBL2336780,,CHEMBL2336780,8.23,0,http://www.openphacts.org/units/Nanomolar,1871738,=,1,1,=,,IC50,nM,,5.82,CHEMBL321,Homo sapiens,Matrix metalloproteinase-9,9606,,,IC50,nM,UO_0000065,,5.82,,5.82,COc1ccccc1NC(=O)/C=C/c1cccc(O)c1,active
,,12701944,[],CHEMBL2338836,Inhibition of human recombinant MMP9 using succinylated gelatin as substrate incubated for 30 mins prior to substrate addition measured after 60 mins,B,,,BAO_0000190,BAO_0000357,single protein format,O=C(/C=C/c1cccc(O)c1)Nc1ccc(O)cc1,,,CHEMBL2331288,Bioorg Med Chem Lett,2013.0,"{'bei': '33.19', 'le': '0.61', 'lle': '5.72', 'sei': '12.18'}",,CHEMBL2336779,,CHEMBL2336779,8.47,0,http://www.openphacts.org/units/Nanomolar,1871737,=,1,1,=,,IC50,nM,,3.37,CHEMBL321,Homo sapiens,Matrix metalloproteinase-9,9606,,,IC50,nM,UO_0000065,,3.37,,3.37,O=C(/C=C/c1cccc(O)c1)Nc1ccc(O)cc1,active
,,12701945,[],CHEMBL2338836,Inhibition of human recombinant MMP9 using succinylated gelatin as substrate incubated for 30 mins prior to substrate addition measured after 60 mins,B,,,BAO_0000190,BAO_0000357,single protein format,O=C(/C=C/c1cccc(O)c1)Nc1cccc(O)c1,,,CHEMBL2331288,Bioorg Med Chem Lett,2013.0,"{'bei': '22.75', 'le': '0.42', 'lle': '3.06', 'sei': '8.35'}",,CHEMBL2336366,,CHEMBL2336366,5.81,0,http://www.openphacts.org/units/Nanomolar,1871244,=,1,1,=,,IC50,nM,,1561.56,CHEMBL321,Homo sapiens,Matrix metalloproteinase-9,9606,,,IC50,nM,UO_0000065,,1561.56,,1561.56,O=C(/C=C/c1cccc(O)c1)Nc1cccc(O)c1,intermediate
,,12701946,[],CHEMBL2338836,Inhibition of human recombinant MMP9 using succinylated gelatin as substrate incubated for 30 mins prior to substrate addition measured after 60 mins,B,,,BAO_0000190,BAO_0000357,single protein format,O=C(/C=C/c1cccc(O)c1)Nc1ccccc1O,,,CHEMBL2331288,Bioorg Med Chem Lett,2013.0,"{'bei': '32.29', 'le': '0.59', 'lle': '5.49', 'sei': '11.85'}",,CHEMBL2336365,,CHEMBL2336365,8.24,0,http://www.openphacts.org/units/Nanomolar,1871243,=,1,1,=,,IC50,nM,,5.71,CHEMBL321,Homo sapiens,Matrix metalloproteinase-9,9606,,,IC50,nM,UO_0000065,,5.71,,5.71,O=C(/C=C/c1cccc(O)c1)Nc1ccccc1O,active
,,12701947,[],CHEMBL2338836,Inhibition of human recombinant MMP9 using succinylated gelatin as substrate incubated for 30 mins prior to substrate addition measured after 60 mins,B,,,BAO_0000190,BAO_0000357,single protein format,O=C(/C=C/c1cccc(O)c1)NCCc1ccccc1,,,CHEMBL2331288,Bioorg Med Chem Lett,2013.0,"{'bei': '30.37', 'le': '0.55', 'lle': '5.36', 'sei': '16.46'}",,CHEMBL2336364,,CHEMBL2336364,8.12,0,http://www.openphacts.org/units/Nanomolar,1871242,=,1,1,=,,IC50,nM,,7.63,CHEMBL321,Homo sapiens,Matrix metalloproteinase-9,9606,,,IC50,nM,UO_0000065,,7.63,,7.63,O=C(/C=C/c1cccc(O)c1)NCCc1ccccc1,active
,,12701948,[],CHEMBL2338836,Inhibition of human recombinant MMP9 using succinylated gelatin as substrate incubated for 30 mins prior to substrate addition measured after 60 mins,B,,,BAO_0000190,BAO_0000357,single protein format,O=C(/C=C/c1cccc(O)c1)NCc1ccccc1,,,CHEMBL2331288,Bioorg Med Chem Lett,2013.0,"{'bei': '32.06', 'le': '0.58', 'lle': '5.40', 'sei': '16.46'}",,CHEMBL2336363,,CHEMBL2336363,8.12,0,http://www.openphacts.org/units/Nanomolar,1871241,=,1,1,=,,IC50,nM,,7.57,CHEMBL321,Homo sapiens,Matrix metalloproteinase-9,9606,,,IC50,nM,UO_0000065,,7.57,,7.57,O=C(/C=C/c1cccc(O)c1)NCc1ccccc1,active
,,12701949,[],CHEMBL2338836,Inhibition of human recombinant MMP9 using succinylated gelatin as substrate incubated for 30 mins prior to substrate addition measured after 60 mins,B,,,BAO_0000190,BAO_0000357,single protein format,O=C(/C=C/c1cccc(O)c1)Nc1ccccc1,,,CHEMBL2331288,Bioorg Med Chem Lett,2013.0,"{'bei': '33.95', 'le': '0.62', 'lle': '5.08', 'sei': '16.47'}",,CHEMBL2336362,3-HYDROXY-CINNAMANILIDE,CHEMBL2336362,8.12,0,http://www.openphacts.org/units/Nanomolar,1871240,=,1,1,=,,IC50,nM,,7.52,CHEMBL321,Homo sapiens,Matrix metalloproteinase-9,9606,,,IC50,nM,UO_0000065,,7.52,,7.52,O=C(/C=C/c1cccc(O)c1)Nc1ccccc1,active
,,12701950,[],CHEMBL2338836,Inhibition of human recombinant MMP9 using succinylated gelatin as substrate incubated for 30 mins prior to substrate addition measured after 60 mins,B,,,BAO_0000190,BAO_0000357,single protein format,O=C(/C=C/c1ccc(O)c(O)c1)Nc1ccc(Cl)cc1,,,CHEMBL2331288,Bioorg Med Chem Lett,2013.0,"{'bei': '27.97', 'le': '0.55', 'lle': '4.70', 'sei': '11.65'}",,CHEMBL1165150,,CHEMBL1165150,8.10,0,http://www.openphacts.org/units/Nanomolar,1871239,=,1,1,=,,IC50,nM,,7.89,CHEMBL321,Homo sapiens,Matrix metalloproteinase-9,9606,,,IC50,nM,UO_0000065,,7.89,,7.89,O=C(/C=C/c1ccc(O)c(O)c1)Nc1ccc(Cl)cc1,active
,,12701951,[],CHEMBL2338836,Inhibition of human recombinant MMP9 using succinylated gelatin as substrate incubated for 30 mins prior to substrate addition measured after 60 mins,B,,,BAO_0000190,BAO_0000357,single protein format,O=C(/C=C/c1ccc(O)c(O)c1)Nc1cccc(Cl)c1,,,CHEMBL2331288,Bioorg Med Chem Lett,2013.0,"{'bei': '19.73', 'le': '0.39', 'lle': '2.32', 'sei': '8.22'}",,CHEMBL1164630,,CHEMBL1164630,5.72,0,http://www.openphacts.org/units/Nanomolar,1871238,=,1,1,=,,IC50,nM,,1921.13,CHEMBL321,Homo sapiens,Matrix metalloproteinase-9,9606,,,IC50,nM,UO_0000065,,1921.13,,1921.13,O=C(/C=C/c1ccc(O)c(O)c1)Nc1cccc(Cl)c1,intermediate
,,12701952,[],CHEMBL2338836,Inhibition of human recombinant MMP9 using succinylated gelatin as substrate incubated for 30 mins prior to substrate addition measured after 60 mins,B,,,BAO_0000190,BAO_0000357,single protein format,O=C(/C=C/c1ccc(O)c(O)c1)Nc1ccccc1Cl,,,CHEMBL2331288,Bioorg Med Chem Lett,2013.0,"{'bei': '27.91', 'le': '0.55', 'lle': '4.69', 'sei': '11.63'}",,CHEMBL1163867,,CHEMBL1163867,8.09,0,http://www.openphacts.org/units/Nanomolar,1871237,=,1,1,=,,IC50,nM,,8.19,CHEMBL321,Homo sapiens,Matrix metalloproteinase-9,9606,,,IC50,nM,UO_0000065,,8.19,,8.19,O=C(/C=C/c1ccc(O)c(O)c1)Nc1ccccc1Cl,active
,,12701953,[],CHEMBL2338836,Inhibition of human recombinant MMP9 using succinylated gelatin as substrate incubated for 30 mins prior to substrate addition measured after 60 mins,B,,,BAO_0000190,BAO_0000357,single protein format,O=C(/C=C/c1ccc(O)c(O)c1)Nc1ccc(F)cc1,,,CHEMBL2331288,Bioorg Med Chem Lett,2013.0,"{'bei': '29.78', 'le': '0.56', 'lle': '5.25', 'sei': '11.70'}",,CHEMBL1163444,,CHEMBL1163444,8.14,0,http://www.openphacts.org/units/Nanomolar,1871236,=,1,1,=,,IC50,nM,,7.29,CHEMBL321,Homo sapiens,Matrix metalloproteinase-9,9606,,,IC50,nM,UO_0000065,,7.29,,7.29,O=C(/C=C/c1ccc(O)c(O)c1)Nc1ccc(F)cc1,active
,,12701954,[],CHEMBL2338836,Inhibition of human recombinant MMP9 using succinylated gelatin as substrate incubated for 30 mins prior to substrate addition measured after 60 mins,B,,,BAO_0000190,BAO_0000357,single protein format,O=C(/C=C/c1ccc(O)c(O)c1)Nc1cccc(F)c1,,,CHEMBL2331288,Bioorg Med Chem Lett,2013.0,"{'bei': '20.96', 'le': '0.39', 'lle': '2.84', 'sei': '8.23'}",,CHEMBL1163869,,CHEMBL1163869,5.73,0,http://www.openphacts.org/units/Nanomolar,1871235,=,1,1,=,,IC50,nM,,1869.59,CHEMBL321,Homo sapiens,Matrix metalloproteinase-9,9606,,,IC50,nM,UO_0000065,,1869.59,,1869.59,O=C(/C=C/c1ccc(O)c(O)c1)Nc1cccc(F)c1,intermediate
,,12701955,[],CHEMBL2338836,Inhibition of human recombinant MMP9 using succinylated gelatin as substrate incubated for 30 mins prior to substrate addition measured after 60 mins,B,,,BAO_0000190,BAO_0000357,single protein format,O=C(/C=C/c1ccc(O)c(O)c1)Nc1ccccc1F,,,CHEMBL2331288,Bioorg Med Chem Lett,2013.0,"{'bei': '29.67', 'le': '0.55', 'lle': '5.22', 'sei': '11.66'}",,CHEMBL1165574,,CHEMBL1165574,8.11,0,http://www.openphacts.org/units/Nanomolar,1871234,=,1,1,=,,IC50,nM,,7.81,CHEMBL321,Homo sapiens,Matrix metalloproteinase-9,9606,,,IC50,nM,UO_0000065,,7.81,,7.81,O=C(/C=C/c1ccc(O)c(O)c1)Nc1ccccc1F,active
,,12701956,[],CHEMBL2338836,Inhibition of human recombinant MMP9 using succinylated gelatin as substrate incubated for 30 mins prior to substrate addition measured after 60 mins,B,,,BAO_0000190,BAO_0000357,single protein format,Cc1ccc(NC(=O)/C=C/c2ccc(O)c(O)c2)cc1,,,CHEMBL2331288,Bioorg Med Chem Lett,2013.0,"{'bei': '31.34', 'le': '0.58', 'lle': '5.38', 'sei': '12.13'}",,CHEMBL1165106,,CHEMBL1165106,8.44,0,http://www.openphacts.org/units/Nanomolar,1871233,=,1,1,=,,IC50,nM,,3.64,CHEMBL321,Homo sapiens,Matrix metalloproteinase-9,9606,,,IC50,nM,UO_0000065,,3.64,,3.64,Cc1ccc(NC(=O)/C=C/c2ccc(O)c(O)c2)cc1,active
,,12701957,[],CHEMBL2338836,Inhibition of human recombinant MMP9 using succinylated gelatin as substrate incubated for 30 mins prior to substrate addition measured after 60 mins,B,,,BAO_0000190,BAO_0000357,single protein format,Cc1cccc(NC(=O)/C=C/c2ccc(O)c(O)c2)c1,,,CHEMBL2331288,Bioorg Med Chem Lett,2013.0,"{'bei': '21.37', 'le': '0.39', 'lle': '2.70', 'sei': '8.27'}",,CHEMBL1165241,,CHEMBL1165241,5.76,0,http://www.openphacts.org/units/Nanomolar,1871232,=,1,1,=,,IC50,nM,,1753.85,CHEMBL321,Homo sapiens,Matrix metalloproteinase-9,9606,,,IC50,nM,UO_0000065,,1753.85,,1753.85,Cc1cccc(NC(=O)/C=C/c2ccc(O)c(O)c2)c1,intermediate
,,12701958,[],CHEMBL2338836,Inhibition of human recombinant MMP9 using succinylated gelatin as substrate incubated for 30 mins prior to substrate addition measured after 60 mins,B,,,BAO_0000190,BAO_0000357,single protein format,Cc1ccccc1NC(=O)/C=C/c1ccc(O)c(O)c1,,,CHEMBL2331288,Bioorg Med Chem Lett,2013.0,"{'bei': '30.55', 'le': '0.56', 'lle': '5.17', 'sei': '11.83'}",,CHEMBL1165152,,CHEMBL1165152,8.23,0,http://www.openphacts.org/units/Nanomolar,1871231,=,1,1,=,,IC50,nM,,5.91,CHEMBL321,Homo sapiens,Matrix metalloproteinase-9,9606,,,IC50,nM,UO_0000065,,5.91,,5.91,Cc1ccccc1NC(=O)/C=C/c1ccc(O)c(O)c1,active
,,12701959,[],CHEMBL2338836,Inhibition of human recombinant MMP9 using succinylated gelatin as substrate incubated for 30 mins prior to substrate addition measured after 60 mins,B,,,BAO_0000190,BAO_0000357,single protein format,COc1ccc(NC(=O)/C=C/c2ccc(O)c(O)c2)cc1,,,CHEMBL2331288,Bioorg Med Chem Lett,2013.0,"{'bei': '29.71', 'le': '0.55', 'lle': '5.72', 'sei': '10.76'}",,CHEMBL1163455,,CHEMBL1163455,8.48,0,http://www.openphacts.org/units/Nanomolar,1871230,=,1,1,=,,IC50,nM,,3.33,CHEMBL321,Homo sapiens,Matrix metalloproteinase-9,9606,,,IC50,nM,UO_0000065,,3.33,,3.33,COc1ccc(NC(=O)/C=C/c2ccc(O)c(O)c2)cc1,active
,,12701960,[],CHEMBL2338836,Inhibition of human recombinant MMP9 using succinylated gelatin as substrate incubated for 30 mins prior to substrate addition measured after 60 mins,B,,,BAO_0000190,BAO_0000357,single protein format,COc1cccc(NC(=O)/C=C/c2ccc(O)c(O)c2)c1,,,CHEMBL2331288,Bioorg Med Chem Lett,2013.0,"{'bei': '20.28', 'le': '0.38', 'lle': '3.03', 'sei': '7.35'}",,CHEMBL1163454,,CHEMBL1163454,5.79,0,http://www.openphacts.org/units/Nanomolar,1871229,=,1,1,=,,IC50,nM,,1632.42,CHEMBL321,Homo sapiens,Matrix metalloproteinase-9,9606,,,IC50,nM,UO_0000065,,1632.42,,1632.42,COc1cccc(NC(=O)/C=C/c2ccc(O)c(O)c2)c1,intermediate
,,12701961,[],CHEMBL2338836,Inhibition of human recombinant MMP9 using succinylated gelatin as substrate incubated for 30 mins prior to substrate addition measured after 60 mins,B,,,BAO_0000190,BAO_0000357,single protein format,COc1ccccc1NC(=O)/C=C/c1ccc(O)c(O)c1,,,CHEMBL2331288,Bioorg Med Chem Lett,2013.0,"{'bei': '28.90', 'le': '0.54', 'lle': '5.49', 'sei': '10.47'}",,CHEMBL1165627,,CHEMBL1165627,8.25,0,http://www.openphacts.org/units/Nanomolar,1871228,=,1,1,=,,IC50,nM,,5.67,CHEMBL321,Homo sapiens,Matrix metalloproteinase-9,9606,,,IC50,nM,UO_0000065,,5.67,,5.67,COc1ccccc1NC(=O)/C=C/c1ccc(O)c(O)c1,active
,,12701962,[],CHEMBL2338836,Inhibition of human recombinant MMP9 using succinylated gelatin as substrate incubated for 30 mins prior to substrate addition measured after 60 mins,B,,,BAO_0000190,BAO_0000357,single protein format,O=C(/C=C/c1ccc(O)c(O)c1)Nc1ccc(O)cc1,,,CHEMBL2331288,Bioorg Med Chem Lett,2013.0,"{'bei': '31.81', 'le': '0.59', 'lle': '6.17', 'sei': '9.61'}",,CHEMBL69803,,CHEMBL69803,8.63,0,http://www.openphacts.org/units/Nanomolar,1871227,=,1,1,=,,IC50,nM,,2.35,CHEMBL321,Homo sapiens,Matrix metalloproteinase-9,9606,,,IC50,nM,UO_0000065,,2.35,,2.35,O=C(/C=C/c1ccc(O)c(O)c1)Nc1ccc(O)cc1,active
,,12701963,[],CHEMBL2338836,Inhibition of human recombinant MMP9 using succinylated gelatin as substrate incubated for 30 mins prior to substrate addition measured after 60 mins,B,,,BAO_0000190,BAO_0000357,single protein format,O=C(/C=C/c1ccc(O)c(O)c1)Nc1cccc(O)c1,,,CHEMBL2331288,Bioorg Med Chem Lett,2013.0,"{'bei': '21.32', 'le': '0.40', 'lle': '3.32', 'sei': '6.44'}",,CHEMBL68427,,CHEMBL68427,5.79,0,http://www.openphacts.org/units/Nanomolar,1871226,=,1,1,=,,IC50,nM,,1642.27,CHEMBL321,Homo sapiens,Matrix metalloproteinase-9,9606,,,IC50,nM,UO_0000065,,1642.27,,1642.27,O=C(/C=C/c1ccc(O)c(O)c1)Nc1cccc(O)c1,intermediate
,,12701964,[],CHEMBL2338836,Inhibition of human recombinant MMP9 using succinylated gelatin as substrate incubated for 30 mins prior to substrate addition measured after 60 mins,B,,,BAO_0000190,BAO_0000357,single protein format,O=C(/C=C/c1ccc(O)c(O)c1)Nc1ccccc1O,,,CHEMBL2331288,Bioorg Med Chem Lett,2013.0,"{'bei': '30.51', 'le': '0.57', 'lle': '5.82', 'sei': '9.22'}",,CHEMBL421295,,CHEMBL421295,8.28,0,http://www.openphacts.org/units/Nanomolar,1871225,=,1,1,=,,IC50,nM,,5.28,CHEMBL321,Homo sapiens,Matrix metalloproteinase-9,9606,,,IC50,nM,UO_0000065,,5.28,,5.28,O=C(/C=C/c1ccc(O)c(O)c1)Nc1ccccc1O,active
,,12701965,[],CHEMBL2338836,Inhibition of human recombinant MMP9 using succinylated gelatin as substrate incubated for 30 mins prior to substrate addition measured after 60 mins,B,,,BAO_0000190,BAO_0000357,single protein format,O=C(/C=C/c1ccc(O)c(O)c1)NCCc1ccccc1,,,CHEMBL2331288,Bioorg Med Chem Lett,2013.0,"{'bei': '28.72', 'le': '0.53', 'lle': '5.67', 'sei': '11.70'}",,CHEMBL67498,CAFFEIC ACID PHENETHYL AMIDE,CHEMBL67498,8.14,0,http://www.openphacts.org/units/Nanomolar,1871750,=,1,1,=,,IC50,nM,,7.28,CHEMBL321,Homo sapiens,Matrix metalloproteinase-9,9606,,,IC50,nM,UO_0000065,,7.28,,7.28,O=C(/C=C/c1ccc(O)c(O)c1)NCCc1ccccc1,active
,,12701966,[],CHEMBL2338836,Inhibition of human recombinant MMP9 using succinylated gelatin as substrate incubated for 30 mins prior to substrate addition measured after 60 mins,B,,,BAO_0000190,BAO_0000357,single protein format,O=C(/C=C/c1ccc(O)c(O)c1)NCc1ccccc1,,,CHEMBL2331288,Bioorg Med Chem Lett,2013.0,"{'bei': '30.23', 'le': '0.56', 'lle': '5.71', 'sei': '11.70'}",,CHEMBL67291,,CHEMBL67291,8.14,0,http://www.openphacts.org/units/Nanomolar,1871749,=,1,1,=,,IC50,nM,,7.25,CHEMBL321,Homo sapiens,Matrix metalloproteinase-9,9606,,,IC50,nM,UO_0000065,,7.25,,7.25,O=C(/C=C/c1ccc(O)c(O)c1)NCc1ccccc1,active
,,12701967,[],CHEMBL2338836,Inhibition of human recombinant MMP9 using succinylated gelatin as substrate incubated for 30 mins prior to substrate addition measured after 60 mins,B,,,BAO_0000190,BAO_0000357,single protein format,O=C(/C=C/c1ccc(O)c(O)c1)Nc1ccccc1,,,CHEMBL2331288,Bioorg Med Chem Lett,2013.0,"{'bei': '31.91', 'le': '0.59', 'lle': '5.40', 'sei': '11.71'}",,CHEMBL275362,,CHEMBL275362,8.15,0,http://www.openphacts.org/units/Nanomolar,1871748,=,1,1,=,,IC50,nM,,7.14,CHEMBL321,Homo sapiens,Matrix metalloproteinase-9,9606,,,IC50,nM,UO_0000065,,7.14,,7.14,O=C(/C=C/c1ccc(O)c(O)c1)Nc1ccccc1,active
,,12703954,[],CHEMBL2341927,Inhibition of MMP9 (unknown origin),B,,,BAO_0000190,BAO_0000357,single protein format,O=C(NO)C1c2ccc(O)cc2CCN1S(=O)(=O)c1ccc([N+](=O)[O-])cc1,,,CHEMBL2331497,Eur J Med Chem,2013.0,"{'bei': '24.41', 'le': '0.49', 'lle': '8.51', 'sei': '6.40'}",,CHEMBL147489,,CHEMBL147489,9.60,0,http://www.openphacts.org/units/Nanomolar,1872189,=,1,1,=,,IC50,nM,,0.25,CHEMBL321,Homo sapiens,Matrix metalloproteinase-9,9606,,,IC50,nM,UO_0000065,,0.25,,0.25,O=C(NO)C1c2ccc(O)cc2CCN1S(=O)(=O)c1ccc([N+](=O)[O-])cc1,active
,,12703964,[],CHEMBL2341927,Inhibition of MMP9 (unknown origin),B,,,BAO_0000190,BAO_0000357,single protein format,COc1ccc(S(=O)(=O)N(CC(=O)NO)CC(C)C)cc1,,,CHEMBL2331497,Eur J Med Chem,2013.0,"{'bei': '23.61', 'le': '0.49', 'lle': '6.62', 'sei': '7.78'}",,CHEMBL311932,,CHEMBL311932,7.47,0,http://www.openphacts.org/units/Nanomolar,1872179,=,1,1,=,,IC50,nM,,34.0,CHEMBL321,Homo sapiens,Matrix metalloproteinase-9,9606,,,IC50,nM,UO_0000065,,34.0,,34.0,COc1ccc(S(=O)(=O)N(CC(=O)NO)CC(C)C)cc1,active
,,12703967,[],CHEMBL2339483,Inhibition of human recombinant MMP9 using (7-amino-4-methyl-coumarin)-Pro-Leu-Gly-Leu-(dinitrophenylamine)-Ala-Arg- NH2 as substrate by fluorimetric analysis,B,,,BAO_0000190,BAO_0000357,single protein format,CC(C)(NS(=O)(=O)c1ccc(Oc2ccc(F)cc2)cc1)C(=O)NO,,,CHEMBL2331497,Eur J Med Chem,2013.0,"{'bei': '21.41', 'le': '0.43', 'lle': '5.71', 'sei': '7.53'}",,CHEMBL323612,,CHEMBL323612,7.89,0,http://www.openphacts.org/units/Nanomolar,1872176,=,1,1,=,,IC50,nM,,13.0,CHEMBL321,Homo sapiens,Matrix metalloproteinase-9,9606,,,IC50,nM,UO_0000065,,13.0,,13.0,CC(C)(NS(=O)(=O)c1ccc(Oc2ccc(F)cc2)cc1)C(=O)NO,active
,,13317893,[],CHEMBL2388298,Inhibition of human full length MMP9 using Mca-Pro-Leu-Gly-Leu-Dpa(Dnp)-Ala-Arg-NH2 as substrate measured up to 120 mins by fluorescence assay,B,,,BAO_0000190,BAO_0000357,single protein format,COc1ccc(Oc2ccc(S(=O)(=O)N[C@H](Cc3c[nH]c4ccccc34)C(=O)O)cc2)cc1,,,CHEMBL2385031,J Med Chem,2013.0,"{'bei': '15.00', 'le': '0.29', 'lle': '3.06', 'sei': '5.95'}",,CHEMBL2385451,,CHEMBL2385451,7.00,0,http://www.openphacts.org/units/Nanomolar,1895612,=,1,1,=,,IC50,nM,,100.0,CHEMBL321,Homo sapiens,Matrix metalloproteinase-9,9606,,,IC50,nM,UO_0000065,,100.0,,100.0,COc1ccc(Oc2ccc(S(=O)(=O)N[C@H](Cc3c[nH]c4ccccc34)C(=O)O)cc2)cc1,active
,,13317894,[],CHEMBL2388298,Inhibition of human full length MMP9 using Mca-Pro-Leu-Gly-Leu-Dpa(Dnp)-Ala-Arg-NH2 as substrate measured up to 120 mins by fluorescence assay,B,,,BAO_0000190,BAO_0000357,single protein format,COc1ccc(-c2ccc(S(=O)(=O)N[C@H](Cc3c[nH]c4ccccc34)C(=O)O)cc2)cc1,,,CHEMBL2385031,J Med Chem,2013.0,"{'bei': '16.76', 'le': '0.32', 'lle': '3.73', 'sei': '6.96'}",,CHEMBL157704,,CHEMBL157704,7.55,0,http://www.openphacts.org/units/Nanomolar,1895611,=,1,1,=,,IC50,nM,,28.0,CHEMBL321,Homo sapiens,Matrix metalloproteinase-9,9606,,,IC50,nM,UO_0000065,,28.0,,28.0,COc1ccc(-c2ccc(S(=O)(=O)N[C@H](Cc3c[nH]c4ccccc34)C(=O)O)cc2)cc1,active
,,13317895,[],CHEMBL2388298,Inhibition of human full length MMP9 using Mca-Pro-Leu-Gly-Leu-Dpa(Dnp)-Ala-Arg-NH2 as substrate measured up to 120 mins by fluorescence assay,B,,,BAO_0000190,BAO_0000357,single protein format,O=C(O)[C@@H](Cc1c[nH]c2ccccc12)NS(=O)(=O)c1ccc(-c2ccc(Cl)cc2)cc1,,,CHEMBL2385031,J Med Chem,2013.0,"{'bei': '14.59', 'le': '0.29', 'lle': '2.18', 'sei': '6.69'}",,CHEMBL2385450,,CHEMBL2385450,6.64,0,http://www.openphacts.org/units/Nanomolar,1895610,=,1,1,=,,IC50,nM,,230.0,CHEMBL321,Homo sapiens,Matrix metalloproteinase-9,9606,,,IC50,nM,UO_0000065,,230.0,,230.0,O=C(O)[C@@H](Cc1c[nH]c2ccccc12)NS(=O)(=O)c1ccc(-c2ccc(Cl)cc2)cc1,active
,,13317896,[],CHEMBL2388298,Inhibition of human full length MMP9 using Mca-Pro-Leu-Gly-Leu-Dpa(Dnp)-Ala-Arg-NH2 as substrate measured up to 120 mins by fluorescence assay,B,,,BAO_0000190,BAO_0000357,single protein format,O=C(Nc1ccc(S(=O)(=O)N[C@H](Cc2c[nH]c3ccccc23)C(=O)O)cc1)c1cc(F)ccn1,,,CHEMBL2385031,J Med Chem,2013.0,"{'bei': '15.38', 'le': '0.30', 'lle': '4.49', 'sei': '5.25'}",,CHEMBL2385449,,CHEMBL2385449,7.42,0,http://www.openphacts.org/units/Nanomolar,1895609,=,1,1,=,,IC50,nM,,38.0,CHEMBL321,Homo sapiens,Matrix metalloproteinase-9,9606,,,IC50,nM,UO_0000065,,38.0,,38.0,O=C(Nc1ccc(S(=O)(=O)N[C@H](Cc2c[nH]c3ccccc23)C(=O)O)cc1)c1cc(F)ccn1,active
,,13317898,[],CHEMBL2388298,Inhibition of human full length MMP9 using Mca-Pro-Leu-Gly-Leu-Dpa(Dnp)-Ala-Arg-NH2 as substrate measured up to 120 mins by fluorescence assay,B,,,BAO_0000190,BAO_0000357,single protein format,O=C(Nc1ccc(S(=O)(=O)N[C@H](Cc2c[nH]c3ccccc23)C(=O)O)cc1)c1ccc(F)nc1,,,CHEMBL2385031,J Med Chem,2013.0,"{'bei': '16.10', 'le': '0.31', 'lle': '4.84', 'sei': '5.50'}",,CHEMBL2385447,,CHEMBL2385447,7.77,0,http://www.openphacts.org/units/Nanomolar,1895607,=,1,1,=,,IC50,nM,,17.0,CHEMBL321,Homo sapiens,Matrix metalloproteinase-9,9606,,,IC50,nM,UO_0000065,,17.0,,17.0,O=C(Nc1ccc(S(=O)(=O)N[C@H](Cc2c[nH]c3ccccc23)C(=O)O)cc1)c1ccc(F)nc1,active
,,13317899,[],CHEMBL2388298,Inhibition of human full length MMP9 using Mca-Pro-Leu-Gly-Leu-Dpa(Dnp)-Ala-Arg-NH2 as substrate measured up to 120 mins by fluorescence assay,B,,,BAO_0000190,BAO_0000357,single protein format,O=C(Nc1ccc(S(=O)(=O)N[C@H](Cc2c[nH]c3ccccc23)C(=O)O)cc1)c1ccnc(F)c1,,,CHEMBL2385031,J Med Chem,2013.0,"{'bei': '14.73', 'le': '0.29', 'lle': '4.18', 'sei': '5.03'}",,CHEMBL2385446,,CHEMBL2385446,7.11,0,http://www.openphacts.org/units/Nanomolar,1895606,=,1,1,=,,IC50,nM,,78.0,CHEMBL321,Homo sapiens,Matrix metalloproteinase-9,9606,,,IC50,nM,UO_0000065,,78.0,,78.0,O=C(Nc1ccc(S(=O)(=O)N[C@H](Cc2c[nH]c3ccccc23)C(=O)O)cc1)c1ccnc(F)c1,active
,,13317900,[],CHEMBL2388298,Inhibition of human full length MMP9 using Mca-Pro-Leu-Gly-Leu-Dpa(Dnp)-Ala-Arg-NH2 as substrate measured up to 120 mins by fluorescence assay,B,,,BAO_0000190,BAO_0000357,single protein format,CC(C)COc1ccc(C(=O)Nc2ccc(S(=O)(=O)N[C@H](Cc3c[nH]c4ccccc34)C(=O)O)cc2)cc1,,,CHEMBL2385031,J Med Chem,2013.0,"{'bei': '11.83', 'le': '0.23', 'lle': '1.91', 'sei': '4.61'}",,CHEMBL2385445,,CHEMBL2385445,6.34,0,http://www.openphacts.org/units/Nanomolar,1895605,=,1,1,=,,IC50,nM,,460.0,CHEMBL321,Homo sapiens,Matrix metalloproteinase-9,9606,,,IC50,nM,UO_0000065,,460.0,,460.0,CC(C)COc1ccc(C(=O)Nc2ccc(S(=O)(=O)N[C@H](Cc3c[nH]c4ccccc34)C(=O)O)cc2)cc1,active
,,13317901,[],CHEMBL2388298,Inhibition of human full length MMP9 using Mca-Pro-Leu-Gly-Leu-Dpa(Dnp)-Ala-Arg-NH2 as substrate measured up to 120 mins by fluorescence assay,B,,,BAO_0000190,BAO_0000357,single protein format,CC(C)Oc1ccc(C(=O)Nc2ccc(S(=O)(=O)N[C@H](Cc3c[nH]c4ccccc34)C(=O)O)cc2)cc1,,,CHEMBL2385031,J Med Chem,2013.0,"{'bei': '13.45', 'le': '0.26', 'lle': '2.83', 'sei': '5.10'}",,CHEMBL2385444,,CHEMBL2385444,7.01,0,http://www.openphacts.org/units/Nanomolar,1895604,=,1,1,=,,IC50,nM,,97.0,CHEMBL321,Homo sapiens,Matrix metalloproteinase-9,9606,,,IC50,nM,UO_0000065,,97.0,,97.0,CC(C)Oc1ccc(C(=O)Nc2ccc(S(=O)(=O)N[C@H](Cc3c[nH]c4ccccc34)C(=O)O)cc2)cc1,active
,,13317902,[],CHEMBL2388298,Inhibition of human full length MMP9 using Mca-Pro-Leu-Gly-Leu-Dpa(Dnp)-Ala-Arg-NH2 as substrate measured up to 120 mins by fluorescence assay,B,,,BAO_0000190,BAO_0000357,single protein format,O=C(Nc1ccc(S(=O)(=O)N[C@H](Cc2c[nH]c3ccccc23)C(=O)O)cc1)c1ccc(OC(F)(F)F)cc1,,,CHEMBL2385031,J Med Chem,2013.0,"{'bei': '14.02', 'le': '0.28', 'lle': '3.39', 'sei': '5.58'}",,CHEMBL2385084,,CHEMBL2385084,7.68,0,http://www.openphacts.org/units/Nanomolar,1895603,=,1,1,=,,IC50,nM,,21.0,CHEMBL321,Homo sapiens,Matrix metalloproteinase-9,9606,,,IC50,nM,UO_0000065,,21.0,,21.0,O=C(Nc1ccc(S(=O)(=O)N[C@H](Cc2c[nH]c3ccccc23)C(=O)O)cc1)c1ccc(OC(F)(F)F)cc1,active
,,13317903,[],CHEMBL2388298,Inhibition of human full length MMP9 using Mca-Pro-Leu-Gly-Leu-Dpa(Dnp)-Ala-Arg-NH2 as substrate measured up to 120 mins by fluorescence assay,B,,,BAO_0000190,BAO_0000357,single protein format,COc1ccc(C(=O)Nc2ccc(S(=O)(=O)N[C@H](Cc3c[nH]c4ccccc34)C(=O)O)cc2)cc1,,,CHEMBL2385031,J Med Chem,2013.0,"{'bei': '16.13', 'le': '0.31', 'lle': '4.56', 'sei': '5.78'}",,CHEMBL2385443,,CHEMBL2385443,7.96,0,http://www.openphacts.org/units/Nanomolar,1895602,=,1,1,=,,IC50,nM,,11.0,CHEMBL321,Homo sapiens,Matrix metalloproteinase-9,9606,,,IC50,nM,UO_0000065,,11.0,,11.0,COc1ccc(C(=O)Nc2ccc(S(=O)(=O)N[C@H](Cc3c[nH]c4ccccc34)C(=O)O)cc2)cc1,active
,,13317904,[],CHEMBL2388298,Inhibition of human full length MMP9 using Mca-Pro-Leu-Gly-Leu-Dpa(Dnp)-Ala-Arg-NH2 as substrate measured up to 120 mins by fluorescence assay,B,,,BAO_0000190,BAO_0000357,single protein format,O=C(Nc1ccc(S(=O)(=O)N[C@H](Cc2c[nH]c3ccccc23)C(=O)O)cc1)c1ccc(I)cc1,,,CHEMBL2385031,J Med Chem,2013.0,"{'bei': '15.20', 'le': '0.36', 'lle': '4.96', 'sei': '6.98'}",,CHEMBL2385442,,CHEMBL2385442,8.96,0,http://www.openphacts.org/units/Nanomolar,1895601,=,1,1,=,,IC50,nM,,1.1,CHEMBL321,Homo sapiens,Matrix metalloproteinase-9,9606,,,IC50,nM,UO_0000065,,1.1,,1.1,O=C(Nc1ccc(S(=O)(=O)N[C@H](Cc2c[nH]c3ccccc23)C(=O)O)cc1)c1ccc(I)cc1,active
,,13317905,[],CHEMBL2388298,Inhibition of human full length MMP9 using Mca-Pro-Leu-Gly-Leu-Dpa(Dnp)-Ala-Arg-NH2 as substrate measured up to 120 mins by fluorescence assay,B,,,BAO_0000190,BAO_0000357,single protein format,O=C(Nc1ccc(S(=O)(=O)N[C@H](Cc2c[nH]c3ccccc23)C(=O)O)cc1)c1ccc(F)cc1,,,CHEMBL2385031,J Med Chem,2013.0,"{'bei': '16.94', 'le': '0.33', 'lle': '4.62', 'sei': '6.35'}",,CHEMBL2385441,,CHEMBL2385441,8.15,0,http://www.openphacts.org/units/Nanomolar,1895600,=,1,1,=,,IC50,nM,,7.0,CHEMBL321,Homo sapiens,Matrix metalloproteinase-9,9606,,,IC50,nM,UO_0000065,,7.0,,7.0,O=C(Nc1ccc(S(=O)(=O)N[C@H](Cc2c[nH]c3ccccc23)C(=O)O)cc1)c1ccc(F)cc1,active
,,13317906,[],CHEMBL2388298,Inhibition of human full length MMP9 using Mca-Pro-Leu-Gly-Leu-Dpa(Dnp)-Ala-Arg-NH2 as substrate measured up to 120 mins by fluorescence assay,B,,,BAO_0000190,BAO_0000357,single protein format,O=C(Nc1ccc(S(=O)(=O)N[C@H](Cc2c[nH]c3ccccc23)C(=O)O)cc1)c1ccc(Br)cc1,,,CHEMBL2385031,J Med Chem,2013.0,"{'bei': '16.59', 'le': '0.36', 'lle': '4.84', 'sei': '7.01'}",,CHEMBL155874,,CHEMBL155874,9.00,0,http://www.openphacts.org/units/Nanomolar,1895599,=,1,1,=,,IC50,nM,,1.0,CHEMBL321,Homo sapiens,Matrix metalloproteinase-9,9606,,,IC50,nM,UO_0000065,,1.0,,1.0,O=C(Nc1ccc(S(=O)(=O)N[C@H](Cc2c[nH]c3ccccc23)C(=O)O)cc1)c1ccc(Br)cc1,active
,,13448824,[],CHEMBL2429399,"Inhibition of MMP-9 (unknown origin) using 7-methoxycoumarin-4-yl)acetyl-Pro-Leu-Gly-Leu-(3-(2,4-dinitrophenyl)-L-2,3-diamino-propionyl)Ala-Arg-NH2 as substrate preincubated for 30 mins followed by substrate addition by fluorescence assay",B,,,BAO_0000190,BAO_0000357,single protein format,CC(C)[C@H](C(=O)NO)N(Cc1cn(CCOCCOCCOCCOc2cccnc2F)nn1)S(=O)(=O)c1ccc(OCCF)cc1,,,CHEMBL2424572,J Med Chem,2013.0,"{'bei': '14.12', 'le': '0.28', 'lle': '7.69', 'sei': '5.50'}",,CHEMBL2425944,,CHEMBL2425944,9.70,0,http://www.openphacts.org/units/Nanomolar,1919112,=,1,1,=,,IC50,nM,,0.2,CHEMBL321,Homo sapiens,Matrix metalloproteinase-9,9606,,,IC50,nM,UO_0000065,,0.2,,0.2,CC(C)[C@H](C(=O)NO)N(Cc1cn(CCOCCOCCOCCOc2cccnc2F)nn1)S(=O)(=O)c1ccc(OCCF)cc1,active
,,13448825,[],CHEMBL2429399,"Inhibition of MMP-9 (unknown origin) using 7-methoxycoumarin-4-yl)acetyl-Pro-Leu-Gly-Leu-(3-(2,4-dinitrophenyl)-L-2,3-diamino-propionyl)Ala-Arg-NH2 as substrate preincubated for 30 mins followed by substrate addition by fluorescence assay",B,,,BAO_0000190,BAO_0000357,single protein format,CC(C)[C@H](C(=O)NO)N(Cc1cn(CCOCCOCCOCCF)nn1)S(=O)(=O)c1ccc(OCCF)cc1,,,CHEMBL2424572,J Med Chem,2013.0,"{'bei': '16.34', 'le': '0.33', 'lle': '8.33', 'sei': '6.28'}",,CHEMBL2425943,,CHEMBL2425943,9.70,0,http://www.openphacts.org/units/Nanomolar,1919111,=,1,1,=,,IC50,nM,,0.2,CHEMBL321,Homo sapiens,Matrix metalloproteinase-9,9606,,,IC50,nM,UO_0000065,,0.2,,0.2,CC(C)[C@H](C(=O)NO)N(Cc1cn(CCOCCOCCOCCF)nn1)S(=O)(=O)c1ccc(OCCF)cc1,active
,,13448826,[],CHEMBL2429399,"Inhibition of MMP-9 (unknown origin) using 7-methoxycoumarin-4-yl)acetyl-Pro-Leu-Gly-Leu-(3-(2,4-dinitrophenyl)-L-2,3-diamino-propionyl)Ala-Arg-NH2 as substrate preincubated for 30 mins followed by substrate addition by fluorescence assay",B,,,BAO_0000190,BAO_0000357,single protein format,CC(C)[C@H](C(=O)NO)N(Cc1cn(CCF)nn1)S(=O)(=O)c1ccc(OCCF)cc1,,,CHEMBL2424572,J Med Chem,2013.0,"{'bei': '17.67', 'le': '0.36', 'lle': '6.83', 'sei': '6.44'}",,CHEMBL2425942,,CHEMBL2425942,8.15,0,http://www.openphacts.org/units/Nanomolar,1919110,=,1,1,=,,IC50,nM,,7.0,CHEMBL321,Homo sapiens,Matrix metalloproteinase-9,9606,,,IC50,nM,UO_0000065,,7.0,,7.0,CC(C)[C@H](C(=O)NO)N(Cc1cn(CCF)nn1)S(=O)(=O)c1ccc(OCCF)cc1,active
,,13448827,[],CHEMBL2429399,"Inhibition of MMP-9 (unknown origin) using 7-methoxycoumarin-4-yl)acetyl-Pro-Leu-Gly-Leu-(3-(2,4-dinitrophenyl)-L-2,3-diamino-propionyl)Ala-Arg-NH2 as substrate preincubated for 30 mins followed by substrate addition by fluorescence assay",B,,,BAO_0000190,BAO_0000357,single protein format,CC(C)[C@H](C(=O)NO)N(CC#N)S(=O)(=O)c1ccc(OCCF)cc1,,,CHEMBL2424572,J Med Chem,2013.0,"{'bei': '27.20', 'le': '0.55', 'lle': '9.07', 'sei': '8.48'}",,CHEMBL2425941,,CHEMBL2425941,10.15,0,http://www.openphacts.org/units/Nanomolar,1919109,=,1,1,=,,IC50,nM,,0.07,CHEMBL321,Homo sapiens,Matrix metalloproteinase-9,9606,,,IC50,nM,UO_0000065,,0.07,,0.07,CC(C)[C@H](C(=O)NO)N(CC#N)S(=O)(=O)c1ccc(OCCF)cc1,active
,,13448828,[],CHEMBL2429399,"Inhibition of MMP-9 (unknown origin) using 7-methoxycoumarin-4-yl)acetyl-Pro-Leu-Gly-Leu-(3-(2,4-dinitrophenyl)-L-2,3-diamino-propionyl)Ala-Arg-NH2 as substrate preincubated for 30 mins followed by substrate addition by fluorescence assay",B,,,BAO_0000190,BAO_0000357,single protein format,CC(C)[C@H](C(=O)NO)N(CCn1cc(CN(C)S(=O)(=O)c2ccc(F)cc2)nn1)S(=O)(=O)c1ccc(OCCF)cc1,,,CHEMBL2424572,J Med Chem,2013.0,"{'bei': '12.62', 'le': '0.26', 'lle': '6.15', 'sei': '4.85'}",,CHEMBL2425940,,CHEMBL2425940,7.96,0,http://www.openphacts.org/units/Nanomolar,1919108,=,1,1,=,,IC50,nM,,11.0,CHEMBL321,Homo sapiens,Matrix metalloproteinase-9,9606,,,IC50,nM,UO_0000065,,11.0,,11.0,CC(C)[C@H](C(=O)NO)N(CCn1cc(CN(C)S(=O)(=O)c2ccc(F)cc2)nn1)S(=O)(=O)c1ccc(OCCF)cc1,active
,,13448829,[],CHEMBL2429399,"Inhibition of MMP-9 (unknown origin) using 7-methoxycoumarin-4-yl)acetyl-Pro-Leu-Gly-Leu-(3-(2,4-dinitrophenyl)-L-2,3-diamino-propionyl)Ala-Arg-NH2 as substrate preincubated for 30 mins followed by substrate addition by fluorescence assay",B,,,BAO_0000190,BAO_0000357,single protein format,CC(C)[C@H](C(=O)NO)N(CCn1cc(CNS(=O)(=O)c2ccc(F)cc2)nn1)S(=O)(=O)c1ccc(OCCF)cc1,,,CHEMBL2424572,J Med Chem,2013.0,"{'bei': '13.82', 'le': '0.28', 'lle': '7.06', 'sei': '4.93'}",,CHEMBL2425939,,CHEMBL2425939,8.52,0,http://www.openphacts.org/units/Nanomolar,1919107,=,1,1,=,,IC50,nM,,3.0,CHEMBL321,Homo sapiens,Matrix metalloproteinase-9,9606,,,IC50,nM,UO_0000065,,3.0,,3.0,CC(C)[C@H](C(=O)NO)N(CCn1cc(CNS(=O)(=O)c2ccc(F)cc2)nn1)S(=O)(=O)c1ccc(OCCF)cc1,active
,,13448830,[],CHEMBL2429399,"Inhibition of MMP-9 (unknown origin) using 7-methoxycoumarin-4-yl)acetyl-Pro-Leu-Gly-Leu-(3-(2,4-dinitrophenyl)-L-2,3-diamino-propionyl)Ala-Arg-NH2 as substrate preincubated for 30 mins followed by substrate addition by fluorescence assay",B,,,BAO_0000190,BAO_0000357,single protein format,CC(C)[C@H](C(=O)NO)N(CCn1cc(CCCCOc2cccnc2F)nn1)S(=O)(=O)c1ccc(OCCF)cc1,,,CHEMBL2424572,J Med Chem,2013.0,"{'bei': '15.25', 'le': '0.30', 'lle': '6.32', 'sei': '6.11'}",,CHEMBL2425938,,CHEMBL2425938,9.10,0,http://www.openphacts.org/units/Nanomolar,1919106,=,1,1,=,,IC50,nM,,0.8,CHEMBL321,Homo sapiens,Matrix metalloproteinase-9,9606,,,IC50,nM,UO_0000065,,0.8,,0.8,CC(C)[C@H](C(=O)NO)N(CCn1cc(CCCCOc2cccnc2F)nn1)S(=O)(=O)c1ccc(OCCF)cc1,active
,,13448831,[],CHEMBL2429399,"Inhibition of MMP-9 (unknown origin) using 7-methoxycoumarin-4-yl)acetyl-Pro-Leu-Gly-Leu-(3-(2,4-dinitrophenyl)-L-2,3-diamino-propionyl)Ala-Arg-NH2 as substrate preincubated for 30 mins followed by substrate addition by fluorescence assay",B,,,BAO_0000190,BAO_0000357,single protein format,CC(C)[C@H](C(=O)NO)N(CCn1cc(COCCOCCOCCOCCOCCF)nn1)S(=O)(=O)c1ccc(OCCF)cc1,,,CHEMBL2424572,J Med Chem,2013.0,"{'bei': '11.73', 'le': '0.24', 'lle': '6.60', 'sei': '4.63'}",,CHEMBL2425937,,CHEMBL2425937,8.00,0,http://www.openphacts.org/units/Nanomolar,1919105,=,1,1,=,,IC50,nM,,10.0,CHEMBL321,Homo sapiens,Matrix metalloproteinase-9,9606,,,IC50,nM,UO_0000065,,10.0,,10.0,CC(C)[C@H](C(=O)NO)N(CCn1cc(COCCOCCOCCOCCOCCF)nn1)S(=O)(=O)c1ccc(OCCF)cc1,active
,,13448832,[],CHEMBL2429399,"Inhibition of MMP-9 (unknown origin) using 7-methoxycoumarin-4-yl)acetyl-Pro-Leu-Gly-Leu-(3-(2,4-dinitrophenyl)-L-2,3-diamino-propionyl)Ala-Arg-NH2 as substrate preincubated for 30 mins followed by substrate addition by fluorescence assay",B,,,BAO_0000190,BAO_0000357,single protein format,CC(C)[C@H](C(=O)NO)N(CCn1cc(CCCF)nn1)S(=O)(=O)c1ccc(OCCF)cc1,,,CHEMBL2424572,J Med Chem,2013.0,"{'bei': '17.77', 'le': '0.36', 'lle': '6.95', 'sei': '6.87'}",,CHEMBL2425936,,CHEMBL2425936,8.70,0,http://www.openphacts.org/units/Nanomolar,1919104,=,1,1,=,,IC50,nM,,2.0,CHEMBL321,Homo sapiens,Matrix metalloproteinase-9,9606,,,IC50,nM,UO_0000065,,2.0,,2.0,CC(C)[C@H](C(=O)NO)N(CCn1cc(CCCF)nn1)S(=O)(=O)c1ccc(OCCF)cc1,active
,,13448833,[],CHEMBL2429399,"Inhibition of MMP-9 (unknown origin) using 7-methoxycoumarin-4-yl)acetyl-Pro-Leu-Gly-Leu-(3-(2,4-dinitrophenyl)-L-2,3-diamino-propionyl)Ala-Arg-NH2 as substrate preincubated for 30 mins followed by substrate addition by fluorescence assay",B,,,BAO_0000190,BAO_0000357,single protein format,CC(C)[C@H](C(=O)NO)N(CCN=[N+]=[N-])S(=O)(=O)c1ccc(OCCF)cc1,,,CHEMBL2424572,J Med Chem,2013.0,"{'bei': '20.82', 'le': '0.42', 'lle': '6.53', 'sei': '5.80'}",,CHEMBL2425935,,CHEMBL2425935,8.40,0,http://www.openphacts.org/units/Nanomolar,1919103,=,1,1,=,,IC50,nM,,4.0,CHEMBL321,Homo sapiens,Matrix metalloproteinase-9,9606,,,IC50,nM,UO_0000065,,4.0,,4.0,CC(C)[C@H](C(=O)NO)N(CCN=[N+]=[N-])S(=O)(=O)c1ccc(OCCF)cc1,active
,,13448834,[],CHEMBL2429399,"Inhibition of MMP-9 (unknown origin) using 7-methoxycoumarin-4-yl)acetyl-Pro-Leu-Gly-Leu-(3-(2,4-dinitrophenyl)-L-2,3-diamino-propionyl)Ala-Arg-NH2 as substrate preincubated for 30 mins followed by substrate addition by fluorescence assay",B,,,BAO_0000190,BAO_0000357,single protein format,Cc1ccc(S(=O)(=O)N(CCn2cc(CCCCOc3cccnc3F)nn2)[C@@H](C(=O)NO)C(C)C)cc1,,,CHEMBL2424572,J Med Chem,2013.0,"{'bei': '14.99', 'le': '0.30', 'lle': '5.48', 'sei': '5.89'}",,CHEMBL2425934,,CHEMBL2425934,8.22,0,http://www.openphacts.org/units/Nanomolar,1919102,=,1,1,=,,IC50,nM,,6.0,CHEMBL321,Homo sapiens,Matrix metalloproteinase-9,9606,,,IC50,nM,UO_0000065,,6.0,,6.0,Cc1ccc(S(=O)(=O)N(CCn2cc(CCCCOc3cccnc3F)nn2)[C@@H](C(=O)NO)C(C)C)cc1,active
,,13448835,[],CHEMBL2429399,"Inhibition of MMP-9 (unknown origin) using 7-methoxycoumarin-4-yl)acetyl-Pro-Leu-Gly-Leu-(3-(2,4-dinitrophenyl)-L-2,3-diamino-propionyl)Ala-Arg-NH2 as substrate preincubated for 30 mins followed by substrate addition by fluorescence assay",B,,,BAO_0000190,BAO_0000357,single protein format,Cc1ccc(S(=O)(=O)N(CCn2cc(COCCOCCOCCOCCOCCF)nn2)[C@@H](C(=O)NO)C(C)C)cc1,,,CHEMBL2424572,J Med Chem,2013.0,"{'bei': '14.83', 'le': '0.30', 'lle': '8.04', 'sei': '5.75'}",,CHEMBL2425933,,CHEMBL2425933,9.40,0,http://www.openphacts.org/units/Nanomolar,1919101,=,1,1,=,,IC50,nM,,0.4,CHEMBL321,Homo sapiens,Matrix metalloproteinase-9,9606,,,IC50,nM,UO_0000065,,0.4,,0.4,Cc1ccc(S(=O)(=O)N(CCn2cc(COCCOCCOCCOCCOCCF)nn2)[C@@H](C(=O)NO)C(C)C)cc1,active
,,13448836,[],CHEMBL2429399,"Inhibition of MMP-9 (unknown origin) using 7-methoxycoumarin-4-yl)acetyl-Pro-Leu-Gly-Leu-(3-(2,4-dinitrophenyl)-L-2,3-diamino-propionyl)Ala-Arg-NH2 as substrate preincubated for 30 mins followed by substrate addition by fluorescence assay",B,,,BAO_0000190,BAO_0000357,single protein format,Cc1ccc(S(=O)(=O)N(CCn2cc(CCCF)nn2)[C@@H](C(=O)NO)C(C)C)cc1,,,CHEMBL2424572,J Med Chem,2013.0,"{'bei': '19.30', 'le': '0.39', 'lle': '6.81', 'sei': '7.26'}",,CHEMBL2425932,,CHEMBL2425932,8.52,0,http://www.openphacts.org/units/Nanomolar,1919100,=,1,1,=,,IC50,nM,,3.0,CHEMBL321,Homo sapiens,Matrix metalloproteinase-9,9606,,,IC50,nM,UO_0000065,,3.0,,3.0,Cc1ccc(S(=O)(=O)N(CCn2cc(CCCF)nn2)[C@@H](C(=O)NO)C(C)C)cc1,active
,,13448837,[],CHEMBL2429399,"Inhibition of MMP-9 (unknown origin) using 7-methoxycoumarin-4-yl)acetyl-Pro-Leu-Gly-Leu-(3-(2,4-dinitrophenyl)-L-2,3-diamino-propionyl)Ala-Arg-NH2 as substrate preincubated for 30 mins followed by substrate addition by fluorescence assay",B,,,BAO_0000190,BAO_0000357,single protein format,Cc1ccc(S(=O)(=O)N(CCN=[N+]=[N-])[C@@H](C(=O)NO)C(C)C)cc1,,,CHEMBL2424572,J Med Chem,2013.0,"{'bei': '23.63', 'le': '0.48', 'lle': '6.57', 'sei': '6.20'}",,CHEMBL2425931,,CHEMBL2425931,8.40,0,http://www.openphacts.org/units/Nanomolar,1919099,=,1,1,=,,IC50,nM,,4.0,CHEMBL321,Homo sapiens,Matrix metalloproteinase-9,9606,,,IC50,nM,UO_0000065,,4.0,,4.0,Cc1ccc(S(=O)(=O)N(CCN=[N+]=[N-])[C@@H](C(=O)NO)C(C)C)cc1,active
,,13448838,[],CHEMBL2429399,"Inhibition of MMP-9 (unknown origin) using 7-methoxycoumarin-4-yl)acetyl-Pro-Leu-Gly-Leu-(3-(2,4-dinitrophenyl)-L-2,3-diamino-propionyl)Ala-Arg-NH2 as substrate preincubated for 30 mins followed by substrate addition by fluorescence assay",B,,,BAO_0000190,BAO_0000357,single protein format,COc1ccc(S(=O)(=O)N(CCn2cc(CN(C)S(=O)(=O)c3ccc(F)cc3)nn2)[C@@H](C(=O)NO)C(C)C)cc1,,,CHEMBL2424572,J Med Chem,2013.0,"{'bei': '14.24', 'le': '0.29', 'lle': '7.05', 'sei': '5.20'}",,CHEMBL2425930,,CHEMBL2425930,8.52,0,http://www.openphacts.org/units/Nanomolar,1919098,=,1,1,=,,IC50,nM,,3.0,CHEMBL321,Homo sapiens,Matrix metalloproteinase-9,9606,,,IC50,nM,UO_0000065,,3.0,,3.0,COc1ccc(S(=O)(=O)N(CCn2cc(CN(C)S(=O)(=O)c3ccc(F)cc3)nn2)[C@@H](C(=O)NO)C(C)C)cc1,active
,,13448839,[],CHEMBL2429399,"Inhibition of MMP-9 (unknown origin) using 7-methoxycoumarin-4-yl)acetyl-Pro-Leu-Gly-Leu-(3-(2,4-dinitrophenyl)-L-2,3-diamino-propionyl)Ala-Arg-NH2 as substrate preincubated for 30 mins followed by substrate addition by fluorescence assay",B,,,BAO_0000190,BAO_0000357,single protein format,COc1ccc(S(=O)(=O)N(CCn2cc(CNS(=O)(=O)c3ccc(F)cc3)nn2)[C@@H](C(=O)NO)C(C)C)cc1,,,CHEMBL2424572,J Med Chem,2013.0,"{'bei': '15.77', 'le': '0.32', 'lle': '8.09', 'sei': '5.34'}",,CHEMBL2425950,,CHEMBL2425950,9.22,0,http://www.openphacts.org/units/Nanomolar,1919118,=,1,1,=,,IC50,nM,,0.6,CHEMBL321,Homo sapiens,Matrix metalloproteinase-9,9606,,,IC50,nM,UO_0000065,,0.6,,0.6,COc1ccc(S(=O)(=O)N(CCn2cc(CNS(=O)(=O)c3ccc(F)cc3)nn2)[C@@H](C(=O)NO)C(C)C)cc1,active
,,13448840,[],CHEMBL2429399,"Inhibition of MMP-9 (unknown origin) using 7-methoxycoumarin-4-yl)acetyl-Pro-Leu-Gly-Leu-(3-(2,4-dinitrophenyl)-L-2,3-diamino-propionyl)Ala-Arg-NH2 as substrate preincubated for 30 mins followed by substrate addition by fluorescence assay",B,,,BAO_0000190,BAO_0000357,single protein format,COc1ccc(S(=O)(=O)N(CCn2cc(CCCCOc3cccnc3F)nn2)[C@@H](C(=O)NO)C(C)C)cc1,,,CHEMBL2424572,J Med Chem,2013.0,"{'bei': '16.87', 'le': '0.33', 'lle': '7.08', 'sei': '6.40'}",,CHEMBL2425949,,CHEMBL2425949,9.52,0,http://www.openphacts.org/units/Nanomolar,1919117,=,1,1,=,,IC50,nM,,0.3,CHEMBL321,Homo sapiens,Matrix metalloproteinase-9,9606,,,IC50,nM,UO_0000065,,0.3,,0.3,COc1ccc(S(=O)(=O)N(CCn2cc(CCCCOc3cccnc3F)nn2)[C@@H](C(=O)NO)C(C)C)cc1,active
,,13448841,[],CHEMBL2429399,"Inhibition of MMP-9 (unknown origin) using 7-methoxycoumarin-4-yl)acetyl-Pro-Leu-Gly-Leu-(3-(2,4-dinitrophenyl)-L-2,3-diamino-propionyl)Ala-Arg-NH2 as substrate preincubated for 30 mins followed by substrate addition by fluorescence assay",B,,,BAO_0000190,BAO_0000357,single protein format,COc1ccc(S(=O)(=O)N(CCn2cc(COCCOCCOCCOCCOCCF)nn2)[C@@H](C(=O)NO)C(C)C)cc1,,,CHEMBL2424572,J Med Chem,2013.0,"{'bei': '13.39', 'le': '0.27', 'lle': '7.64', 'sei': '5.03'}",,CHEMBL2425948,,CHEMBL2425948,8.70,0,http://www.openphacts.org/units/Nanomolar,1919116,=,1,1,=,,IC50,nM,,2.0,CHEMBL321,Homo sapiens,Matrix metalloproteinase-9,9606,,,IC50,nM,UO_0000065,,2.0,,2.0,COc1ccc(S(=O)(=O)N(CCn2cc(COCCOCCOCCOCCOCCF)nn2)[C@@H](C(=O)NO)C(C)C)cc1,active
,,13448842,[],CHEMBL2429399,"Inhibition of MMP-9 (unknown origin) using 7-methoxycoumarin-4-yl)acetyl-Pro-Leu-Gly-Leu-(3-(2,4-dinitrophenyl)-L-2,3-diamino-propionyl)Ala-Arg-NH2 as substrate preincubated for 30 mins followed by substrate addition by fluorescence assay",B,,,BAO_0000190,BAO_0000357,single protein format,COc1ccc(S(=O)(=O)N(CCn2cc(CCCF)nn2)[C@@H](C(=O)NO)C(C)C)cc1,,,CHEMBL2424572,J Med Chem,2013.0,"{'bei': '22.20', 'le': '0.45', 'lle': '8.74', 'sei': '8.02'}",,CHEMBL2425947,,CHEMBL2425947,10.15,0,http://www.openphacts.org/units/Nanomolar,1919115,=,1,1,=,,IC50,nM,,0.07,CHEMBL321,Homo sapiens,Matrix metalloproteinase-9,9606,,,IC50,nM,UO_0000065,,0.07,,0.07,COc1ccc(S(=O)(=O)N(CCn2cc(CCCF)nn2)[C@@H](C(=O)NO)C(C)C)cc1,active
,,13448843,[],CHEMBL2429399,"Inhibition of MMP-9 (unknown origin) using 7-methoxycoumarin-4-yl)acetyl-Pro-Leu-Gly-Leu-(3-(2,4-dinitrophenyl)-L-2,3-diamino-propionyl)Ala-Arg-NH2 as substrate preincubated for 30 mins followed by substrate addition by fluorescence assay",B,,,BAO_0000190,BAO_0000357,single protein format,COc1ccc(S(=O)(=O)N(CCN=[N+]=[N-])[C@@H](C(=O)NO)C(C)C)cc1,,,CHEMBL2424572,J Med Chem,2013.0,"{'bei': '22.14', 'le': '0.45', 'lle': '6.69', 'sei': '5.68'}",,CHEMBL2425946,,CHEMBL2425946,8.22,0,http://www.openphacts.org/units/Nanomolar,1919114,=,1,1,=,,IC50,nM,,6.0,CHEMBL321,Homo sapiens,Matrix metalloproteinase-9,9606,,,IC50,nM,UO_0000065,,6.0,,6.0,COc1ccc(S(=O)(=O)N(CCN=[N+]=[N-])[C@@H](C(=O)NO)C(C)C)cc1,active
,,13457730,[],CHEMBL2432395,Inhibition of recombinant human MMP-9 using Mca-Lys-Pro-Leu-Gly-Leu-Dap(Dnp)-Ala-Arg-NH2 as substrate incubated for 4 hrs measured every 15 secs for 20 mins by fluorimetric assay,B,,,BAO_0000190,BAO_0000357,single protein format,NC(=O)NCCC[C@@H](NS(=O)(=O)c1ccc(OCc2cc(Br)cc(Br)c2)cc1)C(=O)NO,,,CHEMBL2429772,J Med Chem,2013.0,"{'bei': '9.74', 'le': '0.25', 'lle': '3.40', 'sei': '3.62'}",,CHEMBL2431028,,CHEMBL2431028,5.79,0,http://www.openphacts.org/units/Nanomolar,1921766,=,1,1,=,,IC50,nM,,1630.0,CHEMBL321,Homo sapiens,Matrix metalloproteinase-9,9606,,,IC50,nM,UO_0000065,,1630.0,,1630.0,NC(=O)NCCC[C@@H](NS(=O)(=O)c1ccc(OCc2cc(Br)cc(Br)c2)cc1)C(=O)NO,intermediate
,,13457731,[],CHEMBL2432395,Inhibition of recombinant human MMP-9 using Mca-Lys-Pro-Leu-Gly-Leu-Dap(Dnp)-Ala-Arg-NH2 as substrate incubated for 4 hrs measured every 15 secs for 20 mins by fluorimetric assay,B,,,BAO_0000190,BAO_0000357,single protein format,O=C(NCCC[C@@H](NS(=O)(=O)c1ccc(OCc2cc(Br)cc(Br)c2)cc1)C(=O)NO)OCc1ccccc1,,,CHEMBL2429772,J Med Chem,2013.0,"{'bei': '7.82', 'le': '0.19', 'lle': '0.71', 'sei': '3.74'}",,CHEMBL2431027,,CHEMBL2431027,5.36,0,http://www.openphacts.org/units/Nanomolar,1921765,=,1,1,=,,IC50,nM,,4400.0,CHEMBL321,Homo sapiens,Matrix metalloproteinase-9,9606,,,IC50,nM,UO_0000065,,4400.0,,4400.0,O=C(NCCC[C@@H](NS(=O)(=O)c1ccc(OCc2cc(Br)cc(Br)c2)cc1)C(=O)NO)OCc1ccccc1,intermediate
,,13457732,[],CHEMBL2432395,Inhibition of recombinant human MMP-9 using Mca-Lys-Pro-Leu-Gly-Leu-Dap(Dnp)-Ala-Arg-NH2 as substrate incubated for 4 hrs measured every 15 secs for 20 mins by fluorimetric assay,B,,,BAO_0000190,BAO_0000357,single protein format,O=C(NCC[C@@H](NS(=O)(=O)c1ccc(OCc2cc(Br)cc(Br)c2)cc1)C(=O)NO)OCc1ccccc1,,,CHEMBL2429772,J Med Chem,2013.0,"{'bei': '7.39', 'le': '0.18', 'lle': '0.70', 'sei': '3.47'}",,CHEMBL2431026,,CHEMBL2431026,4.96,0,http://www.openphacts.org/units/Nanomolar,1921764,=,1,1,=,,IC50,nM,,11000.0,CHEMBL321,Homo sapiens,Matrix metalloproteinase-9,9606,,,IC50,nM,UO_0000065,,11000.0,,11000.0,O=C(NCC[C@@H](NS(=O)(=O)c1ccc(OCc2cc(Br)cc(Br)c2)cc1)C(=O)NO)OCc1ccccc1,inactive
,,13457733,[],CHEMBL2432395,Inhibition of recombinant human MMP-9 using Mca-Lys-Pro-Leu-Gly-Leu-Dap(Dnp)-Ala-Arg-NH2 as substrate incubated for 4 hrs measured every 15 secs for 20 mins by fluorimetric assay,B,,,BAO_0000190,BAO_0000357,single protein format,CC#CCOc1ccc(S(=O)(=O)NCC(=O)NO)cc1,,,CHEMBL2429772,J Med Chem,2013.0,"{'bei': '20.28', 'le': '0.41', 'lle': '6.18', 'sei': '5.78'}",,CHEMBL94715,,CHEMBL94715,6.05,0,http://www.openphacts.org/units/Nanomolar,1921759,=,1,1,=,,IC50,nM,,890.0,CHEMBL321,Homo sapiens,Matrix metalloproteinase-9,9606,,,IC50,nM,UO_0000065,,890.0,,890.0,CC#CCOc1ccc(S(=O)(=O)NCC(=O)NO)cc1,active
,,13457734,[],CHEMBL2432395,Inhibition of recombinant human MMP-9 using Mca-Lys-Pro-Leu-Gly-Leu-Dap(Dnp)-Ala-Arg-NH2 as substrate incubated for 4 hrs measured every 15 secs for 20 mins by fluorimetric assay,B,,,BAO_0000190,BAO_0000357,single protein format,O=C(CNS(=O)(=O)c1ccc(OCc2cc(Br)cc(Br)c2)cc1)NO,,,CHEMBL2429772,J Med Chem,2013.0,"{'bei': '8.69', 'le': '0.23', 'lle': '1.72', 'sei': '4.10'}",,CHEMBL2431021,,CHEMBL2431021,4.29,0,http://www.openphacts.org/units/Nanomolar,1921758,=,1,1,=,,IC50,nM,,51000.0,CHEMBL321,Homo sapiens,Matrix metalloproteinase-9,9606,,,IC50,nM,UO_0000065,,51000.0,,51000.0,O=C(CNS(=O)(=O)c1ccc(OCc2cc(Br)cc(Br)c2)cc1)NO,inactive
,,13457735,[],CHEMBL2432395,Inhibition of recombinant human MMP-9 using Mca-Lys-Pro-Leu-Gly-Leu-Dap(Dnp)-Ala-Arg-NH2 as substrate incubated for 4 hrs measured every 15 secs for 20 mins by fluorimetric assay,B,,,BAO_0000190,BAO_0000357,single protein format,O=C(CNS(=O)(=O)c1ccc(OCc2cc(F)cc(F)c2)cc1)NO,,,CHEMBL2429772,J Med Chem,2013.0,"{'bei': '17.41', 'le': '0.35', 'lle': '5.15', 'sei': '6.19'}",,CHEMBL2431020,,CHEMBL2431020,6.48,0,http://www.openphacts.org/units/Nanomolar,1921757,=,1,1,=,,IC50,nM,,330.0,CHEMBL321,Homo sapiens,Matrix metalloproteinase-9,9606,,,IC50,nM,UO_0000065,,330.0,,330.0,O=C(CNS(=O)(=O)c1ccc(OCc2cc(F)cc(F)c2)cc1)NO,active
,,13457736,[],CHEMBL2432395,Inhibition of recombinant human MMP-9 using Mca-Lys-Pro-Leu-Gly-Leu-Dap(Dnp)-Ala-Arg-NH2 as substrate incubated for 4 hrs measured every 15 secs for 20 mins by fluorimetric assay,B,,,BAO_0000190,BAO_0000357,single protein format,O=C(CNS(=O)(=O)c1ccc(OCc2cccc3cccnc23)cc1)NO,,,CHEMBL2429772,J Med Chem,2013.0,"{'bei': '11.71', 'le': '0.23', 'lle': '2.94', 'sei': '3.86'}",,CHEMBL2431019,,CHEMBL2431019,4.54,0,http://www.openphacts.org/units/Nanomolar,1921756,=,1,1,=,,IC50,nM,,29000.0,CHEMBL321,Homo sapiens,Matrix metalloproteinase-9,9606,,,IC50,nM,UO_0000065,,29000.0,,29000.0,O=C(CNS(=O)(=O)c1ccc(OCc2cccc3cccnc23)cc1)NO,inactive
,,13457737,[],CHEMBL2432395,Inhibition of recombinant human MMP-9 using Mca-Lys-Pro-Leu-Gly-Leu-Dap(Dnp)-Ala-Arg-NH2 as substrate incubated for 4 hrs measured every 15 secs for 20 mins by fluorimetric assay,B,,,BAO_0000190,BAO_0000357,single protein format,O=C(CNS(=O)(=O)c1ccc(OCc2cccc(-c3ccccc3)c2)cc1)NO,,,CHEMBL2429772,J Med Chem,2013.0,"{'bei': '14.63', 'le': '0.28', 'lle': '3.32', 'sei': '5.76'}",,CHEMBL2431018,,CHEMBL2431018,6.04,0,http://www.openphacts.org/units/Nanomolar,1921755,=,1,1,=,,IC50,nM,,920.0,CHEMBL321,Homo sapiens,Matrix metalloproteinase-9,9606,,,IC50,nM,UO_0000065,,920.0,,920.0,O=C(CNS(=O)(=O)c1ccc(OCc2cccc(-c3ccccc3)c2)cc1)NO,active
,,13457738,[],CHEMBL2432395,Inhibition of recombinant human MMP-9 using Mca-Lys-Pro-Leu-Gly-Leu-Dap(Dnp)-Ala-Arg-NH2 as substrate incubated for 4 hrs measured every 15 secs for 20 mins by fluorimetric assay,B,,,BAO_0000190,BAO_0000357,single protein format,O=C(CNS(=O)(=O)c1ccc(OCc2cccc(OC(F)(F)F)c2)cc1)NO,,,CHEMBL2429772,J Med Chem,2013.0,"{'bei': '16.94', 'le': '0.35', 'lle': '5.17', 'sei': '6.25'}",,CHEMBL2431017,,CHEMBL2431017,7.12,0,http://www.openphacts.org/units/Nanomolar,1921754,=,1,1,=,,IC50,nM,,76.0,CHEMBL321,Homo sapiens,Matrix metalloproteinase-9,9606,,,IC50,nM,UO_0000065,,76.0,,76.0,O=C(CNS(=O)(=O)c1ccc(OCc2cccc(OC(F)(F)F)c2)cc1)NO,active
,,13457739,[],CHEMBL2432395,Inhibition of recombinant human MMP-9 using Mca-Lys-Pro-Leu-Gly-Leu-Dap(Dnp)-Ala-Arg-NH2 as substrate incubated for 4 hrs measured every 15 secs for 20 mins by fluorimetric assay,B,,,BAO_0000190,BAO_0000357,single protein format,O=C(CNS(=O)(=O)c1ccc(OCc2cccc(F)c2)cc1)NO,,,CHEMBL2429772,J Med Chem,2013.0,"{'bei': '19.64', 'le': '0.40', 'lle': '5.77', 'sei': '6.64'}",,CHEMBL2431016,,CHEMBL2431016,6.96,0,http://www.openphacts.org/units/Nanomolar,1921753,=,1,1,=,,IC50,nM,,110.0,CHEMBL321,Homo sapiens,Matrix metalloproteinase-9,9606,,,IC50,nM,UO_0000065,,110.0,,110.0,O=C(CNS(=O)(=O)c1ccc(OCc2cccc(F)c2)cc1)NO,active
,,13457740,[],CHEMBL2432395,Inhibition of recombinant human MMP-9 using Mca-Lys-Pro-Leu-Gly-Leu-Dap(Dnp)-Ala-Arg-NH2 as substrate incubated for 4 hrs measured every 15 secs for 20 mins by fluorimetric assay,B,,,BAO_0000190,BAO_0000357,single protein format,O=C(CNS(=O)(=O)c1ccc(OCc2cccc(Br)c2)cc1)NO,,,CHEMBL2429772,J Med Chem,2013.0,"{'bei': '17.39', 'le': '0.41', 'lle': '5.41', 'sei': '6.90'}",,CHEMBL2431015,,CHEMBL2431015,7.22,0,http://www.openphacts.org/units/Nanomolar,1921752,=,1,1,=,,IC50,nM,,60.0,CHEMBL321,Homo sapiens,Matrix metalloproteinase-9,9606,,,IC50,nM,UO_0000065,,60.0,,60.0,O=C(CNS(=O)(=O)c1ccc(OCc2cccc(Br)c2)cc1)NO,active
,,13457741,[],CHEMBL2432395,Inhibition of recombinant human MMP-9 using Mca-Lys-Pro-Leu-Gly-Leu-Dap(Dnp)-Ala-Arg-NH2 as substrate incubated for 4 hrs measured every 15 secs for 20 mins by fluorimetric assay,B,,,BAO_0000190,BAO_0000357,single protein format,O=C(CNS(=O)(=O)c1ccc(OCc2ccc(-c3ccccc3)cc2)cc1)NO,,,CHEMBL2429772,J Med Chem,2013.0,"{'bei': '14.94', 'le': '0.29', 'lle': '3.44', 'sei': '5.88'}",,CHEMBL2431032,,CHEMBL2431032,6.16,0,http://www.openphacts.org/units/Nanomolar,1921771,=,1,1,=,,IC50,nM,,690.0,CHEMBL321,Homo sapiens,Matrix metalloproteinase-9,9606,,,IC50,nM,UO_0000065,,690.0,,690.0,O=C(CNS(=O)(=O)c1ccc(OCc2ccc(-c3ccccc3)cc2)cc1)NO,active
,,13457742,[],CHEMBL2432395,Inhibition of recombinant human MMP-9 using Mca-Lys-Pro-Leu-Gly-Leu-Dap(Dnp)-Ala-Arg-NH2 as substrate incubated for 4 hrs measured every 15 secs for 20 mins by fluorimetric assay,B,,,BAO_0000190,BAO_0000357,single protein format,O=C(CNS(=O)(=O)c1ccc(OCc2ccc(OC(F)(F)F)cc2)cc1)NO,,,CHEMBL2429772,J Med Chem,2013.0,"{'bei': '17.68', 'le': '0.36', 'lle': '5.48', 'sei': '6.52'}",,CHEMBL2431031,,CHEMBL2431031,7.43,0,http://www.openphacts.org/units/Nanomolar,1921770,=,1,1,=,,IC50,nM,,37.0,CHEMBL321,Homo sapiens,Matrix metalloproteinase-9,9606,,,IC50,nM,UO_0000065,,37.0,,37.0,O=C(CNS(=O)(=O)c1ccc(OCc2ccc(OC(F)(F)F)cc2)cc1)NO,active
,,13457743,[],CHEMBL2432395,Inhibition of recombinant human MMP-9 using Mca-Lys-Pro-Leu-Gly-Leu-Dap(Dnp)-Ala-Arg-NH2 as substrate incubated for 4 hrs measured every 15 secs for 20 mins by fluorimetric assay,B,,,BAO_0000190,BAO_0000357,single protein format,O=C(CNS(=O)(=O)c1ccc(OCc2ccc(F)cc2)cc1)NO,,,CHEMBL2429772,J Med Chem,2013.0,"{'bei': '20.82', 'le': '0.42', 'lle': '6.19', 'sei': '7.04'}",,CHEMBL2431030,,CHEMBL2431030,7.38,0,http://www.openphacts.org/units/Nanomolar,1921769,=,1,1,=,,IC50,nM,,42.0,CHEMBL321,Homo sapiens,Matrix metalloproteinase-9,9606,,,IC50,nM,UO_0000065,,42.0,,42.0,O=C(CNS(=O)(=O)c1ccc(OCc2ccc(F)cc2)cc1)NO,active
,,13457744,[],CHEMBL2432395,Inhibition of recombinant human MMP-9 using Mca-Lys-Pro-Leu-Gly-Leu-Dap(Dnp)-Ala-Arg-NH2 as substrate incubated for 4 hrs measured every 15 secs for 20 mins by fluorimetric assay,B,,,BAO_0000190,BAO_0000357,single protein format,O=C(CNS(=O)(=O)c1ccc(OCc2ccc(Br)cc2)cc1)NO,,,CHEMBL2429772,J Med Chem,2013.0,"{'bei': '21.32', 'le': '0.50', 'lle': '7.04', 'sei': '8.45'}",,CHEMBL2431029,,CHEMBL2431029,8.85,0,http://www.openphacts.org/units/Nanomolar,1921768,=,1,1,=,,IC50,nM,,1.4,CHEMBL321,Homo sapiens,Matrix metalloproteinase-9,9606,,,IC50,nM,UO_0000065,,1.4,,1.4,O=C(CNS(=O)(=O)c1ccc(OCc2ccc(Br)cc2)cc1)NO,active
,,13457745,[],CHEMBL2432395,Inhibition of recombinant human MMP-9 using Mca-Lys-Pro-Leu-Gly-Leu-Dap(Dnp)-Ala-Arg-NH2 as substrate incubated for 4 hrs measured every 15 secs for 20 mins by fluorimetric assay,B,,,BAO_0000190,BAO_0000357,single protein format,O=C(CNS(=O)(=O)c1ccc(OCc2ccccc2)cc1)NO,,,CHEMBL2429772,J Med Chem,2013.0,"{'bei': '20.86', 'le': '0.42', 'lle': '5.97', 'sei': '6.70'}",,CHEMBL2337691,,CHEMBL2337691,7.02,0,http://www.openphacts.org/units/Nanomolar,1921767,=,1,1,=,,IC50,nM,,96.0,CHEMBL321,Homo sapiens,Matrix metalloproteinase-9,9606,,,IC50,nM,UO_0000065,,96.0,,96.0,O=C(CNS(=O)(=O)c1ccc(OCc2ccccc2)cc1)NO,active
,,13462955,[],CHEMBL2434568,Inhibition of human MMP9,B,,,BAO_0000190,BAO_0000357,single protein format,CC1(C)C(/C=C/C2=C(N3CCC(C(=O)NO)(S(=O)(=O)c4ccc(Oc5ccc(OC(F)(F)F)cc5)cc4)CC3)/C(=C/C=C3/N(CCCCS(=O)(=O)O)c4ccccc4C3(C)C)CCC2)=[N+](CCCCS(=O)(=O)[O-])c2ccccc21,,,CHEMBL2429723,Bioorg Med Chem Lett,2013.0,"{'bei': '7.64', 'le': None, 'lle': None, 'sei': None}",,CHEMBL3350758,,CHEMBL3350758,8.80,0,http://www.openphacts.org/units/Nanomolar,1920778,=,1,1,=,,IC50,nM,,1.6,CHEMBL321,Homo sapiens,Matrix metalloproteinase-9,9606,,,IC50,nM,UO_0000065,,1.6,,1.6,CC1(C)C(/C=C/C2=C(N3CCC(C(=O)NO)(S(=O)(=O)c4ccc(Oc5ccc(OC(F)(F)F)cc5)cc4)CC3)C(=C/C=C3/N(CCCCS(=O)(=O)O)c4ccccc4C3(C)C)/CCC2)=[N+](CCCCS(=O)(=O)[O-])c2ccccc21,active
,,13462959,[],CHEMBL2434568,Inhibition of human MMP9,B,,,BAO_0000190,BAO_0000357,single protein format,CC(C)(C)NC(=O)c1nc(N)c(C(=O)NCCC(=O)N2CCC(C(=O)NO)(S(=O)(=O)c3ccc(Oc4ccc(OC(F)(F)F)cc4)cc3)CC2)nc1N,,,CHEMBL2429723,Bioorg Med Chem Lett,2013.0,"{'bei': '10.94', 'le': '0.22', 'lle': '6.07', 'sei': '3.25'}",,CHEMBL2430286,,CHEMBL2430286,8.39,0,http://www.openphacts.org/units/Nanomolar,1920774,=,1,1,=,,IC50,nM,,4.1,CHEMBL321,Homo sapiens,Matrix metalloproteinase-9,9606,,,IC50,nM,UO_0000065,,4.1,,4.1,CC(C)(C)NC(=O)c1nc(N)c(C(=O)NCCC(=O)N2CCC(C(=O)NO)(S(=O)(=O)c3ccc(Oc4ccc(OC(F)(F)F)cc4)cc3)CC2)nc1N,active
,,13488771,[],CHEMBL2439830,Inhibition of MMP-9 (unknown origin),B,,,BAO_0000190,BAO_0000357,single protein format,O=C(O)[C@H](Cc1ccccc1)NS(=O)(=O)c1ccc(-c2ccccc2)cc1,,,CHEMBL2434956,J Med Chem,2013.0,"{'bei': '17.06', 'le': '0.33', 'lle': '3.18', 'sei': '7.80'}",,CHEMBL351806,,CHEMBL351806,6.51,0,http://www.openphacts.org/units/Nanomolar,1923631,=,1,1,=,,IC50,nM,,310.0,CHEMBL321,Homo sapiens,Matrix metalloproteinase-9,9606,,,IC50,nM,UO_0000065,,310.0,,310.0,O=C(O)[C@H](Cc1ccccc1)NS(=O)(=O)c1ccc(-c2ccccc2)cc1,active
,,13499910,[],CHEMBL2444632,Inhibition of MMP9 catalytic domain (unknown origin) using Mca-Pro-Leu-Gly-Leu-Dpa-Ala-Arg-NH2 as substrate incubated for 30 mins prior to substrate addition measured after 2 to 4 hrs by fluorometric assay,B,,,BAO_0000190,BAO_0000357,single protein format,O=P(O)(O)C(Nc1cccc2ccccc12)P(=O)(O)O,,,CHEMBL2439950,Bioorg Med Chem,2013.0,"{'bei': '16.46', 'le': '0.36', 'lle': '3.33', 'sei': '4.11'}",,CHEMBL2440429,,CHEMBL2440429,5.22,0,http://www.openphacts.org/units/Nanomolar,1926534,=,1,1,=,,IC50,nM,,6000.0,CHEMBL321,Homo sapiens,Matrix metalloproteinase-9,9606,,,IC50,uM,UO_0000065,,6.0,,6000.0,O=P(O)(O)C(Nc1cccc2ccccc12)P(=O)(O)O,intermediate
,,13499912,[],CHEMBL2444632,Inhibition of MMP9 catalytic domain (unknown origin) using Mca-Pro-Leu-Gly-Leu-Dpa-Ala-Arg-NH2 as substrate incubated for 30 mins prior to substrate addition measured after 2 to 4 hrs by fluorometric assay,B,,,BAO_0000190,BAO_0000357,single protein format,O=P(O)(O)C(Nc1ccc(Oc2ccc(Br)cc2)cc1)P(=O)(O)O,,,CHEMBL2439950,Bioorg Med Chem,2013.0,"{'bei': '9.27', 'le': '0.23', 'lle': '0.77', 'sei': '2.98'}",,CHEMBL2440432,,CHEMBL2440432,4.06,0,http://www.openphacts.org/units/Nanomolar,1926539,=,1,1,=,,IC50,nM,,87000.0,CHEMBL321,Homo sapiens,Matrix metalloproteinase-9,9606,,,IC50,uM,UO_0000065,,87.0,,87000.0,O=P(O)(O)C(Nc1ccc(Oc2ccc(Br)cc2)cc1)P(=O)(O)O,inactive
,,13499913,[],CHEMBL2444632,Inhibition of MMP9 catalytic domain (unknown origin) using Mca-Pro-Leu-Gly-Leu-Dpa-Ala-Arg-NH2 as substrate incubated for 30 mins prior to substrate addition measured after 2 to 4 hrs by fluorometric assay,B,,,BAO_0000190,BAO_0000357,single protein format,O=P(O)(O)C(Nc1ccc(Oc2ccc(Cl)cc2)cc1)P(=O)(O)O,,,CHEMBL2439950,Bioorg Med Chem,2013.0,"{'bei': '10.82', 'le': '0.24', 'lle': '1.08', 'sei': '3.12'}",,CHEMBL2440431,,CHEMBL2440431,4.26,0,http://www.openphacts.org/units/Nanomolar,1926538,=,1,1,=,,IC50,nM,,55000.0,CHEMBL321,Homo sapiens,Matrix metalloproteinase-9,9606,,,IC50,uM,UO_0000065,,55.0,,55000.0,O=P(O)(O)C(Nc1ccc(Oc2ccc(Cl)cc2)cc1)P(=O)(O)O,inactive
,,13499927,[],CHEMBL2444632,Inhibition of MMP9 catalytic domain (unknown origin) using Mca-Pro-Leu-Gly-Leu-Dpa-Ala-Arg-NH2 as substrate incubated for 30 mins prior to substrate addition measured after 2 to 4 hrs by fluorometric assay,B,,,BAO_0000190,BAO_0000357,single protein format,O=[N+]([O-])c1ccc(NC(P(=O)(O)O)P(=O)(O)O)cc1,,,CHEMBL2439950,Bioorg Med Chem,2013.0,"{'bei': '15.06', 'le': '0.34', 'lle': '4.05', 'sei': '2.76'}",,CHEMBL2440578,,CHEMBL2440578,4.70,0,http://www.openphacts.org/units/Nanomolar,1926737,=,1,1,=,,IC50,nM,,20000.0,CHEMBL321,Homo sapiens,Matrix metalloproteinase-9,9606,,,IC50,uM,UO_0000065,,20.0,,20000.0,O=[N+]([O-])c1ccc(NC(P(=O)(O)O)P(=O)(O)O)cc1,inactive
,,13499928,[],CHEMBL2444632,Inhibition of MMP9 catalytic domain (unknown origin) using Mca-Pro-Leu-Gly-Leu-Dpa-Ala-Arg-NH2 as substrate incubated for 30 mins prior to substrate addition measured after 2 to 4 hrs by fluorometric assay,B,,,BAO_0000190,BAO_0000357,single protein format,O=P(O)(O)C(Nc1ccc(Br)cc1)P(=O)(O)O,,,CHEMBL2439950,Bioorg Med Chem,2013.0,"{'bei': '13.07', 'le': '0.36', 'lle': '3.02', 'sei': '3.56'}",,CHEMBL2440441,,CHEMBL2440441,4.52,0,http://www.openphacts.org/units/Nanomolar,1926550,=,1,1,=,,IC50,nM,,30000.0,CHEMBL321,Homo sapiens,Matrix metalloproteinase-9,9606,,,IC50,uM,UO_0000065,,30.0,,30000.0,O=P(O)(O)C(Nc1ccc(Br)cc1)P(=O)(O)O,inactive
,,13499932,[],CHEMBL2444632,Inhibition of MMP9 catalytic domain (unknown origin) using Mca-Pro-Leu-Gly-Leu-Dpa-Ala-Arg-NH2 as substrate incubated for 30 mins prior to substrate addition measured after 2 to 4 hrs by fluorometric assay,B,,,BAO_0000190,BAO_0000357,single protein format,O.O=P(O)(O)C(O)(Cn1ccnc1)P(=O)(O)O,,,CHEMBL2439950,Bioorg Med Chem,2013.0,"{'bei': '15.74', 'le': '0.37', 'lle': '5.40', 'sei': '2.80'}",,CHEMBL4303669,ZOLEDRONIC ACID,CHEMBL924,4.28,0,http://www.openphacts.org/units/Nanomolar,1926740,=,1,1,=,,IC50,nM,,52000.0,CHEMBL321,Homo sapiens,Matrix metalloproteinase-9,9606,,,IC50,uM,UO_0000065,,52.0,,52000.0,O=P(O)(O)C(O)(Cn1ccnc1)P(=O)(O)O,inactive
,,13860128,[],CHEMBL3100546,Inhibition of human MMP-9 after 60 mins by FRET assay,B,,,BAO_0000190,BAO_0000357,single protein format,Cc1cc(N)c2cc(NC(=O)c3cccc(-c4cccc5ncccc45)c3)ccc2n1,,,CHEMBL3098056,Bioorg Med Chem,2014.0,"{'bei': '10.63', 'le': '0.19', 'lle': '-1.29', 'sei': '5.32'}",,CHEMBL3098998,,CHEMBL3098998,4.30,0,http://www.openphacts.org/units/Nanomolar,1955989,=,1,1,=,,IC50,nM,,50000.0,CHEMBL321,Homo sapiens,Matrix metalloproteinase-9,9606,,,IC50,uM,UO_0000065,,50.0,,50000.0,Cc1cc(N)c2cc(NC(=O)c3cccc(-c4cccc5ncccc45)c3)ccc2n1,inactive
,,13860129,[],CHEMBL3100546,Inhibition of human MMP-9 after 60 mins by FRET assay,B,,,BAO_0000190,BAO_0000357,single protein format,Cc1cc(N)c2cc(NC(=O)c3cccc(-c4cncc5ccccc45)c3)ccc2n1,,,CHEMBL3098056,Bioorg Med Chem,2014.0,"{'bei': '10.68', 'le': '0.19', 'lle': '-1.27', 'sei': '5.34'}",,CHEMBL3098997,,CHEMBL3098997,4.32,0,http://www.openphacts.org/units/Nanomolar,1955988,=,1,1,=,,IC50,nM,,48000.0,CHEMBL321,Homo sapiens,Matrix metalloproteinase-9,9606,,,IC50,uM,UO_0000065,,48.0,,48000.0,Cc1cc(N)c2cc(NC(=O)c3cccc(-c4cncc5ccccc45)c3)ccc2n1,inactive
,,13860130,[],CHEMBL3100546,Inhibition of human MMP-9 after 60 mins by FRET assay,B,,,BAO_0000190,BAO_0000357,single protein format,Cc1cc(N)c2cc(NC(=O)c3cccc(-c4cnc5ccccc5c4)c3)ccc2n1,,,CHEMBL3098056,Bioorg Med Chem,2014.0,"{'bei': '11.86', 'le': '0.21', 'lle': '-0.79', 'sei': '5.93'}",,CHEMBL3098996,,CHEMBL3098996,4.80,0,http://www.openphacts.org/units/Nanomolar,1955987,=,1,1,=,,IC50,nM,,16000.0,CHEMBL321,Homo sapiens,Matrix metalloproteinase-9,9606,,,IC50,uM,UO_0000065,,16.0,,16000.0,Cc1cc(N)c2cc(NC(=O)c3cccc(-c4cnc5ccccc5c4)c3)ccc2n1,inactive
,,13860132,[],CHEMBL3100546,Inhibition of human MMP-9 after 60 mins by FRET assay,B,,,BAO_0000190,BAO_0000357,single protein format,Cc1cc(N)c2cc(NC(=O)c3ccc(-c4cccc5cccnc45)cc3)ccc2n1,,,CHEMBL3098056,Bioorg Med Chem,2014.0,"{'bei': '11.79', 'le': '0.21', 'lle': '-0.82', 'sei': '5.90'}",,CHEMBL3098994,,CHEMBL3098994,4.77,0,http://www.openphacts.org/units/Nanomolar,1955985,=,1,1,=,,IC50,nM,,17000.0,CHEMBL321,Homo sapiens,Matrix metalloproteinase-9,9606,,,IC50,uM,UO_0000065,,17.0,,17000.0,Cc1cc(N)c2cc(NC(=O)c3ccc(-c4cccc5cccnc45)cc3)ccc2n1,inactive
,,13860134,[],CHEMBL3100546,Inhibition of human MMP-9 after 60 mins by FRET assay,B,,,BAO_0000190,BAO_0000357,single protein format,Cc1cc(N)c2cc(NC(=O)c3ccc(-c4cncc5ccccc45)cc3)ccc2n1,,,CHEMBL3098056,Bioorg Med Chem,2014.0,"{'bei': '12.43', 'le': '0.22', 'lle': '-0.56', 'sei': '6.21'}",,CHEMBL3098992,,CHEMBL3098992,5.03,0,http://www.openphacts.org/units/Nanomolar,1955983,=,1,1,=,,IC50,nM,,9400.0,CHEMBL321,Homo sapiens,Matrix metalloproteinase-9,9606,,,IC50,uM,UO_0000065,,9.4,,9400.0,Cc1cc(N)c2cc(NC(=O)c3ccc(-c4cncc5ccccc45)cc3)ccc2n1,intermediate
,,13860135,[],CHEMBL3100546,Inhibition of human MMP-9 after 60 mins by FRET assay,B,,,BAO_0000190,BAO_0000357,single protein format,Cc1cc(N)c2cc(NC(=O)c3ccc(-c4cnc5ccccc5c4)cc3)ccc2n1,,,CHEMBL3098056,Bioorg Med Chem,2014.0,"{'bei': '12.26', 'le': '0.22', 'lle': '-0.63', 'sei': '6.13'}",,CHEMBL3098991,,CHEMBL3098991,4.96,0,http://www.openphacts.org/units/Nanomolar,1955982,=,1,1,=,,IC50,nM,,11000.0,CHEMBL321,Homo sapiens,Matrix metalloproteinase-9,9606,,,IC50,uM,UO_0000065,,11.0,,11000.0,Cc1cc(N)c2cc(NC(=O)c3ccc(-c4cnc5ccccc5c4)cc3)ccc2n1,inactive
,,13860143,[],CHEMBL3100546,Inhibition of human MMP-9 after 60 mins by FRET assay,B,,,BAO_0000190,BAO_0000357,single protein format,Cc1cc(N)c2cc(NC(=O)c3ccc(-c4ccc5ncccc5c4)cc3)ccc2n1,,,CHEMBL3098056,Bioorg Med Chem,2014.0,"{'bei': '14.26', 'le': '0.25', 'lle': '0.18', 'sei': '7.13'}",,CHEMBL3099031,,CHEMBL3099031,5.77,0,http://www.openphacts.org/units/Nanomolar,1956025,=,1,1,=,,IC50,nM,,1700.0,CHEMBL321,Homo sapiens,Matrix metalloproteinase-9,9606,,,IC50,uM,UO_0000065,,1.7,,1700.0,Cc1cc(N)c2cc(NC(=O)c3ccc(-c4ccc5ncccc5c4)cc3)ccc2n1,intermediate
,,13860156,[],CHEMBL3100546,Inhibition of human MMP-9 after 60 mins by FRET assay,B,,,BAO_0000190,BAO_0000357,single protein format,Cc1cc(N)c2cc(NC(=O)Nc3ccc4nc(C)cc(N)c4c3)ccc2n1,,,CHEMBL3098056,Bioorg Med Chem,2014.0,"{'bei': '10.74', 'le': '0.20', 'lle': '-0.21', 'sei': '3.36'}",,CHEMBL87223,AMINOQUINURIDE,CHEMBL87223,4.00,0,http://www.openphacts.org/units/Nanomolar,1956007,=,1,1,=,,IC50,nM,,100000.0,CHEMBL321,Homo sapiens,Matrix metalloproteinase-9,9606,,,IC50,uM,UO_0000065,,100.0,,100000.0,Cc1cc(N)c2cc(NC(=O)Nc3ccc4nc(C)cc(N)c4c3)ccc2n1,inactive
,,14529478,[],CHEMBL3225488,Inhibition of MMP-9 (unknown origin),B,,,BAO_0000190,BAO_0000357,single protein format,O=CN(O)C(Cc1ccc(C(=O)O)cc1)CS(=O)(=O)c1ccc(Oc2ccc(OC(F)(F)F)cc2)cc1,,,CHEMBL3217621,Medchemcomm,2012.0,"{'bei': '17.19', 'le': '0.34', 'lle': '4.97', 'sei': '7.11'}",,CHEMBL3221177,,CHEMBL3221177,9.28,0,http://www.openphacts.org/units/Nanomolar,2076554,=,1,1,=,,IC50,nM,,0.53,CHEMBL321,Homo sapiens,Matrix metalloproteinase-9,9606,,,IC50,nM,UO_0000065,,0.53,,0.53,O=CN(O)C(Cc1ccc(C(=O)O)cc1)CS(=O)(=O)c1ccc(Oc2ccc(OC(F)(F)F)cc2)cc1,active
,,14529480,[],CHEMBL3225488,Inhibition of MMP-9 (unknown origin),B,,,BAO_0000190,BAO_0000357,single protein format,O=CN(O)C(CS(=O)(=O)c1ccc(Oc2ccc(OC(F)(F)F)cc2)cc1)[C@H]1CCCO1,,,CHEMBL3217621,Medchemcomm,2012.0,"{'bei': '19.97', 'le': '0.41', 'lle': '5.94', 'sei': '9.28'}",,CHEMBL3221178,,CHEMBL3221178,9.49,0,http://www.openphacts.org/units/Nanomolar,2076556,=,1,1,=,,IC50,nM,,0.32,CHEMBL321,Homo sapiens,Matrix metalloproteinase-9,9606,,,IC50,nM,UO_0000065,,0.32,,0.32,O=CN(O)C(CS(=O)(=O)c1ccc(Oc2ccc(OC(F)(F)F)cc2)cc1)[C@H]1CCCO1,active
,,14529485,[],CHEMBL3225488,Inhibition of MMP-9 (unknown origin),B,,,BAO_0000190,BAO_0000357,single protein format,CC1(C)OC[C@H](CC(CS(=O)(=O)c2ccc(Oc3ccc(OC(F)(F)F)cc3)cc2)N(O)C=O)O1,,,CHEMBL3217621,Medchemcomm,2012.0,"{'bei': '15.90', 'le': '0.32', 'lle': '4.35', 'sei': '7.40'}",,CHEMBL3221179,,CHEMBL3221179,8.26,0,http://www.openphacts.org/units/Nanomolar,2076561,=,1,1,=,,IC50,nM,,5.5,CHEMBL321,Homo sapiens,Matrix metalloproteinase-9,9606,,,IC50,nM,UO_0000065,,5.5,,5.5,CC1(C)OC[C@H](CC(CS(=O)(=O)c2ccc(Oc3ccc(OC(F)(F)F)cc3)cc2)N(O)C=O)O1,active
,,14532924,[],CHEMBL3222377,Inhibition of MMP9 (unknown origin) by fluorescence-based FRET assay,B,,,BAO_0000190,BAO_0000357,single protein format,COCc1cc(COc2ccc([C@]3(N)CCN([C@H](CC(C)C)C(=O)NO)C3=O)cc2)c2ccccc2n1,,,CHEMBL3217463,Medchemcomm,2011.0,"{'bei': '11.72', 'le': '0.22', 'lle': '2.67', 'sei': '4.67'}",,CHEMBL3221863,,CHEMBL3221863,5.94,0,http://www.openphacts.org/units/Nanomolar,2077424,=,1,1,=,,IC50,nM,,1156.0,CHEMBL321,Homo sapiens,Matrix metalloproteinase-9,9606,,,IC50,nM,UO_0000065,,1156.0,,1156.0,COCc1cc(COc2ccc([C@]3(N)CCN([C@H](CC(C)C)C(=O)NO)C3=O)cc2)c2ccccc2n1,intermediate
,,14532925,[],CHEMBL3222377,Inhibition of MMP9 (unknown origin) by fluorescence-based FRET assay,B,,,BAO_0000190,BAO_0000357,single protein format,COCCc1cc(COc2ccc([C@]3(N)CCN([C@H](CC(C)C)C(=O)NO)C3=O)cc2)c2ccccc2n1,,,CHEMBL3217463,Medchemcomm,2011.0,"{'bei': '11.37', 'le': '0.21', 'lle': '2.61', 'sei': '4.66'}",,CHEMBL3221864,,CHEMBL3221864,5.92,0,http://www.openphacts.org/units/Nanomolar,2077425,=,1,1,=,,IC50,nM,,1210.0,CHEMBL321,Homo sapiens,Matrix metalloproteinase-9,9606,,,IC50,nM,UO_0000065,,1210.0,,1210.0,COCCc1cc(COc2ccc([C@]3(N)CCN([C@H](CC(C)C)C(=O)NO)C3=O)cc2)c2ccccc2n1,intermediate
,,14532926,[],CHEMBL3222377,Inhibition of MMP9 (unknown origin) by fluorescence-based FRET assay,B,,,BAO_0000190,BAO_0000357,single protein format,Cc1cc(COc2ccc([C@]3(N)CCN([C@H](CC(C)C)C(=O)NO)C3=O)cc2)c2ccccc2n1,,,CHEMBL3217463,Medchemcomm,2011.0,"{'bei': '13.45', 'le': '0.25', 'lle': '2.98', 'sei': '5.44'}",,CHEMBL489100,,CHEMBL489100,6.41,0,http://www.openphacts.org/units/Nanomolar,2077429,=,1,1,=,,IC50,nM,,389.0,CHEMBL321,Homo sapiens,Matrix metalloproteinase-9,9606,,,IC50,nM,UO_0000065,,389.0,,389.0,Cc1cc(COc2ccc([C@]3(N)CCN([C@H](CC(C)C)C(=O)NO)C3=O)cc2)c2ccccc2n1,active
,,15114005,[],CHEMBL3373434,Inhibition of human recombinant MMP9 using fluorescence peptide Cy3-PLGLK(Cy5Q)AR-NH2 substrate by fluorescence assay,B,,,BAO_0000190,BAO_0000357,single protein format,O=C(NO)C1(CS(=O)(=O)c2ccc(Oc3ccc(Cl)cc3)cc2)CCOCC1,,,CHEMBL3352418,Bioorg Med Chem,2014.0,"{'bei': '23.38', 'le': '0.49', 'lle': '6.75', 'sei': '9.77'}",,CHEMBL440498,CTS-1027,CHEMBL440498,9.96,0,http://www.openphacts.org/units/Nanomolar,2251436,=,1,1,=,,IC50,nM,,0.11,CHEMBL321,Homo sapiens,Matrix metalloproteinase-9,9606,,,IC50,nM,UO_0000065,,0.11,,0.11,O=C(NO)C1(CS(=O)(=O)c2ccc(Oc3ccc(Cl)cc3)cc2)CCOCC1,active
,,15115565,[],CHEMBL3388188,Inhibition of MMP9 (unknown origin),B,,,BAO_0000190,BAO_0000357,single protein format,CN(C)c1ccc(-c2cn(-c3ccc(S(=O)(=O)C4(C(=O)NO)CCNCC4)cc3)nn2)cc1,,,CHEMBL3352020,J Med Chem,2014.0,"{'bei': '15.64', 'le': '0.30', 'lle': '5.96', 'sei': '5.68'}",,CHEMBL3359657,,CHEMBL3359657,7.36,0,http://www.openphacts.org/units/Nanomolar,2268650,=,1,1,=,,IC50,nM,,43.9,CHEMBL321,Homo sapiens,Matrix metalloproteinase-9,9606,,,IC50,nM,UO_0000065,,43.9,,43.9,CN(C)c1ccc(-c2cn(-c3ccc(S(=O)(=O)C4(C(=O)NO)CCNCC4)cc3)nn2)cc1,active
,,15115566,[],CHEMBL3388188,Inhibition of MMP9 (unknown origin),B,,,BAO_0000190,BAO_0000357,single protein format,CC(C)N(C)c1ccc(-c2cn(-c3ccc(S(=O)(=O)C4(C(=O)NO)CCNCC4)cc3)nn2)cc1,,,CHEMBL3352020,J Med Chem,2014.0,"{'bei': '12.96', 'le': '0.25', 'lle': '4.28', 'sei': '4.99'}",,CHEMBL3359658,,CHEMBL3359658,6.46,0,http://www.openphacts.org/units/Nanomolar,2268651,=,1,1,=,,IC50,nM,,346.4,CHEMBL321,Homo sapiens,Matrix metalloproteinase-9,9606,,,IC50,nM,UO_0000065,,346.4,,346.4,CC(C)N(C)c1ccc(-c2cn(-c3ccc(S(=O)(=O)C4(C(=O)NO)CCNCC4)cc3)nn2)cc1,active
,,15126632,[],CHEMBL3380039,Inhibition of human recombinant MMP9 catalytic domain using Mca-Pro-Leu-Gly-Leu-Dpa-Ala-Arg-NH2 fluorogenic substrate,B,,,BAO_0000190,BAO_0000357,single protein format,CC(C)C[C@H](CC(=O)NOC(=O)c1ccc(F)cc1)C(=O)N[C@@H](Cc1ccccc1)C(=O)N[C@@H](CCCCNC(=O)c1ccc(F)cc1)C(N)=O,,,CHEMBL3352502,Bioorg Med Chem,2015.0,"{'bei': '7.93', 'le': '0.15', 'lle': '2.12', 'sei': '3.02'}",,CHEMBL3355724,,CHEMBL3355724,5.62,0,http://www.openphacts.org/units/Nanomolar,2252115,=,1,1,=,,IC50,nM,,2420.0,CHEMBL321,Homo sapiens,Matrix metalloproteinase-9,9606,,,IC50,uM,UO_0000065,,2.42,,2420.0,CC(C)C[C@H](CC(=O)NOC(=O)c1ccc(F)cc1)C(=O)N[C@@H](Cc1ccccc1)C(=O)N[C@@H](CCCCNC(=O)c1ccc(F)cc1)C(N)=O,intermediate
,,15126633,[],CHEMBL3380039,Inhibition of human recombinant MMP9 catalytic domain using Mca-Pro-Leu-Gly-Leu-Dpa-Ala-Arg-NH2 fluorogenic substrate,B,,,BAO_0000190,BAO_0000357,single protein format,CC(C)C[C@H](CC(=O)NO)C(=O)N[C@@H](Cc1ccccc1)C(=O)N[C@@H](CCCCNC(=O)c1ccc(F)cc1)C(N)=O,,,CHEMBL3352502,Bioorg Med Chem,2015.0,"{'bei': '12.81', 'le': '0.24', 'lle': '5.52', 'sei': '4.17'}",,CHEMBL3355723,,CHEMBL3355723,7.50,0,http://www.openphacts.org/units/Nanomolar,2252114,=,1,1,=,,IC50,nM,,31.5,CHEMBL321,Homo sapiens,Matrix metalloproteinase-9,9606,,,IC50,nM,UO_0000065,,31.5,,31.5,CC(C)C[C@H](CC(=O)NO)C(=O)N[C@@H](Cc1ccccc1)C(=O)N[C@@H](CCCCNC(=O)c1ccc(F)cc1)C(N)=O,active
,,15126634,[],CHEMBL3380039,Inhibition of human recombinant MMP9 catalytic domain using Mca-Pro-Leu-Gly-Leu-Dpa-Ala-Arg-NH2 fluorogenic substrate,B,,,BAO_0000190,BAO_0000357,single protein format,CC(C)C[C@H](CC(=O)NO)C(=O)N[C@@H](Cc1ccccc1)C(=O)N[C@@H](CCCCN)C(N)=O,,,CHEMBL3352502,Bioorg Med Chem,2015.0,"{'bei': '16.63', 'le': '0.32', 'lle': '7.34', 'sei': '4.36'}",,CHEMBL3355722,,CHEMBL3355722,7.71,0,http://www.openphacts.org/units/Nanomolar,2252113,=,1,1,=,,IC50,nM,,19.5,CHEMBL321,Homo sapiens,Matrix metalloproteinase-9,9606,,,IC50,nM,UO_0000065,,19.5,,19.5,CC(C)C[C@H](CC(=O)NO)C(=O)N[C@@H](Cc1ccccc1)C(=O)N[C@@H](CCCCN)C(N)=O,active
,,15631315,[],CHEMBL3588574,"Inhibition of human active MMP9 using (7-methoxycoumarin-4-yl) acetyl pro-Leu-Gly-Leu-[3-(2,4-dinitrophenyl)-L-2,3-diamino-propionyl]-Ala-Arg-NH2 fluorogenic substrate assessed as fluorescent product release",B,,,BAO_0000190,BAO_0000357,single protein format,CC[C@H](C(=O)O)N(Cc1cccnc1)S(=O)(=O)c1ccc(OC)cc1,,,CHEMBL3585266,Bioorg Med Chem,2015.0,"{'bei': '13.87', 'le': '0.28', 'lle': '2.92', 'sei': '5.22'}",,CHEMBL3585759,,CHEMBL3585759,5.06,0,http://www.openphacts.org/units/Nanomolar,2483955,=,1,1,=,,IC50,nM,,8800.0,CHEMBL321,Homo sapiens,Matrix metalloproteinase-9,9606,,,IC50,nM,UO_0000065,,8800.0,,8800.0,CC[C@H](C(=O)O)N(Cc1cccnc1)S(=O)(=O)c1ccc(OC)cc1,intermediate
,,15631316,[],CHEMBL3588574,"Inhibition of human active MMP9 using (7-methoxycoumarin-4-yl) acetyl pro-Leu-Gly-Leu-[3-(2,4-dinitrophenyl)-L-2,3-diamino-propionyl]-Ala-Arg-NH2 fluorogenic substrate assessed as fluorescent product release",B,,,BAO_0000190,BAO_0000357,single protein format,CC[C@@H](C(=O)O)N(Cc1cccnc1)S(=O)(=O)c1ccc(OC)cc1,,,CHEMBL3585266,Bioorg Med Chem,2015.0,"{'bei': '10.98', 'le': '0.22', 'lle': '1.86', 'sei': '4.13'}",,CHEMBL3585760,,CHEMBL3585760,4.00,0,http://www.openphacts.org/units/Nanomolar,2483956,=,1,1,=,,IC50,nM,,100000.0,CHEMBL321,Homo sapiens,Matrix metalloproteinase-9,9606,,,IC50,nM,UO_0000065,,100000.0,,100000.0,CC[C@@H](C(=O)O)N(Cc1cccnc1)S(=O)(=O)c1ccc(OC)cc1,inactive
,,15631317,[],CHEMBL3588574,"Inhibition of human active MMP9 using (7-methoxycoumarin-4-yl) acetyl pro-Leu-Gly-Leu-[3-(2,4-dinitrophenyl)-L-2,3-diamino-propionyl]-Ala-Arg-NH2 fluorogenic substrate assessed as fluorescent product release",B,,,BAO_0000190,BAO_0000357,single protein format,CC[C@H](C(=O)NO)N(Cc1cccnc1)S(=O)(=O)c1ccc(OC)cc1,,,CHEMBL3585266,Bioorg Med Chem,2015.0,"{'bei': '21.97', 'le': '0.44', 'lle': '6.77', 'sei': '7.66'}",,CHEMBL3585761,,CHEMBL3585761,8.34,0,http://www.openphacts.org/units/Nanomolar,2483957,=,1,1,=,,IC50,nM,,4.6,CHEMBL321,Homo sapiens,Matrix metalloproteinase-9,9606,,,IC50,nM,UO_0000065,,4.6,,4.6,CC[C@H](C(=O)NO)N(Cc1cccnc1)S(=O)(=O)c1ccc(OC)cc1,active
,,15631318,[],CHEMBL3588574,"Inhibition of human active MMP9 using (7-methoxycoumarin-4-yl) acetyl pro-Leu-Gly-Leu-[3-(2,4-dinitrophenyl)-L-2,3-diamino-propionyl]-Ala-Arg-NH2 fluorogenic substrate assessed as fluorescent product release",B,,,BAO_0000190,BAO_0000357,single protein format,CC[C@@H](C(=O)NO)N(Cc1cccnc1)S(=O)(=O)c1ccc(OC)cc1,,,CHEMBL3585266,Bioorg Med Chem,2015.0,"{'bei': '16.22', 'le': '0.32', 'lle': '4.58', 'sei': '5.66'}",,CHEMBL3585762,,CHEMBL3585762,6.16,0,http://www.openphacts.org/units/Nanomolar,2483958,=,1,1,=,,IC50,nM,,700.0,CHEMBL321,Homo sapiens,Matrix metalloproteinase-9,9606,,,IC50,nM,UO_0000065,,700.0,,700.0,CC[C@@H](C(=O)NO)N(Cc1cccnc1)S(=O)(=O)c1ccc(OC)cc1,active
,,15631319,[],CHEMBL3588574,"Inhibition of human active MMP9 using (7-methoxycoumarin-4-yl) acetyl pro-Leu-Gly-Leu-[3-(2,4-dinitrophenyl)-L-2,3-diamino-propionyl]-Ala-Arg-NH2 fluorogenic substrate assessed as fluorescent product release",B,,,BAO_0000190,BAO_0000357,single protein format,COc1ccc(S(=O)(=O)N(Cc2cccnc2)[C@H](CCF)C(=O)O)cc1,,,CHEMBL3585266,Bioorg Med Chem,2015.0,"{'bei': '10.46', 'le': '0.21', 'lle': '1.91', 'sei': '4.13'}",,CHEMBL3585763,,CHEMBL3585763,4.00,0,http://www.openphacts.org/units/Nanomolar,2483959,=,1,1,=,,IC50,nM,,100000.0,CHEMBL321,Homo sapiens,Matrix metalloproteinase-9,9606,,,IC50,nM,UO_0000065,,100000.0,,100000.0,COc1ccc(S(=O)(=O)N(Cc2cccnc2)[C@H](CCF)C(=O)O)cc1,inactive
,,15631320,[],CHEMBL3588574,"Inhibition of human active MMP9 using (7-methoxycoumarin-4-yl) acetyl pro-Leu-Gly-Leu-[3-(2,4-dinitrophenyl)-L-2,3-diamino-propionyl]-Ala-Arg-NH2 fluorogenic substrate assessed as fluorescent product release",B,,,BAO_0000190,BAO_0000357,single protein format,COc1ccc(S(=O)(=O)N(Cc2cccnc2)[C@@H](CCF)C(=O)O)cc1,,,CHEMBL3585266,Bioorg Med Chem,2015.0,"{'bei': '10.46', 'le': '0.21', 'lle': '1.91', 'sei': '4.13'}",,CHEMBL3585764,,CHEMBL3585764,4.00,0,http://www.openphacts.org/units/Nanomolar,2483960,=,1,1,=,,IC50,nM,,100000.0,CHEMBL321,Homo sapiens,Matrix metalloproteinase-9,9606,,,IC50,nM,UO_0000065,,100000.0,,100000.0,COc1ccc(S(=O)(=O)N(Cc2cccnc2)[C@@H](CCF)C(=O)O)cc1,inactive
,,15631321,[],CHEMBL3588574,"Inhibition of human active MMP9 using (7-methoxycoumarin-4-yl) acetyl pro-Leu-Gly-Leu-[3-(2,4-dinitrophenyl)-L-2,3-diamino-propionyl]-Ala-Arg-NH2 fluorogenic substrate assessed as fluorescent product release",B,,,BAO_0000190,BAO_0000357,single protein format,COc1ccc(S(=O)(=O)N(Cc2cccnc2)[C@H](CCF)C(=O)NO)cc1,,,CHEMBL3585266,Bioorg Med Chem,2015.0,"{'bei': '19.90', 'le': '0.40', 'lle': '6.40', 'sei': '7.27'}",,CHEMBL3585765,,CHEMBL3585765,7.91,0,http://www.openphacts.org/units/Nanomolar,2483961,=,1,1,=,,IC50,nM,,12.3,CHEMBL321,Homo sapiens,Matrix metalloproteinase-9,9606,,,IC50,nM,UO_0000065,,12.3,,12.3,COc1ccc(S(=O)(=O)N(Cc2cccnc2)[C@H](CCF)C(=O)NO)cc1,active
,,15631322,[],CHEMBL3588574,"Inhibition of human active MMP9 using (7-methoxycoumarin-4-yl) acetyl pro-Leu-Gly-Leu-[3-(2,4-dinitrophenyl)-L-2,3-diamino-propionyl]-Ala-Arg-NH2 fluorogenic substrate assessed as fluorescent product release",B,,,BAO_0000190,BAO_0000357,single protein format,COc1ccc(S(=O)(=O)N(Cc2cccnc2)[C@@H](CCF)C(=O)NO)cc1,,,CHEMBL3585266,Bioorg Med Chem,2015.0,"{'bei': '21.44', 'le': '0.43', 'lle': '7.01', 'sei': '7.83'}",,CHEMBL3585766,,CHEMBL3585766,8.52,0,http://www.openphacts.org/units/Nanomolar,2483962,=,1,1,=,,IC50,nM,,3.0,CHEMBL321,Homo sapiens,Matrix metalloproteinase-9,9606,,,IC50,nM,UO_0000065,,3.0,,3.0,COc1ccc(S(=O)(=O)N(Cc2cccnc2)[C@@H](CCF)C(=O)NO)cc1,active
,,15631323,[],CHEMBL3588574,"Inhibition of human active MMP9 using (7-methoxycoumarin-4-yl) acetyl pro-Leu-Gly-Leu-[3-(2,4-dinitrophenyl)-L-2,3-diamino-propionyl]-Ala-Arg-NH2 fluorogenic substrate assessed as fluorescent product release",B,,,BAO_0000190,BAO_0000357,single protein format,C=CC[C@H](C(=O)O)N(Cc1cccnc1)S(=O)(=O)c1ccc(OC)cc1,,,CHEMBL3585266,Bioorg Med Chem,2015.0,"{'bei': '15.33', 'le': '0.30', 'lle': '3.46', 'sei': '5.96'}",,CHEMBL3585767,,CHEMBL3585767,5.77,0,http://www.openphacts.org/units/Nanomolar,2483963,=,1,1,=,,IC50,nM,,1700.0,CHEMBL321,Homo sapiens,Matrix metalloproteinase-9,9606,,,IC50,nM,UO_0000065,,1700.0,,1700.0,C=CC[C@H](C(=O)O)N(Cc1cccnc1)S(=O)(=O)c1ccc(OC)cc1,intermediate
,,15631324,[],CHEMBL3588574,"Inhibition of human active MMP9 using (7-methoxycoumarin-4-yl) acetyl pro-Leu-Gly-Leu-[3-(2,4-dinitrophenyl)-L-2,3-diamino-propionyl]-Ala-Arg-NH2 fluorogenic substrate assessed as fluorescent product release",B,,,BAO_0000190,BAO_0000357,single protein format,C=CC[C@@H](C(=O)O)N(Cc1cccnc1)S(=O)(=O)c1ccc(OC)cc1,,,CHEMBL3585266,Bioorg Med Chem,2015.0,"{'bei': '10.63', 'le': '0.21', 'lle': '1.69', 'sei': '4.13'}",,CHEMBL3585768,,CHEMBL3585768,4.00,0,http://www.openphacts.org/units/Nanomolar,2483964,=,1,1,=,,IC50,nM,,100000.0,CHEMBL321,Homo sapiens,Matrix metalloproteinase-9,9606,,,IC50,nM,UO_0000065,,100000.0,,100000.0,C=CC[C@@H](C(=O)O)N(Cc1cccnc1)S(=O)(=O)c1ccc(OC)cc1,inactive
,,15631325,[],CHEMBL3588574,"Inhibition of human active MMP9 using (7-methoxycoumarin-4-yl) acetyl pro-Leu-Gly-Leu-[3-(2,4-dinitrophenyl)-L-2,3-diamino-propionyl]-Ala-Arg-NH2 fluorogenic substrate assessed as fluorescent product release",B,,,BAO_0000190,BAO_0000357,single protein format,C=CC[C@H](C(=O)NO)N(Cc1cccnc1)S(=O)(=O)c1ccc(OC)cc1,,,CHEMBL3585266,Bioorg Med Chem,2015.0,"{'bei': '23.68', 'le': '0.47', 'lle': '7.54', 'sei': '8.52'}",,CHEMBL3585769,,CHEMBL3585769,9.27,0,http://www.openphacts.org/units/Nanomolar,2483965,=,1,1,=,,IC50,nM,,0.54,CHEMBL321,Homo sapiens,Matrix metalloproteinase-9,9606,,,IC50,nM,UO_0000065,,0.54,,0.54,C=CC[C@H](C(=O)NO)N(Cc1cccnc1)S(=O)(=O)c1ccc(OC)cc1,active
,,15631326,[],CHEMBL3588574,"Inhibition of human active MMP9 using (7-methoxycoumarin-4-yl) acetyl pro-Leu-Gly-Leu-[3-(2,4-dinitrophenyl)-L-2,3-diamino-propionyl]-Ala-Arg-NH2 fluorogenic substrate assessed as fluorescent product release",B,,,BAO_0000190,BAO_0000357,single protein format,C=CC[C@@H](C(=O)NO)N(Cc1cccnc1)S(=O)(=O)c1ccc(OC)cc1,,,CHEMBL3585266,Bioorg Med Chem,2015.0,"{'bei': '20.93', 'le': '0.41', 'lle': '6.46', 'sei': '7.53'}",,CHEMBL3585770,,CHEMBL3585770,8.19,0,http://www.openphacts.org/units/Nanomolar,2483966,=,1,1,=,,IC50,nM,,6.4,CHEMBL321,Homo sapiens,Matrix metalloproteinase-9,9606,,,IC50,nM,UO_0000065,,6.4,,6.4,C=CC[C@@H](C(=O)NO)N(Cc1cccnc1)S(=O)(=O)c1ccc(OC)cc1,active
,,15631327,[],CHEMBL3588574,"Inhibition of human active MMP9 using (7-methoxycoumarin-4-yl) acetyl pro-Leu-Gly-Leu-[3-(2,4-dinitrophenyl)-L-2,3-diamino-propionyl]-Ala-Arg-NH2 fluorogenic substrate assessed as fluorescent product release",B,,,BAO_0000190,BAO_0000357,single protein format,C=C(F)C[C@H](C(=O)O)N(Cc1cccnc1)S(=O)(=O)c1ccc(OC)cc1,,,CHEMBL3585266,Bioorg Med Chem,2015.0,"{'bei': '10.14', 'le': '0.20', 'lle': '1.39', 'sei': '4.13'}",,CHEMBL3585771,,CHEMBL3585771,4.00,0,http://www.openphacts.org/units/Nanomolar,2483967,=,1,1,=,,IC50,nM,,100000.0,CHEMBL321,Homo sapiens,Matrix metalloproteinase-9,9606,,,IC50,nM,UO_0000065,,100000.0,,100000.0,C=C(F)C[C@H](C(=O)O)N(Cc1cccnc1)S(=O)(=O)c1ccc(OC)cc1,inactive
,,15631328,[],CHEMBL3588574,"Inhibition of human active MMP9 using (7-methoxycoumarin-4-yl) acetyl pro-Leu-Gly-Leu-[3-(2,4-dinitrophenyl)-L-2,3-diamino-propionyl]-Ala-Arg-NH2 fluorogenic substrate assessed as fluorescent product release",B,,,BAO_0000190,BAO_0000357,single protein format,C=C(F)C[C@@H](C(=O)O)N(Cc1cccnc1)S(=O)(=O)c1ccc(OC)cc1,,,CHEMBL3585266,Bioorg Med Chem,2015.0,"{'bei': '10.14', 'le': '0.20', 'lle': '1.39', 'sei': '4.13'}",,CHEMBL3585772,,CHEMBL3585772,4.00,0,http://www.openphacts.org/units/Nanomolar,2483968,=,1,1,=,,IC50,nM,,100000.0,CHEMBL321,Homo sapiens,Matrix metalloproteinase-9,9606,,,IC50,nM,UO_0000065,,100000.0,,100000.0,C=C(F)C[C@@H](C(=O)O)N(Cc1cccnc1)S(=O)(=O)c1ccc(OC)cc1,inactive
,,15631329,[],CHEMBL3588574,"Inhibition of human active MMP9 using (7-methoxycoumarin-4-yl) acetyl pro-Leu-Gly-Leu-[3-(2,4-dinitrophenyl)-L-2,3-diamino-propionyl]-Ala-Arg-NH2 fluorogenic substrate assessed as fluorescent product release",B,,,BAO_0000190,BAO_0000357,single protein format,C=C(F)C[C@H](C(=O)NO)N(Cc1cccnc1)S(=O)(=O)c1ccc(OC)cc1,,,CHEMBL3585266,Bioorg Med Chem,2015.0,"{'bei': '19.74', 'le': '0.39', 'lle': '6.05', 'sei': '7.43'}",,CHEMBL3585773,,CHEMBL3585773,8.08,0,http://www.openphacts.org/units/Nanomolar,2483969,=,1,1,=,,IC50,nM,,8.3,CHEMBL321,Homo sapiens,Matrix metalloproteinase-9,9606,,,IC50,nM,UO_0000065,,8.3,,8.3,C=C(F)C[C@H](C(=O)NO)N(Cc1cccnc1)S(=O)(=O)c1ccc(OC)cc1,active
,,15631330,[],CHEMBL3588574,"Inhibition of human active MMP9 using (7-methoxycoumarin-4-yl) acetyl pro-Leu-Gly-Leu-[3-(2,4-dinitrophenyl)-L-2,3-diamino-propionyl]-Ala-Arg-NH2 fluorogenic substrate assessed as fluorescent product release",B,,,BAO_0000190,BAO_0000357,single protein format,C=C(F)C[C@@H](C(=O)NO)N(Cc1cccnc1)S(=O)(=O)c1ccc(OC)cc1,,,CHEMBL3585266,Bioorg Med Chem,2015.0,"{'bei': '20.30', 'le': '0.41', 'lle': '6.28', 'sei': '7.64'}",,CHEMBL3585774,,CHEMBL3585774,8.31,0,http://www.openphacts.org/units/Nanomolar,2483970,=,1,1,=,,IC50,nM,,4.9,CHEMBL321,Homo sapiens,Matrix metalloproteinase-9,9606,,,IC50,nM,UO_0000065,,4.9,,4.9,C=C(F)C[C@@H](C(=O)NO)N(Cc1cccnc1)S(=O)(=O)c1ccc(OC)cc1,active
,,15720172,[],CHEMBL3620106,Inhibition of recombinant human activated-MMP9 using Mca-Lys-Pro-Leu-Gly-Leu-Dap(Dnp)-Ala-Arg-NH2 as fluorogenic substrate incubated for 4 hrs followed by substrate addition measured every 10 secs for 20 mins by fluorometric assay,B,,,BAO_0000190,BAO_0000357,single protein format,CC(C)ON([C@H](CCNC(=O)c1ccccc1)C(=O)NO)S(=O)(=O)c1ccc(-c2ccccc2)cc1,,,CHEMBL3616369,J Med Chem,2015.0,"{'bei': '15.73', 'le': '0.31', 'lle': '4.67', 'sei': '6.43'}",,CHEMBL3617400,,CHEMBL3617400,8.05,0,http://www.openphacts.org/units/Nanomolar,2501867,=,1,1,=,,IC50,nM,,9.0,CHEMBL321,Homo sapiens,Matrix metalloproteinase-9,9606,,,IC50,nM,UO_0000065,,9.0,,9.0,CC(C)ON([C@H](CCNC(=O)c1ccccc1)C(=O)NO)S(=O)(=O)c1ccc(-c2ccccc2)cc1,active
,,15720173,[],CHEMBL3620106,Inhibition of recombinant human activated-MMP9 using Mca-Lys-Pro-Leu-Gly-Leu-Dap(Dnp)-Ala-Arg-NH2 as fluorogenic substrate incubated for 4 hrs followed by substrate addition measured every 10 secs for 20 mins by fluorometric assay,B,,,BAO_0000190,BAO_0000357,single protein format,CC(C)ON([C@H](CCNS(C)(=O)=O)C(=O)NO)S(=O)(=O)c1ccc(-c2ccccc2)cc1,,,CHEMBL3616369,J Med Chem,2015.0,"{'bei': '16.61', 'le': '0.34', 'lle': '6.57', 'sei': '5.68'}",,CHEMBL3617401,,CHEMBL3617401,8.07,0,http://www.openphacts.org/units/Nanomolar,2501868,=,1,1,=,,IC50,nM,,8.6,CHEMBL321,Homo sapiens,Matrix metalloproteinase-9,9606,,,IC50,nM,UO_0000065,,8.6,,8.6,CC(C)ON([C@H](CCNS(C)(=O)=O)C(=O)NO)S(=O)(=O)c1ccc(-c2ccccc2)cc1,active
,,15720174,[],CHEMBL3620106,Inhibition of recombinant human activated-MMP9 using Mca-Lys-Pro-Leu-Gly-Leu-Dap(Dnp)-Ala-Arg-NH2 as fluorogenic substrate incubated for 4 hrs followed by substrate addition measured every 10 secs for 20 mins by fluorometric assay,B,,,BAO_0000190,BAO_0000357,single protein format,CC(=O)NCC[C@H](C(=O)NO)N(OC(C)C)S(=O)(=O)c1ccc(-c2ccccc2)cc1,,,CHEMBL3616369,J Med Chem,2015.0,"{'bei': '18.21', 'le': '0.36', 'lle': '6.11', 'sei': '6.55'}",,CHEMBL3617402,,CHEMBL3617402,8.19,0,http://www.openphacts.org/units/Nanomolar,2501869,=,1,1,=,,IC50,nM,,6.5,CHEMBL321,Homo sapiens,Matrix metalloproteinase-9,9606,,,IC50,nM,UO_0000065,,6.5,,6.5,CC(=O)NCC[C@H](C(=O)NO)N(OC(C)C)S(=O)(=O)c1ccc(-c2ccccc2)cc1,active
,,15720175,[],CHEMBL3620106,Inhibition of recombinant human activated-MMP9 using Mca-Lys-Pro-Leu-Gly-Leu-Dap(Dnp)-Ala-Arg-NH2 as fluorogenic substrate incubated for 4 hrs followed by substrate addition measured every 10 secs for 20 mins by fluorometric assay,B,,,BAO_0000190,BAO_0000357,single protein format,CC(C)ON([C@H](CCNC(=O)Cc1ccccc1)C(=O)NO)S(=O)(=O)c1ccc(-c2ccccc2)cc1,,,CHEMBL3616369,J Med Chem,2015.0,"{'bei': '15.59', 'le': '0.30', 'lle': '4.88', 'sei': '6.55'}",,CHEMBL3617403,,CHEMBL3617403,8.19,0,http://www.openphacts.org/units/Nanomolar,2501870,=,1,1,=,,IC50,nM,,6.4,CHEMBL321,Homo sapiens,Matrix metalloproteinase-9,9606,,,IC50,nM,UO_0000065,,6.4,,6.4,CC(C)ON([C@H](CCNC(=O)Cc1ccccc1)C(=O)NO)S(=O)(=O)c1ccc(-c2ccccc2)cc1,active
,,15720176,[],CHEMBL3620106,Inhibition of recombinant human activated-MMP9 using Mca-Lys-Pro-Leu-Gly-Leu-Dap(Dnp)-Ala-Arg-NH2 as fluorogenic substrate incubated for 4 hrs followed by substrate addition measured every 10 secs for 20 mins by fluorometric assay,B,,,BAO_0000190,BAO_0000357,single protein format,COc1ccc(-c2ccc(S(=O)(=O)N(OC(C)C)[C@H](CCNC(C)=O)C(=O)NO)cc2)cc1,,,CHEMBL3616369,J Med Chem,2015.0,"{'bei': '18.14', 'le': '0.36', 'lle': '6.61', 'sei': '6.48'}",,CHEMBL3617404,,CHEMBL3617404,8.70,0,http://www.openphacts.org/units/Nanomolar,2501871,=,1,1,=,,IC50,nM,,2.0,CHEMBL321,Homo sapiens,Matrix metalloproteinase-9,9606,,,IC50,nM,UO_0000065,,2.0,,2.0,COc1ccc(-c2ccc(S(=O)(=O)N(OC(C)C)[C@H](CCNC(C)=O)C(=O)NO)cc2)cc1,active
,,15720177,[],CHEMBL3620106,Inhibition of recombinant human activated-MMP9 using Mca-Lys-Pro-Leu-Gly-Leu-Dap(Dnp)-Ala-Arg-NH2 as fluorogenic substrate incubated for 4 hrs followed by substrate addition measured every 10 secs for 20 mins by fluorometric assay,B,,,BAO_0000190,BAO_0000357,single protein format,COc1ccc(-c2ccc(S(=O)(=O)N(OC(C)C)[C@H](CCNC(=O)Cc3ccccc3)C(=O)NO)cc2)cc1,,,CHEMBL3616369,J Med Chem,2015.0,"{'bei': '15.37', 'le': '0.30', 'lle': '5.22', 'sei': '6.36'}",,CHEMBL3617405,,CHEMBL3617405,8.54,0,http://www.openphacts.org/units/Nanomolar,2501872,=,1,1,=,,IC50,nM,,2.9,CHEMBL321,Homo sapiens,Matrix metalloproteinase-9,9606,,,IC50,nM,UO_0000065,,2.9,,2.9,COc1ccc(-c2ccc(S(=O)(=O)N(OC(C)C)[C@H](CCNC(=O)Cc3ccccc3)C(=O)NO)cc2)cc1,active
,,15720178,[],CHEMBL3620106,Inhibition of recombinant human activated-MMP9 using Mca-Lys-Pro-Leu-Gly-Leu-Dap(Dnp)-Ala-Arg-NH2 as fluorogenic substrate incubated for 4 hrs followed by substrate addition measured every 10 secs for 20 mins by fluorometric assay,B,,,BAO_0000190,BAO_0000357,single protein format,CC(=O)NCC[C@H](C(=O)NO)N(OC(C)C)S(=O)(=O)c1ccccc1,,,CHEMBL3616369,J Med Chem,2015.0,"{'bei': '14.48', 'le': '0.30', 'lle': '4.99', 'sei': '4.33'}",,CHEMBL3617406,,CHEMBL3617406,5.41,0,http://www.openphacts.org/units/Nanomolar,2501873,=,1,1,=,,IC50,nM,,3900.0,CHEMBL321,Homo sapiens,Matrix metalloproteinase-9,9606,,,IC50,nM,UO_0000065,,3900.0,,3900.0,CC(=O)NCC[C@H](C(=O)NO)N(OC(C)C)S(=O)(=O)c1ccccc1,intermediate
,,15720179,[],CHEMBL3620106,Inhibition of recombinant human activated-MMP9 using Mca-Lys-Pro-Leu-Gly-Leu-Dap(Dnp)-Ala-Arg-NH2 as fluorogenic substrate incubated for 4 hrs followed by substrate addition measured every 10 secs for 20 mins by fluorometric assay,B,,,BAO_0000190,BAO_0000357,single protein format,COc1ccc(-c2ccc(S(=O)(=O)N(OC(C)C)[C@H](CCN3C(=O)c4ccccc4C3=O)C(=O)NO)cc2)cc1,,,CHEMBL3616369,J Med Chem,2015.0,"{'bei': '16.50', 'le': '0.32', 'lle': '6.12', 'sei': '6.57'}",,CHEMBL3617407,,CHEMBL3617407,9.37,0,http://www.openphacts.org/units/Nanomolar,2501874,=,1,1,=,,IC50,nM,,0.43,CHEMBL321,Homo sapiens,Matrix metalloproteinase-9,9606,,,IC50,nM,UO_0000065,,0.43,,0.43,COc1ccc(-c2ccc(S(=O)(=O)N(OC(C)C)[C@H](CCN3C(=O)c4ccccc4C3=O)C(=O)NO)cc2)cc1,active
,,15725044,[],CHEMBL3619579,Inhibition of human full length MMP9 using Mca-Pro-Leu-Gly-Leu-Dap(Dnp)-Ala-Arg-NH2 as substrate incubated for 2 hrs prior to testing measured for 15 mins by fluorometric analysis,B,,,BAO_0000190,BAO_0000357,single protein format,Cl.Nc1ccc(Oc2ccc(S(=O)(=O)C[C@@H]3CS3)cc2)cc1,,,CHEMBL3616458,Bioorg Med Chem,2015.0,"{'bei': '19.13', 'le': '0.40', 'lle': '3.20', 'sei': '8.86'}",,CHEMBL3618461,,CHEMBL3618503,6.15,0,http://www.openphacts.org/units/Nanomolar,2503161,=,1,1,=,,IC50,nM,,709.7,CHEMBL321,Homo sapiens,Matrix metalloproteinase-9,9606,,,IC50,nM,UO_0000065,,709.7,,709.7,Nc1ccc(Oc2ccc(S(=O)(=O)C[C@@H]3CS3)cc2)cc1,active
,,15725045,[],CHEMBL3619579,Inhibition of human full length MMP9 using Mca-Pro-Leu-Gly-Leu-Dap(Dnp)-Ala-Arg-NH2 as substrate incubated for 2 hrs prior to testing measured for 15 mins by fluorometric analysis,B,,,BAO_0000190,BAO_0000357,single protein format,Cl.Nc1ccc(Oc2ccc(S(=O)(=O)C[C@H]3CS3)cc2)cc1,,,CHEMBL3616458,Bioorg Med Chem,2015.0,"{'bei': '18.91', 'le': '0.40', 'lle': '3.13', 'sei': '8.76'}",,CHEMBL3618462,,CHEMBL3618504,6.08,0,http://www.openphacts.org/units/Nanomolar,2503162,=,1,1,=,,IC50,nM,,833.0,CHEMBL321,Homo sapiens,Matrix metalloproteinase-9,9606,,,IC50,nM,UO_0000065,,833.0,,833.0,Nc1ccc(Oc2ccc(S(=O)(=O)C[C@H]3CS3)cc2)cc1,active
,,15725046,[],CHEMBL3619579,Inhibition of human full length MMP9 using Mca-Pro-Leu-Gly-Leu-Dap(Dnp)-Ala-Arg-NH2 as substrate incubated for 2 hrs prior to testing measured for 15 mins by fluorometric analysis,B,,,BAO_0000190,BAO_0000357,single protein format,Cl.Nc1ccc(Oc2ccc(S(=O)(=O)CC3CS3)cc2)cc1,,,CHEMBL3616458,Bioorg Med Chem,2015.0,"{'bei': '19.33', 'le': '0.40', 'lle': '3.26', 'sei': '8.96'}",,CHEMBL1834425,,CHEMBL1834422,6.21,0,http://www.openphacts.org/units/Nanomolar,2503163,=,1,1,=,,IC50,nM,,611.0,CHEMBL321,Homo sapiens,Matrix metalloproteinase-9,9606,,,IC50,nM,UO_0000065,,611.0,,611.0,Nc1ccc(Oc2ccc(S(=O)(=O)CC3CS3)cc2)cc1,active
,,15725047,[],CHEMBL3619579,Inhibition of human full length MMP9 using Mca-Pro-Leu-Gly-Leu-Dap(Dnp)-Ala-Arg-NH2 as substrate incubated for 2 hrs prior to testing measured for 15 mins by fluorometric analysis,B,,,BAO_0000190,BAO_0000357,single protein format,CC(=O)Nc1ccc(Oc2ccc(S(=O)(=O)C[C@@H]3CS3)cc2)cc1,,,CHEMBL3616458,Bioorg Med Chem,2015.0,"{'bei': '16.97', 'le': '0.35', 'lle': '2.84', 'sei': '8.51'}",,CHEMBL3618463,,CHEMBL3618463,6.17,0,http://www.openphacts.org/units/Nanomolar,2503164,=,1,1,=,,IC50,nM,,677.2,CHEMBL321,Homo sapiens,Matrix metalloproteinase-9,9606,,,IC50,nM,UO_0000065,,677.2,,677.2,CC(=O)Nc1ccc(Oc2ccc(S(=O)(=O)C[C@@H]3CS3)cc2)cc1,active
,,15725048,[],CHEMBL3619579,Inhibition of human full length MMP9 using Mca-Pro-Leu-Gly-Leu-Dap(Dnp)-Ala-Arg-NH2 as substrate incubated for 2 hrs prior to testing measured for 15 mins by fluorometric analysis,B,,,BAO_0000190,BAO_0000357,single protein format,CC(=O)Nc1ccc(Oc2ccc(S(=O)(=O)C[C@H]3CS3)cc2)cc1,,,CHEMBL3616458,Bioorg Med Chem,2015.0,"{'bei': '17.52', 'le': '0.36', 'lle': '3.04', 'sei': '8.79'}",,CHEMBL3618464,,CHEMBL3618464,6.37,0,http://www.openphacts.org/units/Nanomolar,2503165,=,1,1,=,,IC50,nM,,428.6,CHEMBL321,Homo sapiens,Matrix metalloproteinase-9,9606,,,IC50,nM,UO_0000065,,428.6,,428.6,CC(=O)Nc1ccc(Oc2ccc(S(=O)(=O)C[C@H]3CS3)cc2)cc1,active
,,15725049,[],CHEMBL3619579,Inhibition of human full length MMP9 using Mca-Pro-Leu-Gly-Leu-Dap(Dnp)-Ala-Arg-NH2 as substrate incubated for 2 hrs prior to testing measured for 15 mins by fluorometric analysis,B,,,BAO_0000190,BAO_0000357,single protein format,CC(=O)Nc1ccc(Oc2ccc(S(=O)(=O)CC3CS3)cc2)cc1,,,CHEMBL3616458,Bioorg Med Chem,2015.0,"{'bei': '17.27', 'le': '0.36', 'lle': '2.95', 'sei': '8.66'}",,CHEMBL485492,,CHEMBL485492,6.28,0,http://www.openphacts.org/units/Nanomolar,2503166,=,1,1,=,,IC50,nM,,529.1,CHEMBL321,Homo sapiens,Matrix metalloproteinase-9,9606,,,IC50,nM,UO_0000065,,529.1,,529.1,CC(=O)Nc1ccc(Oc2ccc(S(=O)(=O)CC3CS3)cc2)cc1,active
,,15725054,[],CHEMBL3619579,Inhibition of human full length MMP9 using Mca-Pro-Leu-Gly-Leu-Dap(Dnp)-Ala-Arg-NH2 as substrate incubated for 2 hrs prior to testing measured for 15 mins by fluorometric analysis,B,,,BAO_0000190,BAO_0000357,single protein format,COc1ccc(S(=O)(=O)N(CC(=O)NO)CC(C)C)cc1,,,CHEMBL3616458,Bioorg Med Chem,2015.0,"{'bei': '26.01', 'le': '0.54', 'lle': '7.38', 'sei': '8.58'}",,CHEMBL311932,,CHEMBL311932,8.23,0,http://www.openphacts.org/units/Nanomolar,2503171,=,1,1,=,,IC50,nM,,5.9,CHEMBL321,Homo sapiens,Matrix metalloproteinase-9,9606,,,IC50,nM,UO_0000065,,5.9,,5.9,COc1ccc(S(=O)(=O)N(CC(=O)NO)CC(C)C)cc1,active
,,15746102,[],CHEMBL3625110,Inhibition of APMA-activated human recombinant MMP9 incubated for 5 mins using 4-nitrophenylacetate substrate by esterase assay,B,,,BAO_0000190,BAO_0000357,single protein format,NS(=O)(=O)c1ccc(N2N=C(c3ccccc3)CC2c2cccc3ccccc23)cc1,,,CHEMBL3621140,Bioorg Med Chem Lett,2015.0,"{'bei': '11.61', 'le': '0.22', 'lle': '0.12', 'sei': '6.55'}",,CHEMBL3622219,,CHEMBL3622219,4.96,0,http://www.openphacts.org/units/Nanomolar,2504499,=,1,1,=,,IC50,nM,,10890.0,CHEMBL321,Homo sapiens,Matrix metalloproteinase-9,9606,,,IC50,uM,UO_0000065,,10.89,,10890.0,NS(=O)(=O)c1ccc(N2N=C(c3ccccc3)CC2c2cccc3ccccc23)cc1,inactive
,,15746103,[],CHEMBL3625110,Inhibition of APMA-activated human recombinant MMP9 incubated for 5 mins using 4-nitrophenylacetate substrate by esterase assay,B,,,BAO_0000190,BAO_0000357,single protein format,Cc1ccccc1C1=NN(c2ccc(S(N)(=O)=O)cc2)C(c2cccc3ccccc23)C1,,,CHEMBL3621140,Bioorg Med Chem Lett,2015.0,"{'bei': '11.92', 'le': '0.22', 'lle': '0.12', 'sei': '6.95'}",,CHEMBL3622220,,CHEMBL3622220,5.26,0,http://www.openphacts.org/units/Nanomolar,2504500,=,1,1,=,,IC50,nM,,5430.0,CHEMBL321,Homo sapiens,Matrix metalloproteinase-9,9606,,,IC50,uM,UO_0000065,,5.43,,5430.0,Cc1ccccc1C1=NN(c2ccc(S(N)(=O)=O)cc2)C(c2cccc3ccccc23)C1,intermediate
,,15746104,[],CHEMBL3625110,Inhibition of APMA-activated human recombinant MMP9 incubated for 5 mins using 4-nitrophenylacetate substrate by esterase assay,B,,,BAO_0000190,BAO_0000357,single protein format,NS(=O)(=O)c1ccc(N2N=C(c3ccccc3Cl)CC2c2cccc3ccccc23)cc1,,,CHEMBL3621140,Bioorg Med Chem Lett,2015.0,"{'bei': '10.65', 'le': '0.21', 'lle': '-0.58', 'sei': '6.50'}",,CHEMBL3621216,,CHEMBL3621216,4.92,0,http://www.openphacts.org/units/Nanomolar,2504501,=,1,1,=,,IC50,nM,,11970.0,CHEMBL321,Homo sapiens,Matrix metalloproteinase-9,9606,,,IC50,uM,UO_0000065,,11.97,,11970.0,NS(=O)(=O)c1ccc(N2N=C(c3ccccc3Cl)CC2c2cccc3ccccc23)cc1,inactive
,,15746105,[],CHEMBL3625110,Inhibition of APMA-activated human recombinant MMP9 incubated for 5 mins using 4-nitrophenylacetate substrate by esterase assay,B,,,BAO_0000190,BAO_0000357,single protein format,Cc1cccc(C2=NN(c3ccc(S(N)(=O)=O)cc3)C(c3cccc4ccccc34)C2)c1,,,CHEMBL3621140,Bioorg Med Chem Lett,2015.0,"{'bei': '12.16', 'le': '0.23', 'lle': '0.22', 'sei': '7.08'}",,CHEMBL3622221,,CHEMBL3622221,5.37,0,http://www.openphacts.org/units/Nanomolar,2504502,=,1,1,=,,IC50,nM,,4290.0,CHEMBL321,Homo sapiens,Matrix metalloproteinase-9,9606,,,IC50,uM,UO_0000065,,4.29,,4290.0,Cc1cccc(C2=NN(c3ccc(S(N)(=O)=O)cc3)C(c3cccc4ccccc34)C2)c1,intermediate
,,15746106,[],CHEMBL3625110,Inhibition of APMA-activated human recombinant MMP9 incubated for 5 mins using 4-nitrophenylacetate substrate by esterase assay,B,,,BAO_0000190,BAO_0000357,single protein format,COc1cccc(C2=NN(c3ccc(S(N)(=O)=O)cc3)C(c3cccc4ccccc34)C2)c1,,,CHEMBL3621140,Bioorg Med Chem Lett,2015.0,"{'bei': '11.30', 'le': '0.21', 'lle': '0.32', 'sei': '6.09'}",,CHEMBL3622222,,CHEMBL3622222,5.17,0,http://www.openphacts.org/units/Nanomolar,2504503,=,1,1,=,,IC50,nM,,6720.0,CHEMBL321,Homo sapiens,Matrix metalloproteinase-9,9606,,,IC50,uM,UO_0000065,,6.72,,6720.0,COc1cccc(C2=NN(c3ccc(S(N)(=O)=O)cc3)C(c3cccc4ccccc34)C2)c1,intermediate
,,15746107,[],CHEMBL3625110,Inhibition of APMA-activated human recombinant MMP9 incubated for 5 mins using 4-nitrophenylacetate substrate by esterase assay,B,,,BAO_0000190,BAO_0000357,single protein format,NS(=O)(=O)c1ccc(N2N=C(c3cccc(Br)c3)CC2c2cccc3ccccc23)cc1,,,CHEMBL3621140,Bioorg Med Chem Lett,2015.0,"{'bei': '10.07', 'le': '0.22', 'lle': '-0.51', 'sei': '6.73'}",,CHEMBL3622223,,CHEMBL3622223,5.10,0,http://www.openphacts.org/units/Nanomolar,2504504,=,1,1,=,,IC50,nM,,7970.0,CHEMBL321,Homo sapiens,Matrix metalloproteinase-9,9606,,,IC50,uM,UO_0000065,,7.97,,7970.0,NS(=O)(=O)c1ccc(N2N=C(c3cccc(Br)c3)CC2c2cccc3ccccc23)cc1,intermediate
,,15746108,[],CHEMBL3625110,Inhibition of APMA-activated human recombinant MMP9 incubated for 5 mins using 4-nitrophenylacetate substrate by esterase assay,B,,,BAO_0000190,BAO_0000357,single protein format,NS(=O)(=O)c1ccc(N2N=C(c3cccc(I)c3)CC2c2cccc3ccccc23)cc1,,,CHEMBL3621140,Bioorg Med Chem Lett,2015.0,"{'bei': '8.84', 'le': '0.21', 'lle': '-0.56', 'sei': '6.46'}",,CHEMBL3622224,,CHEMBL3622224,4.89,0,http://www.openphacts.org/units/Nanomolar,2504505,=,1,1,=,,IC50,nM,,12870.0,CHEMBL321,Homo sapiens,Matrix metalloproteinase-9,9606,,,IC50,uM,UO_0000065,,12.87,,12870.0,NS(=O)(=O)c1ccc(N2N=C(c3cccc(I)c3)CC2c2cccc3ccccc23)cc1,inactive
,,15746109,[],CHEMBL3625110,Inhibition of APMA-activated human recombinant MMP9 incubated for 5 mins using 4-nitrophenylacetate substrate by esterase assay,B,,,BAO_0000190,BAO_0000357,single protein format,Cc1ccc(C2=NN(c3ccc(S(N)(=O)=O)cc3)C(c3cccc4ccccc34)C2)cc1,,,CHEMBL3621140,Bioorg Med Chem Lett,2015.0,"{'bei': '10.86', 'le': '0.20', 'lle': '-0.35', 'sei': '6.33'}",,CHEMBL3622225,,CHEMBL3622225,4.80,0,http://www.openphacts.org/units/Nanomolar,2504506,=,1,1,=,,IC50,nM,,15960.0,CHEMBL321,Homo sapiens,Matrix metalloproteinase-9,9606,,,IC50,uM,UO_0000065,,15.96,,15960.0,Cc1ccc(C2=NN(c3ccc(S(N)(=O)=O)cc3)C(c3cccc4ccccc34)C2)cc1,inactive
,,15746110,[],CHEMBL3625110,Inhibition of APMA-activated human recombinant MMP9 incubated for 5 mins using 4-nitrophenylacetate substrate by esterase assay,B,,,BAO_0000190,BAO_0000357,single protein format,Cc1ccc(C2=NN(c3ccc(S(N)(=O)=O)cc3)C(c3cccc4ccccc34)C2)c(C)c1,,,CHEMBL3621140,Bioorg Med Chem Lett,2015.0,"{'bei': '12.57', 'le': '0.24', 'lle': '0.27', 'sei': '7.56'}",,CHEMBL3622226,,CHEMBL3622226,5.73,0,http://www.openphacts.org/units/Nanomolar,2504507,=,1,1,=,,IC50,nM,,1870.0,CHEMBL321,Homo sapiens,Matrix metalloproteinase-9,9606,,,IC50,uM,UO_0000065,,1.87,,1870.0,Cc1ccc(C2=NN(c3ccc(S(N)(=O)=O)cc3)C(c3cccc4ccccc34)C2)c(C)c1,intermediate
,,15746111,[],CHEMBL3625110,Inhibition of APMA-activated human recombinant MMP9 incubated for 5 mins using 4-nitrophenylacetate substrate by esterase assay,B,,,BAO_0000190,BAO_0000357,single protein format,COc1ccc(C2=NN(c3ccc(S(N)(=O)=O)cc3)C(c3cccc4ccccc34)C2)cc1,,,CHEMBL3621140,Bioorg Med Chem Lett,2015.0,"{'bei': '11.07', 'le': '0.21', 'lle': '0.21', 'sei': '5.96'}",,CHEMBL3622784,,CHEMBL3622784,5.07,0,http://www.openphacts.org/units/Nanomolar,2505202,=,1,1,=,,IC50,nM,,8610.0,CHEMBL321,Homo sapiens,Matrix metalloproteinase-9,9606,,,IC50,uM,UO_0000065,,8.61,,8610.0,COc1ccc(C2=NN(c3ccc(S(N)(=O)=O)cc3)C(c3cccc4ccccc34)C2)cc1,intermediate
,,15746112,[],CHEMBL3625110,Inhibition of APMA-activated human recombinant MMP9 incubated for 5 mins using 4-nitrophenylacetate substrate by esterase assay,B,,,BAO_0000190,BAO_0000357,single protein format,CCOc1ccc(C2=NN(c3ccc(S(N)(=O)=O)cc3)C(c3cccc4ccccc34)C2)cc1,,,CHEMBL3621140,Bioorg Med Chem Lett,2015.0,"{'bei': '11.65', 'le': '0.22', 'lle': '0.26', 'sei': '6.47'}",,CHEMBL3622785,,CHEMBL3622785,5.50,0,http://www.openphacts.org/units/Nanomolar,2505203,=,1,1,=,,IC50,nM,,3190.0,CHEMBL321,Homo sapiens,Matrix metalloproteinase-9,9606,,,IC50,uM,UO_0000065,,3.19,,3190.0,CCOc1ccc(C2=NN(c3ccc(S(N)(=O)=O)cc3)C(c3cccc4ccccc34)C2)cc1,intermediate
,,15746113,[],CHEMBL3625110,Inhibition of APMA-activated human recombinant MMP9 incubated for 5 mins using 4-nitrophenylacetate substrate by esterase assay,B,,,BAO_0000190,BAO_0000357,single protein format,NS(=O)(=O)c1ccc(N2N=C(c3ccc(Cl)cc3)CC2c2cccc3ccccc23)cc1,,,CHEMBL3621140,Bioorg Med Chem Lett,2015.0,"{'bei': '11.39', 'le': '0.22', 'lle': '-0.24', 'sei': '6.95'}",,CHEMBL3622786,,CHEMBL3622786,5.26,0,http://www.openphacts.org/units/Nanomolar,2505204,=,1,1,=,,IC50,nM,,5470.0,CHEMBL321,Homo sapiens,Matrix metalloproteinase-9,9606,,,IC50,uM,UO_0000065,,5.47,,5470.0,NS(=O)(=O)c1ccc(N2N=C(c3ccc(Cl)cc3)CC2c2cccc3ccccc23)cc1,intermediate
,,15746114,[],CHEMBL3625110,Inhibition of APMA-activated human recombinant MMP9 incubated for 5 mins using 4-nitrophenylacetate substrate by esterase assay,B,,,BAO_0000190,BAO_0000357,single protein format,NS(=O)(=O)c1ccc(N2N=C(c3ccccc3)CC2c2ccc3ccccc3c2)cc1,,,CHEMBL3621140,Bioorg Med Chem Lett,2015.0,"{'bei': '10.46', 'le': '0.20', 'lle': '-0.37', 'sei': '5.90'}",,CHEMBL3622787,,CHEMBL3622787,4.47,0,http://www.openphacts.org/units/Nanomolar,2505205,=,1,1,=,,IC50,nM,,33750.0,CHEMBL321,Homo sapiens,Matrix metalloproteinase-9,9606,,,IC50,uM,UO_0000065,,33.75,,33750.0,NS(=O)(=O)c1ccc(N2N=C(c3ccccc3)CC2c2ccc3ccccc3c2)cc1,inactive
,,15746115,[],CHEMBL3625110,Inhibition of APMA-activated human recombinant MMP9 incubated for 5 mins using 4-nitrophenylacetate substrate by esterase assay,B,,,BAO_0000190,BAO_0000357,single protein format,Cc1ccccc1C1=NN(c2ccc(S(N)(=O)=O)cc2)C(c2ccc3ccccc3c2)C1,,,CHEMBL3621140,Bioorg Med Chem Lett,2015.0,"{'bei': '11.55', 'le': '0.22', 'lle': '-0.05', 'sei': '6.73'}",,CHEMBL3622788,,CHEMBL3622788,5.10,0,http://www.openphacts.org/units/Nanomolar,2505206,=,1,1,=,,IC50,nM,,7910.0,CHEMBL321,Homo sapiens,Matrix metalloproteinase-9,9606,,,IC50,uM,UO_0000065,,7.91,,7910.0,Cc1ccccc1C1=NN(c2ccc(S(N)(=O)=O)cc2)C(c2ccc3ccccc3c2)C1,intermediate
,,15746116,[],CHEMBL3625110,Inhibition of APMA-activated human recombinant MMP9 incubated for 5 mins using 4-nitrophenylacetate substrate by esterase assay,B,,,BAO_0000190,BAO_0000357,single protein format,NS(=O)(=O)c1ccc(N2N=C(c3ccccc3Cl)CC2c2ccc3ccccc3c2)cc1,,,CHEMBL3621140,Bioorg Med Chem Lett,2015.0,"{'bei': '10.95', 'le': '0.22', 'lle': '-0.44', 'sei': '6.68'}",,CHEMBL3622789,,CHEMBL3622789,5.06,0,http://www.openphacts.org/units/Nanomolar,2505207,=,1,1,=,,IC50,nM,,8720.0,CHEMBL321,Homo sapiens,Matrix metalloproteinase-9,9606,,,IC50,uM,UO_0000065,,8.72,,8720.0,NS(=O)(=O)c1ccc(N2N=C(c3ccccc3Cl)CC2c2ccc3ccccc3c2)cc1,intermediate
,,15746117,[],CHEMBL3625110,Inhibition of APMA-activated human recombinant MMP9 incubated for 5 mins using 4-nitrophenylacetate substrate by esterase assay,B,,,BAO_0000190,BAO_0000357,single protein format,Cc1cccc(C2=NN(c3ccc(S(N)(=O)=O)cc3)C(c3ccc4ccccc4c3)C2)c1,,,CHEMBL3621140,Bioorg Med Chem Lett,2015.0,"{'bei': '11.84', 'le': '0.22', 'lle': '0.08', 'sei': '6.90'}",,CHEMBL3622790,,CHEMBL3622790,5.23,0,http://www.openphacts.org/units/Nanomolar,2505208,=,1,1,=,,IC50,nM,,5920.0,CHEMBL321,Homo sapiens,Matrix metalloproteinase-9,9606,,,IC50,uM,UO_0000065,,5.92,,5920.0,Cc1cccc(C2=NN(c3ccc(S(N)(=O)=O)cc3)C(c3ccc4ccccc4c3)C2)c1,intermediate
,,15746118,[],CHEMBL3625110,Inhibition of APMA-activated human recombinant MMP9 incubated for 5 mins using 4-nitrophenylacetate substrate by esterase assay,B,,,BAO_0000190,BAO_0000357,single protein format,COc1cccc(C2=NN(c3ccc(S(N)(=O)=O)cc3)C(c3ccc4ccccc4c3)C2)c1,,,CHEMBL3621140,Bioorg Med Chem Lett,2015.0,"{'bei': '11.65', 'le': '0.22', 'lle': '0.48', 'sei': '6.27'}",,CHEMBL3622791,,CHEMBL3622791,5.33,0,http://www.openphacts.org/units/Nanomolar,2505209,=,1,1,=,,IC50,nM,,4680.0,CHEMBL321,Homo sapiens,Matrix metalloproteinase-9,9606,,,IC50,uM,UO_0000065,,4.68,,4680.0,COc1cccc(C2=NN(c3ccc(S(N)(=O)=O)cc3)C(c3ccc4ccccc4c3)C2)c1,intermediate
,,15746119,[],CHEMBL3625110,Inhibition of APMA-activated human recombinant MMP9 incubated for 5 mins using 4-nitrophenylacetate substrate by esterase assay,B,,,BAO_0000190,BAO_0000357,single protein format,NS(=O)(=O)c1ccc(N2N=C(c3cccc(F)c3)CC2c2ccc3ccccc3c2)cc1,,,CHEMBL3621140,Bioorg Med Chem Lett,2015.0,"{'bei': '11.73', 'le': '0.22', 'lle': '0.24', 'sei': '6.90'}",,CHEMBL3622792,,CHEMBL3622792,5.22,0,http://www.openphacts.org/units/Nanomolar,2505210,=,1,1,=,,IC50,nM,,5960.0,CHEMBL321,Homo sapiens,Matrix metalloproteinase-9,9606,,,IC50,uM,UO_0000065,,5.96,,5960.0,NS(=O)(=O)c1ccc(N2N=C(c3cccc(F)c3)CC2c2ccc3ccccc3c2)cc1,intermediate
,,15746120,[],CHEMBL3625110,Inhibition of APMA-activated human recombinant MMP9 incubated for 5 mins using 4-nitrophenylacetate substrate by esterase assay,B,,,BAO_0000190,BAO_0000357,single protein format,NS(=O)(=O)c1ccc(N2N=C(c3cccc(Br)c3)CC2c2ccc3ccccc3c2)cc1,,,CHEMBL3621140,Bioorg Med Chem Lett,2015.0,"{'bei': '9.59', 'le': '0.21', 'lle': '-0.75', 'sei': '6.41'}",,CHEMBL3622793,,CHEMBL3622793,4.86,0,http://www.openphacts.org/units/Nanomolar,2505211,=,1,1,=,,IC50,nM,,13890.0,CHEMBL321,Homo sapiens,Matrix metalloproteinase-9,9606,,,IC50,uM,UO_0000065,,13.89,,13890.0,NS(=O)(=O)c1ccc(N2N=C(c3cccc(Br)c3)CC2c2ccc3ccccc3c2)cc1,inactive
,,15746121,[],CHEMBL3625110,Inhibition of APMA-activated human recombinant MMP9 incubated for 5 mins using 4-nitrophenylacetate substrate by esterase assay,B,,,BAO_0000190,BAO_0000357,single protein format,NS(=O)(=O)c1ccc(N2N=C(c3cccc(I)c3)CC2c2ccc3ccccc3c2)cc1,,,CHEMBL3621140,Bioorg Med Chem Lett,2015.0,"{'bei': '9.32', 'le': '0.22', 'lle': '-0.29', 'sei': '6.81'}",,CHEMBL3622794,,CHEMBL3622794,5.16,0,http://www.openphacts.org/units/Nanomolar,2505212,=,1,1,=,,IC50,nM,,6910.0,CHEMBL321,Homo sapiens,Matrix metalloproteinase-9,9606,,,IC50,uM,UO_0000065,,6.91,,6910.0,NS(=O)(=O)c1ccc(N2N=C(c3cccc(I)c3)CC2c2ccc3ccccc3c2)cc1,intermediate
,,15746122,[],CHEMBL3625110,Inhibition of APMA-activated human recombinant MMP9 incubated for 5 mins using 4-nitrophenylacetate substrate by esterase assay,B,,,BAO_0000190,BAO_0000357,single protein format,Cc1ccc(C2=NN(c3ccc(S(N)(=O)=O)cc3)C(c3ccc4ccccc4c3)C2)cc1,,,CHEMBL3621140,Bioorg Med Chem Lett,2015.0,"{'bei': '12.02', 'le': '0.23', 'lle': '0.16', 'sei': '7.00'}",,CHEMBL3622795,,CHEMBL3622795,5.30,0,http://www.openphacts.org/units/Nanomolar,2505213,=,1,1,=,,IC50,nM,,4950.0,CHEMBL321,Homo sapiens,Matrix metalloproteinase-9,9606,,,IC50,uM,UO_0000065,,4.95,,4950.0,Cc1ccc(C2=NN(c3ccc(S(N)(=O)=O)cc3)C(c3ccc4ccccc4c3)C2)cc1,intermediate
,,15746123,[],CHEMBL3625110,Inhibition of APMA-activated human recombinant MMP9 incubated for 5 mins using 4-nitrophenylacetate substrate by esterase assay,B,,,BAO_0000190,BAO_0000357,single protein format,COc1ccc(C2=NN(c3ccc(S(N)(=O)=O)cc3)C(c3ccc4ccccc4c3)C2)cc1,,,CHEMBL3621140,Bioorg Med Chem Lett,2015.0,"{'bei': '10.32', 'le': '0.20', 'lle': '-0.13', 'sei': '5.56'}",,CHEMBL3622796,,CHEMBL3622796,4.72,0,http://www.openphacts.org/units/Nanomolar,2505214,=,1,1,=,,IC50,nM,,18960.0,CHEMBL321,Homo sapiens,Matrix metalloproteinase-9,9606,,,IC50,uM,UO_0000065,,18.96,,18960.0,COc1ccc(C2=NN(c3ccc(S(N)(=O)=O)cc3)C(c3ccc4ccccc4c3)C2)cc1,inactive
,,15746124,[],CHEMBL3625110,Inhibition of APMA-activated human recombinant MMP9 incubated for 5 mins using 4-nitrophenylacetate substrate by esterase assay,B,,,BAO_0000190,BAO_0000357,single protein format,CCOc1ccc(C2=NN(c3ccc(S(N)(=O)=O)cc3)C(c3ccc4ccccc4c3)C2)cc1,,,CHEMBL3621140,Bioorg Med Chem Lett,2015.0,"{'bei': '10.05', 'le': '0.19', 'lle': '-0.50', 'sei': '5.57'}",,CHEMBL3622797,,CHEMBL3622797,4.74,0,http://www.openphacts.org/units/Nanomolar,2505215,=,1,1,=,,IC50,nM,,18310.0,CHEMBL321,Homo sapiens,Matrix metalloproteinase-9,9606,,,IC50,uM,UO_0000065,,18.31,,18310.0,CCOc1ccc(C2=NN(c3ccc(S(N)(=O)=O)cc3)C(c3ccc4ccccc4c3)C2)cc1,inactive
,,15746125,[],CHEMBL3625110,Inhibition of APMA-activated human recombinant MMP9 incubated for 5 mins using 4-nitrophenylacetate substrate by esterase assay,B,,,BAO_0000190,BAO_0000357,single protein format,NS(=O)(=O)c1ccc(N2N=C(c3ccc(F)cc3)CC2c2ccc3ccccc3c2)cc1,,,CHEMBL3621140,Bioorg Med Chem Lett,2015.0,"{'bei': '10.56', 'le': '0.20', 'lle': '-0.28', 'sei': '6.21'}",,CHEMBL3622798,,CHEMBL3622798,4.70,0,http://www.openphacts.org/units/Nanomolar,2505216,=,1,1,=,,IC50,nM,,19810.0,CHEMBL321,Homo sapiens,Matrix metalloproteinase-9,9606,,,IC50,uM,UO_0000065,,19.81,,19810.0,NS(=O)(=O)c1ccc(N2N=C(c3ccc(F)cc3)CC2c2ccc3ccccc3c2)cc1,inactive
,,15746126,[],CHEMBL3625110,Inhibition of APMA-activated human recombinant MMP9 incubated for 5 mins using 4-nitrophenylacetate substrate by esterase assay,B,,,BAO_0000190,BAO_0000357,single protein format,NS(=O)(=O)c1ccc(N2N=C(c3ccc(Cl)cc3)CC2c2ccc3ccccc3c2)cc1,,,CHEMBL3621140,Bioorg Med Chem Lett,2015.0,"{'bei': '11.32', 'le': '0.22', 'lle': '-0.27', 'sei': '6.90'}",,CHEMBL3622799,,CHEMBL3622799,5.23,0,http://www.openphacts.org/units/Nanomolar,2505217,=,1,1,=,,IC50,nM,,5880.0,CHEMBL321,Homo sapiens,Matrix metalloproteinase-9,9606,,,IC50,uM,UO_0000065,,5.88,,5880.0,NS(=O)(=O)c1ccc(N2N=C(c3ccc(Cl)cc3)CC2c2ccc3ccccc3c2)cc1,intermediate
,,15746127,[],CHEMBL3625110,Inhibition of APMA-activated human recombinant MMP9 incubated for 5 mins using 4-nitrophenylacetate substrate by esterase assay,B,,,BAO_0000190,BAO_0000357,single protein format,C[C@@]1(O)c2cccc(O)c2C(=O)C2=C(O)[C@]3(O)C(=O)C(C(N)=O)=C(O)C[C@@H]3C[C@@H]21,,,CHEMBL3621140,Bioorg Med Chem Lett,2015.0,"{'bei': '13.95', 'le': '0.26', 'lle': '5.35', 'sei': '3.14'}",,CHEMBL3622800,,CHEMBL3622800,5.60,0,http://www.openphacts.org/units/Nanomolar,2505220,=,1,1,=,,IC50,nM,,2520.0,CHEMBL321,Homo sapiens,Matrix metalloproteinase-9,9606,,,IC50,uM,UO_0000065,,2.52,,2520.0,C[C@@]1(O)c2cccc(O)c2C(=O)C2=C(O)[C@]3(O)C(=O)C(C(N)=O)=C(O)C[C@@H]3C[C@@H]21,intermediate
,,15761446,[],CHEMBL3635672,Inhibition MMP-9 (unknown origin) using Mca-Lys-Pro-Leu-Gly-Leu-Dpa-Ala-Arg-NH2 as substrate preincubated for 5 mins followed by substrate addition measured for 30 mins by fluorometric assay,B,,,BAO_0000190,BAO_0000357,single protein format,COc1ccc(C(=O)N[C@@H]2C[C@H](C(=O)NO)N(S(=O)(=O)c3ccc(Cl)c(Cl)c3)C2)c(OC)c1,,,CHEMBL3632521,Medchemcomm,2015.0,"{'bei': '12.06', 'le': '0.26', 'lle': '4.17', 'sei': '4.66'}",,CHEMBL2088991,,CHEMBL2088991,6.25,0,http://www.openphacts.org/units/Nanomolar,2510613,=,1,1,=,,IC50,nM,,560.0,CHEMBL321,Homo sapiens,Matrix metalloproteinase-9,9606,,,IC50,uM,UO_0000065,,0.56,,560.0,COc1ccc(C(=O)N[C@@H]2C[C@H](C(=O)NO)N(S(=O)(=O)c3ccc(Cl)c(Cl)c3)C2)c(OC)c1,active
,,15761447,[],CHEMBL3635672,Inhibition MMP-9 (unknown origin) using Mca-Lys-Pro-Leu-Gly-Leu-Dpa-Ala-Arg-NH2 as substrate preincubated for 5 mins followed by substrate addition measured for 30 mins by fluorometric assay,B,,,BAO_0000190,BAO_0000357,single protein format,COc1ccc(C(=O)N[C@H]2C[C@H](C(=O)NO)N(S(=O)(=O)c3ccc(Cl)c(Cl)c3)C2)c(OC)c1,,,CHEMBL3632521,Medchemcomm,2015.0,"{'bei': '11.13', 'le': '0.24', 'lle': '3.69', 'sei': '4.30'}",,CHEMBL2088990,,CHEMBL2088990,5.77,0,http://www.openphacts.org/units/Nanomolar,2510614,=,1,1,=,,IC50,nM,,1710.0,CHEMBL321,Homo sapiens,Matrix metalloproteinase-9,9606,,,IC50,uM,UO_0000065,,1.71,,1710.0,COc1ccc(C(=O)N[C@H]2C[C@H](C(=O)NO)N(S(=O)(=O)c3ccc(Cl)c(Cl)c3)C2)c(OC)c1,intermediate
,,15761448,[],CHEMBL3635672,Inhibition MMP-9 (unknown origin) using Mca-Lys-Pro-Leu-Gly-Leu-Dpa-Ala-Arg-NH2 as substrate preincubated for 5 mins followed by substrate addition measured for 30 mins by fluorometric assay,B,,,BAO_0000190,BAO_0000357,single protein format,O=C(N[C@@H]1C[C@H](C(=O)NO)N(S(=O)(=O)c2ccc(Cl)c(Cl)c2)C1)c1cccs1,,,CHEMBL3632521,Medchemcomm,2015.0,"{'bei': '15.07', 'le': '0.34', 'lle': '4.88', 'sei': '6.04'}",,CHEMBL2088993,,CHEMBL2088993,7.00,0,http://www.openphacts.org/units/Nanomolar,2510615,=,1,1,=,,IC50,nM,,100.0,CHEMBL321,Homo sapiens,Matrix metalloproteinase-9,9606,,,IC50,uM,UO_0000065,,0.1,,100.0,O=C(N[C@@H]1C[C@H](C(=O)NO)N(S(=O)(=O)c2ccc(Cl)c(Cl)c2)C1)c1cccs1,active
,,15761450,[],CHEMBL3635672,Inhibition MMP-9 (unknown origin) using Mca-Lys-Pro-Leu-Gly-Leu-Dpa-Ala-Arg-NH2 as substrate preincubated for 5 mins followed by substrate addition measured for 30 mins by fluorometric assay,B,,,BAO_0000190,BAO_0000357,single protein format,O=C(NO)[C@H]1C[C@H](n2cc(-c3ccccc3)nn2)CN1S(=O)(=O)c1ccc(Cl)c(Cl)c1,,,CHEMBL3632521,Medchemcomm,2015.0,"{'bei': '12.27', 'le': '0.26', 'lle': '3.16', 'sei': '5.04'}",,CHEMBL3633817,,CHEMBL3633817,5.92,0,http://www.openphacts.org/units/Nanomolar,2510618,=,1,1,=,,IC50,nM,,1200.0,CHEMBL321,Homo sapiens,Matrix metalloproteinase-9,9606,,,IC50,uM,UO_0000065,,1.2,,1200.0,O=C(NO)[C@H]1C[C@H](n2cc(-c3ccccc3)nn2)CN1S(=O)(=O)c1ccc(Cl)c(Cl)c1,intermediate
,,15761451,[],CHEMBL3635672,Inhibition MMP-9 (unknown origin) using Mca-Lys-Pro-Leu-Gly-Leu-Dpa-Ala-Arg-NH2 as substrate preincubated for 5 mins followed by substrate addition measured for 30 mins by fluorometric assay,B,,,BAO_0000190,BAO_0000357,single protein format,O=C(NO)[C@H]1C[C@@H](NS(=O)(=O)c2ccc(-c3ccccc3)cc2)CN1S(=O)(=O)c1ccc(Cl)c(Cl)c1,,,CHEMBL3632521,Medchemcomm,2015.0,"{'bei': '10.92', 'le': '0.24', 'lle': '2.95', 'sei': '4.69'}",,CHEMBL3633818,,CHEMBL3633818,6.23,0,http://www.openphacts.org/units/Nanomolar,2510619,=,1,1,=,,IC50,nM,,590.0,CHEMBL321,Homo sapiens,Matrix metalloproteinase-9,9606,,,IC50,uM,UO_0000065,,0.59,,590.0,O=C(NO)[C@H]1C[C@@H](NS(=O)(=O)c2ccc(-c3ccccc3)cc2)CN1S(=O)(=O)c1ccc(Cl)c(Cl)c1,active
,,15761452,[],CHEMBL3635672,Inhibition MMP-9 (unknown origin) using Mca-Lys-Pro-Leu-Gly-Leu-Dpa-Ala-Arg-NH2 as substrate preincubated for 5 mins followed by substrate addition measured for 30 mins by fluorometric assay,B,,,BAO_0000190,BAO_0000357,single protein format,O=C(NO)[C@H]1C[C@H](NS(=O)(=O)c2ccc(-c3ccccc3)cc2)CN1S(=O)(=O)c1ccc(Cl)c(Cl)c1,,,CHEMBL3632521,Medchemcomm,2015.0,"{'bei': '12.66', 'le': '0.27', 'lle': '3.94', 'sei': '5.43'}",,CHEMBL3633819,,CHEMBL3633819,7.22,0,http://www.openphacts.org/units/Nanomolar,2510620,=,1,1,=,,IC50,nM,,60.0,CHEMBL321,Homo sapiens,Matrix metalloproteinase-9,9606,,,IC50,uM,UO_0000065,,0.06,,60.0,O=C(NO)[C@H]1C[C@H](NS(=O)(=O)c2ccc(-c3ccccc3)cc2)CN1S(=O)(=O)c1ccc(Cl)c(Cl)c1,active
,,15761453,[],CHEMBL3635672,Inhibition MMP-9 (unknown origin) using Mca-Lys-Pro-Leu-Gly-Leu-Dpa-Ala-Arg-NH2 as substrate preincubated for 5 mins followed by substrate addition measured for 30 mins by fluorometric assay,B,,,BAO_0000190,BAO_0000357,single protein format,O=C(/C=C/c1ccco1)N[C@H]1C[C@H](C(=O)NO)N(S(=O)(=O)c2ccc(Cl)c(Cl)c2)C1,,,CHEMBL3632521,Medchemcomm,2015.0,"{'bei': '13.59', 'le': '0.29', 'lle': '4.39', 'sei': '5.00'}",,CHEMBL2088994,,CHEMBL2088994,6.44,0,http://www.openphacts.org/units/Nanomolar,2510621,=,1,1,=,,IC50,nM,,360.0,CHEMBL321,Homo sapiens,Matrix metalloproteinase-9,9606,,,IC50,uM,UO_0000065,,0.36,,360.0,O=C(/C=C/c1ccco1)N[C@H]1C[C@H](C(=O)NO)N(S(=O)(=O)c2ccc(Cl)c(Cl)c2)C1,active
,,15761454,[],CHEMBL3635672,Inhibition MMP-9 (unknown origin) using Mca-Lys-Pro-Leu-Gly-Leu-Dpa-Ala-Arg-NH2 as substrate preincubated for 5 mins followed by substrate addition measured for 30 mins by fluorometric assay,B,,,BAO_0000190,BAO_0000357,single protein format,O=C(NO)[C@H]1C[C@@H](OCc2ccccc2)CN1S(=O)(=O)c1ccc(Cl)c(Cl)c1,,,CHEMBL3632521,Medchemcomm,2015.0,"{'bei': '13.58', 'le': '0.29', 'lle': '3.20', 'sei': '6.30'}",,CHEMBL2088987,,CHEMBL2088987,6.05,0,http://www.openphacts.org/units/Nanomolar,2510622,=,1,1,=,,IC50,nM,,900.0,CHEMBL321,Homo sapiens,Matrix metalloproteinase-9,9606,,,IC50,uM,UO_0000065,,0.9,,900.0,O=C(NO)[C@H]1C[C@@H](OCc2ccccc2)CN1S(=O)(=O)c1ccc(Cl)c(Cl)c1,active
,320818,16323765,[],CHEMBL3707542,"Enzyme Assay: The molecules are tested in dose-response studies on the following enzymes MMP1, MMP3, MMP9, ADAMS and ADAM10 according to the same protocol as that described for the TACE enzyme in example 28 but with different substrates (MMP R&D system reference: P126-990 and ADAM R&D system reference: ES003).",B,,,BAO_0000190,BAO_0000357,single protein format,CC1(C)SCCN(S(=O)(=O)c2ccc(OCC#CCO)cc2)C1C(=O)NO,,,CHEMBL3639220,,2015.0,"{'bei': '17.10', 'le': '0.36', 'lle': '6.64', 'sei': '6.10'}",,CHEMBL3392650,,CHEMBL3392650,7.09,0,http://www.openphacts.org/units/Nanomolar,2582458,=,37,1,=,,IC50,nM,,82.0,CHEMBL321,Homo sapiens,Matrix metalloproteinase-9,9606,,,IC50,nM,UO_0000065,,82.0,,82.0,CC1(C)SCCN(S(=O)(=O)c2ccc(OCC#CCO)cc2)C1C(=O)NO,active
,,16435224,[],CHEMBL3756240,"Inhibition of human MMP9 using (7-methoxycoumarin-4-yl) acetyl pro-Leu-Gly-Leu-[3-(2,4-dinitrophenyl)-L-2,3-diamino-propionyl]-Ala-Arg-NH2 as substrate preincubated for 30 mins followed by substrate addition by microplate reader analysis",B,,,BAO_0000190,BAO_0000357,single protein format,COc1ccc(-c2ccc(S(=O)(=O)NC(C(C)C)P(=O)(O)O)cc2)cc1,,,CHEMBL3751799,Bioorg Med Chem,2016.0,"{'bei': '20.16', 'le': '0.42', 'lle': '5.25', 'sei': '7.13'}",,CHEMBL3752564,,CHEMBL3752564,8.05,0,http://www.openphacts.org/units/Nanomolar,2745929,=,1,1,=,,IC50,nM,,8.85,CHEMBL321,Homo sapiens,Matrix metalloproteinase-9,9606,,,IC50,nM,UO_0000065,,8.85,,8.85,COc1ccc(-c2ccc(S(=O)(=O)NC(C(C)C)P(=O)(O)O)cc2)cc1,active
,,16435225,[],CHEMBL3756240,"Inhibition of human MMP9 using (7-methoxycoumarin-4-yl) acetyl pro-Leu-Gly-Leu-[3-(2,4-dinitrophenyl)-L-2,3-diamino-propionyl]-Ala-Arg-NH2 as substrate preincubated for 30 mins followed by substrate addition by microplate reader analysis",B,,,BAO_0000190,BAO_0000357,single protein format,CC(C)C(NS(=O)(=O)c1ccc(-c2ccc(OCCF)cc2)cc1)P(=O)(O)O,,,CHEMBL3751799,Bioorg Med Chem,2016.0,"{'bei': '17.92', 'le': '0.38', 'lle': '4.59', 'sei': '6.85'}",,CHEMBL3754243,,CHEMBL3754243,7.73,0,http://www.openphacts.org/units/Nanomolar,2745930,=,1,1,=,,IC50,nM,,18.5,CHEMBL321,Homo sapiens,Matrix metalloproteinase-9,9606,,,IC50,nM,UO_0000065,,18.5,,18.5,CC(C)C(NS(=O)(=O)c1ccc(-c2ccc(OCCF)cc2)cc1)P(=O)(O)O,active
,,16435226,[],CHEMBL3756240,"Inhibition of human MMP9 using (7-methoxycoumarin-4-yl) acetyl pro-Leu-Gly-Leu-[3-(2,4-dinitrophenyl)-L-2,3-diamino-propionyl]-Ala-Arg-NH2 as substrate preincubated for 30 mins followed by substrate addition by microplate reader analysis",B,,,BAO_0000190,BAO_0000357,single protein format,CC(C)C(NS(=O)(=O)c1ccc(-c2ccc(F)nc2)cc1)P(=O)(O)O,,,CHEMBL3751799,Bioorg Med Chem,2016.0,"{'bei': '16.49', 'le': '0.35', 'lle': '4.08', 'sei': '5.49'}",,CHEMBL3752747,,CHEMBL3752747,6.41,0,http://www.openphacts.org/units/Nanomolar,2745931,=,1,1,=,,IC50,nM,,393.0,CHEMBL321,Homo sapiens,Matrix metalloproteinase-9,9606,,,IC50,nM,UO_0000065,,393.0,,393.0,CC(C)C(NS(=O)(=O)c1ccc(-c2ccc(F)nc2)cc1)P(=O)(O)O,active
,,16435228,[],CHEMBL3756240,"Inhibition of human MMP9 using (7-methoxycoumarin-4-yl) acetyl pro-Leu-Gly-Leu-[3-(2,4-dinitrophenyl)-L-2,3-diamino-propionyl]-Ala-Arg-NH2 as substrate preincubated for 30 mins followed by substrate addition by microplate reader analysis",B,,,BAO_0000190,BAO_0000357,single protein format,CC(C)C(N(Cc1ccccc1)S(=O)(=O)c1ccc(-c2ccc(OCCF)cc2)cc1)P(=O)(O)O,,,CHEMBL3751799,Bioorg Med Chem,2016.0,"{'bei': '13.45', 'le': '0.27', 'lle': '1.97', 'sei': '6.74'}",,CHEMBL3754302,,CHEMBL3754302,7.02,0,http://www.openphacts.org/units/Nanomolar,2745933,=,1,1,=,,IC50,nM,,96.4,CHEMBL321,Homo sapiens,Matrix metalloproteinase-9,9606,,,IC50,nM,UO_0000065,,96.4,,96.4,CC(C)C(N(Cc1ccccc1)S(=O)(=O)c1ccc(-c2ccc(OCCF)cc2)cc1)P(=O)(O)O,active
,,16435230,[],CHEMBL3756240,"Inhibition of human MMP9 using (7-methoxycoumarin-4-yl) acetyl pro-Leu-Gly-Leu-[3-(2,4-dinitrophenyl)-L-2,3-diamino-propionyl]-Ala-Arg-NH2 as substrate preincubated for 30 mins followed by substrate addition by microplate reader analysis",B,,,BAO_0000190,BAO_0000357,single protein format,COc1ccc(-c2ccc(S(=O)(=O)N[C@@H](CCCCCF)P(=O)(O)O)cc2)cc1,,,CHEMBL3751799,Bioorg Med Chem,2016.0,"{'bei': '17.33', 'le': '0.36', 'lle': '4.05', 'sei': '6.84'}",,CHEMBL3751997,,CHEMBL3751997,7.72,0,http://www.openphacts.org/units/Nanomolar,2745935,=,1,1,=,,IC50,nM,,19.0,CHEMBL321,Homo sapiens,Matrix metalloproteinase-9,9606,,,IC50,nM,UO_0000065,,19.0,,19.0,COc1ccc(-c2ccc(S(=O)(=O)N[C@@H](CCCCCF)P(=O)(O)O)cc2)cc1,active
,,16444395,[],CHEMBL3756033,Inhibition of recombinant human MMP9 after 2 hrs using FS-6 as substrate by fluorometry,B,,,BAO_0000190,BAO_0000357,single protein format,CC(C)CN([C@@H](C(=O)NO)C(C)C)S(=O)(=O)c1ccc(-c2ccccc2)cc1,,,CHEMBL3751806,Eur J Med Chem,2016.0,"{'bei': '20.46', 'le': '0.40', 'lle': '4.75', 'sei': '9.54'}",,CHEMBL3754094,,CHEMBL3754094,8.28,0,http://www.openphacts.org/units/Nanomolar,2745203,=,1,1,=,,IC50,nM,,5.3,CHEMBL321,Homo sapiens,Matrix metalloproteinase-9,9606,,,IC50,uM,UO_0000065,,0.0053,,5.3,CC(C)CN([C@@H](C(=O)NO)C(C)C)S(=O)(=O)c1ccc(-c2ccccc2)cc1,active
,,16444396,[],CHEMBL3756033,Inhibition of recombinant human MMP9 after 2 hrs using FS-6 as substrate by fluorometry,B,,,BAO_0000190,BAO_0000357,single protein format,O=C(CCNS(=O)(=O)c1ccc(-c2ccccc2)cc1)NO,,,CHEMBL3751806,Eur J Med Chem,2016.0,"{'bei': '14.31', 'le': '0.28', 'lle': '3.06', 'sei': '4.80'}",,CHEMBL3753984,,CHEMBL3753984,4.58,0,http://www.openphacts.org/units/Nanomolar,2745204,=,1,1,=,,IC50,nM,,26000.0,CHEMBL321,Homo sapiens,Matrix metalloproteinase-9,9606,,,IC50,uM,UO_0000065,,26.0,,26000.0,O=C(CCNS(=O)(=O)c1ccc(-c2ccccc2)cc1)NO,inactive
,,16444399,[],CHEMBL3756033,Inhibition of recombinant human MMP9 after 2 hrs using FS-6 as substrate by fluorometry,B,,,BAO_0000190,BAO_0000357,single protein format,O=C(N[C@H](CCN1C(=O)c2ccccc2C1=O)C(=O)NO)c1ccc(Oc2ccccc2)cc1,,,CHEMBL3751806,Eur J Med Chem,2016.0,"{'bei': '11.07', 'le': '0.20', 'lle': '2.32', 'sei': '4.07'}",,CHEMBL3752374,,CHEMBL3752374,5.09,0,http://www.openphacts.org/units/Nanomolar,2745207,=,1,1,=,,IC50,nM,,8200.0,CHEMBL321,Homo sapiens,Matrix metalloproteinase-9,9606,,,IC50,uM,UO_0000065,,8.2,,8200.0,O=C(N[C@H](CCN1C(=O)c2ccccc2C1=O)C(=O)NO)c1ccc(Oc2ccccc2)cc1,intermediate
,,16444400,[],CHEMBL3756033,Inhibition of recombinant human MMP9 after 2 hrs using FS-6 as substrate by fluorometry,B,,,BAO_0000190,BAO_0000357,single protein format,CC(C)ON(CC(=O)NO)S(=O)(=O)c1ccc(Br)s1,,,CHEMBL3751806,Eur J Med Chem,2016.0,"{'bei': '13.95', 'le': '0.37', 'lle': '3.86', 'sei': '5.43'}",,CHEMBL3754100,,CHEMBL3754100,5.21,0,http://www.openphacts.org/units/Nanomolar,2745208,=,1,1,=,,IC50,nM,,6200.0,CHEMBL321,Homo sapiens,Matrix metalloproteinase-9,9606,,,IC50,uM,UO_0000065,,6.2,,6200.0,CC(C)ON(CC(=O)NO)S(=O)(=O)c1ccc(Br)s1,intermediate
,,16444447,[],CHEMBL3756033,Inhibition of recombinant human MMP9 after 2 hrs using FS-6 as substrate by fluorometry,B,,,BAO_0000190,BAO_0000357,single protein format,COc1ccc(S(=O)(=O)N(CC(=O)NO)OC23CC4CC(CC(C4)C2)C3)cc1,,,CHEMBL3751806,Eur J Med Chem,2016.0,"{'bei': '13.88', 'le': '0.28', 'lle': '3.61', 'sei': '5.42'}",,CHEMBL3752513,,CHEMBL3752513,5.70,0,http://www.openphacts.org/units/Nanomolar,2745210,=,1,1,=,,IC50,nM,,2000.0,CHEMBL321,Homo sapiens,Matrix metalloproteinase-9,9606,,,IC50,uM,UO_0000065,,2.0,,2000.0,COc1ccc(S(=O)(=O)N(CC(=O)NO)OC23CC4CC(CC(C4)C2)C3)cc1,intermediate
,,16457899,[],CHEMBL3761870,Inhibition of full length human recombinant MMP9 using MCA-Arg-Pro-Leu-Gly-Leu-Dpa-Ala-Arg-Glu-Arg-NH2 as substrate preincubated for 60 mins followed by substrate addition by fluorescence assay,B,,,BAO_0000190,BAO_0000357,single protein format,CNC(=O)[C@@H](NC(=O)[C@H](CC(C)C)[C@H](O)C(=O)NO)C(C)(C)C,,,CHEMBL3758105,J Med Chem,2016.0,"{'bei': '15.09', 'le': '0.30', 'lle': '5.21', 'sei': '3.91'}",,CHEMBL279785,MARIMASTAT,CHEMBL279785,5.00,0,http://www.openphacts.org/units/Nanomolar,2748504,=,1,1,=,,IC50,nM,,10000.0,CHEMBL321,Homo sapiens,Matrix metalloproteinase-9,9606,,,pIC50,,UO_0000065,,5.0,,10000.0,CNC(=O)[C@@H](NC(=O)[C@H](CC(C)C)[C@H](O)C(=O)NO)C(C)(C)C,inactive
,,16486091,[],CHEMBL3773751,Inhibition of recombinant human MMP-9 using Mca-Lys-Pro-Leu-Gly-Leu-Dap(Dnp)-Ala-Arg-NH2 as substrate after 3 hrs by fluorometric assay,B,,,BAO_0000190,BAO_0000357,single protein format,CNC(=O)[C@@H](NC(=O)[C@H](CCCc1ccccc1)[C@H](C)N(O)C=O)C(C)(C)C,,,CHEMBL3769331,Eur J Med Chem,2016.0,"{'bei': '21.18', 'le': '0.40', 'lle': '6.15', 'sei': '8.40'}",,CHEMBL1229516,,CHEMBL1229516,8.29,0,http://www.openphacts.org/units/Nanomolar,2761124,=,1,1,=,,IC50,nM,,5.1,CHEMBL321,Homo sapiens,Matrix metalloproteinase-9,9606,,,IC50,nM,UO_0000065,,5.1,,5.1,CNC(=O)[C@@H](NC(=O)[C@H](CCCc1ccccc1)[C@H](C)N(O)C=O)C(C)(C)C,active
,,16486092,[],CHEMBL3773751,Inhibition of recombinant human MMP-9 using Mca-Lys-Pro-Leu-Gly-Leu-Dap(Dnp)-Ala-Arg-NH2 as substrate after 3 hrs by fluorometric assay,B,,,BAO_0000190,BAO_0000357,single protein format,Cc1cc(C#N)ccc1N1CCN(S(=O)(=O)N2CSC[C@@H]2C(=O)NO)CC1,,,CHEMBL3769331,Eur J Med Chem,2016.0,"{'bei': '11.23', 'le': '0.23', 'lle': '4.51', 'sei': '3.95'}",,CHEMBL3770935,,CHEMBL3770935,4.62,0,http://www.openphacts.org/units/Nanomolar,2761123,=,1,1,=,,IC50,nM,,24000.0,CHEMBL321,Homo sapiens,Matrix metalloproteinase-9,9606,,,IC50,nM,UO_0000065,,24000.0,,24000.0,Cc1cc(C#N)ccc1N1CCN(S(=O)(=O)N2CSC[C@@H]2C(=O)NO)CC1,inactive
,,16486093,[],CHEMBL3773751,Inhibition of recombinant human MMP-9 using Mca-Lys-Pro-Leu-Gly-Leu-Dap(Dnp)-Ala-Arg-NH2 as substrate after 3 hrs by fluorometric assay,B,,,BAO_0000190,BAO_0000357,single protein format,Cc1cc(C#N)ccc1N1CCN(S(=O)(=O)N[C@H](CCCNC(=O)OCc2ccccc2)C(=O)NO)CC1,,,CHEMBL3769331,Eur J Med Chem,2016.0,"{'bei': '9.82', 'le': '0.19', 'lle': '3.95', 'sei': '3.26'}",,CHEMBL3770688,,CHEMBL3770688,5.35,0,http://www.openphacts.org/units/Nanomolar,2761122,=,1,1,=,,IC50,nM,,4500.0,CHEMBL321,Homo sapiens,Matrix metalloproteinase-9,9606,,,IC50,nM,UO_0000065,,4500.0,,4500.0,Cc1cc(C#N)ccc1N1CCN(S(=O)(=O)N[C@H](CCCNC(=O)OCc2ccccc2)C(=O)NO)CC1,intermediate
,,16549267,[],CHEMBL3796470,Inhibition of human recombinant MMP9 using Mca-Pro-Leu-Gly-Leu-Dpa-Ala-Arg-NH2 as substrate preincubated for 60 mins followed by substrate addition by fluorimetric analysis,B,,,BAO_0000190,BAO_0000357,single protein format,CNC(=O)[C@H](Cc1c[nH]c2ccccc12)NC(=O)[C@@H](CC(=O)Nc1ccccc1N)CC(C)C,,,CHEMBL3792275,Bioorg Med Chem Lett,2016.0,"{'bei': '12.51', 'le': '0.23', 'lle': '2.59', 'sei': '4.49'}",,CHEMBL3792916,,CHEMBL3792916,5.80,0,http://www.openphacts.org/units/Nanomolar,2772237,=,1,1,=,,IC50,nM,,1579.01,CHEMBL321,Homo sapiens,Matrix metalloproteinase-9,9606,,,IC50,nM,UO_0000065,,1579.01,,1579.01,CNC(=O)[C@H](Cc1c[nH]c2ccccc12)NC(=O)[C@@H](CC(=O)Nc1ccccc1N)CC(C)C,intermediate
,,16549277,[],CHEMBL3796470,Inhibition of human recombinant MMP9 using Mca-Pro-Leu-Gly-Leu-Dpa-Ala-Arg-NH2 as substrate preincubated for 60 mins followed by substrate addition by fluorimetric analysis,B,,,BAO_0000190,BAO_0000357,single protein format,CNC(=O)[C@H](Cc1c[nH]c2ccccc12)NC(=O)[C@@H](CC(=O)NO)CC(C)C,,,CHEMBL3792275,Bioorg Med Chem Lett,2016.0,"{'bei': '23.84', 'le': '0.45', 'lle': '7.76', 'sei': '7.51'}",,CHEMBL19611,ILOMASTAT,CHEMBL19611,9.26,0,http://www.openphacts.org/units/Nanomolar,2772245,=,1,1,=,,IC50,nM,,0.55,CHEMBL321,Homo sapiens,Matrix metalloproteinase-9,9606,,,IC50,nM,UO_0000065,,0.55,,0.55,CNC(=O)[C@H](Cc1c[nH]c2ccccc12)NC(=O)[C@@H](CC(=O)NO)CC(C)C,active
,,16549289,[],CHEMBL3796470,Inhibition of human recombinant MMP9 using Mca-Pro-Leu-Gly-Leu-Dpa-Ala-Arg-NH2 as substrate preincubated for 60 mins followed by substrate addition by fluorimetric analysis,B,,,BAO_0000190,BAO_0000357,single protein format,CNC(=O)[C@H](Cc1c[nH]c2ccccc12)NC(=O)[C@@H](CC(=O)Nc1ccc(F)cc1N)CC(C)C,,,CHEMBL3792275,Bioorg Med Chem Lett,2016.0,"{'bei': '16.84', 'le': '0.32', 'lle': '4.76', 'sei': '6.28'}",,CHEMBL3792842,,CHEMBL3792842,8.11,0,http://www.openphacts.org/units/Nanomolar,2772238,=,1,1,=,,IC50,nM,,7.75,CHEMBL321,Homo sapiens,Matrix metalloproteinase-9,9606,,,IC50,nM,UO_0000065,,7.75,,7.75,CNC(=O)[C@H](Cc1c[nH]c2ccccc12)NC(=O)[C@@H](CC(=O)Nc1ccc(F)cc1N)CC(C)C,active
,,16549298,[],CHEMBL3796470,Inhibition of human recombinant MMP9 using Mca-Pro-Leu-Gly-Leu-Dpa-Ala-Arg-NH2 as substrate preincubated for 60 mins followed by substrate addition by fluorimetric analysis,B,,,BAO_0000190,BAO_0000357,single protein format,CNC(=O)[C@H](Cc1c[nH]c2ccccc12)NC(=O)[C@@H](CC(=O)Nc1ccc(C)cc1N)CC(C)C,,,CHEMBL3792275,Bioorg Med Chem Lett,2016.0,"{'bei': '10.76', 'le': '0.20', 'lle': '1.62', 'sei': '3.98'}",,CHEMBL3794076,,CHEMBL3794076,5.14,0,http://www.openphacts.org/units/Nanomolar,2772241,=,1,1,=,,IC50,nM,,7297.04,CHEMBL321,Homo sapiens,Matrix metalloproteinase-9,9606,,,IC50,nM,UO_0000065,,7297.04,,7297.04,CNC(=O)[C@H](Cc1c[nH]c2ccccc12)NC(=O)[C@@H](CC(=O)Nc1ccc(C)cc1N)CC(C)C,intermediate
,,16549301,[],CHEMBL3796470,Inhibition of human recombinant MMP9 using Mca-Pro-Leu-Gly-Leu-Dpa-Ala-Arg-NH2 as substrate preincubated for 60 mins followed by substrate addition by fluorimetric analysis,B,,,BAO_0000190,BAO_0000357,single protein format,CNC(=O)[C@H](Cc1c[nH]c2ccccc12)NC(=O)[C@@H](CC(=O)Nc1ccc(Br)cc1N)CC(C)C,,,CHEMBL3792275,Bioorg Med Chem Lett,2016.0,"{'bei': '13.94', 'le': '0.30', 'lle': '3.58', 'sei': '5.86'}",,CHEMBL3793480,,CHEMBL3793480,7.56,0,http://www.openphacts.org/units/Nanomolar,2772242,=,1,1,=,,IC50,nM,,27.32,CHEMBL321,Homo sapiens,Matrix metalloproteinase-9,9606,,,IC50,nM,UO_0000065,,27.32,,27.32,CNC(=O)[C@H](Cc1c[nH]c2ccccc12)NC(=O)[C@@H](CC(=O)Nc1ccc(Br)cc1N)CC(C)C,active
,,16549304,[],CHEMBL3796470,Inhibition of human recombinant MMP9 using Mca-Pro-Leu-Gly-Leu-Dpa-Ala-Arg-NH2 as substrate preincubated for 60 mins followed by substrate addition by fluorimetric analysis,B,,,BAO_0000190,BAO_0000357,single protein format,CNC(=O)[C@H](Cc1c[nH]c2ccccc12)NC(=O)[C@@H](CC(=O)Nc1ccccc1NC(C)=O)CC(C)C,,,CHEMBL3792275,Bioorg Med Chem Lett,2016.0,"{'bei': '13.47', 'le': '0.25', 'lle': '3.22', 'sei': '5.15'}",,CHEMBL3794512,,CHEMBL3794512,6.81,0,http://www.openphacts.org/units/Nanomolar,2772243,=,1,1,=,,IC50,nM,,155.19,CHEMBL321,Homo sapiens,Matrix metalloproteinase-9,9606,,,IC50,nM,UO_0000065,,155.19,,155.19,CNC(=O)[C@H](Cc1c[nH]c2ccccc12)NC(=O)[C@@H](CC(=O)Nc1ccccc1NC(C)=O)CC(C)C,active
,,16549307,[],CHEMBL3796470,Inhibition of human recombinant MMP9 using Mca-Pro-Leu-Gly-Leu-Dpa-Ala-Arg-NH2 as substrate preincubated for 60 mins followed by substrate addition by fluorimetric analysis,B,,,BAO_0000190,BAO_0000357,single protein format,CNC(=O)[C@H](Cc1c[nH]c2ccccc12)NC(=O)[C@@H](CC(=O)Nc1cccc(N)c1)CC(C)C,,,CHEMBL3792275,Bioorg Med Chem Lett,2016.0,"{'bei': '16.97', 'le': '0.32', 'lle': '4.66', 'sei': '6.09'}",,CHEMBL3792940,,CHEMBL3792940,7.87,0,http://www.openphacts.org/units/Nanomolar,2772244,=,1,1,=,,IC50,nM,,13.52,CHEMBL321,Homo sapiens,Matrix metalloproteinase-9,9606,,,IC50,nM,UO_0000065,,13.52,,13.52,CNC(=O)[C@H](Cc1c[nH]c2ccccc12)NC(=O)[C@@H](CC(=O)Nc1cccc(N)c1)CC(C)C,active
,,16645636,[],CHEMBL3830611,Inhibition of human recombinant MMP9 by colorimetric analysis,B,,,BAO_0000190,BAO_0000357,single protein format,O=C(CC[C@H](NS(=O)(=O)c1ccc(-c2ccccc2)cc1)C(=O)O)Nc1ccccc1,,,CHEMBL3826960,Bioorg Med Chem,2016.0,"{'bei': '12.24', 'le': '0.24', 'lle': '1.87', 'sei': '4.77'}",,CHEMBL3827735,,CHEMBL3827735,5.37,0,http://www.openphacts.org/units/Nanomolar,2788470,=,1,1,=,,IC50,nM,,4282.0,CHEMBL321,Homo sapiens,Matrix metalloproteinase-9,9606,,,IC50,nM,UO_0000065,,4282.0,,4282.0,O=C(CC[C@H](NS(=O)(=O)c1ccc(-c2ccccc2)cc1)C(=O)O)Nc1ccccc1,intermediate
,,16645637,[],CHEMBL3830611,Inhibition of human recombinant MMP9 by colorimetric analysis,B,,,BAO_0000190,BAO_0000357,single protein format,O=C(CC[C@H](NS(=O)(=O)c1ccc(-c2ccccc2)cc1)C(=O)O)NC1CCCCC1,,,CHEMBL3826960,Bioorg Med Chem,2016.0,"{'bei': '13.94', 'le': '0.27', 'lle': '2.89', 'sei': '5.50'}",,CHEMBL3827615,,CHEMBL3827615,6.20,0,http://www.openphacts.org/units/Nanomolar,2788469,=,1,1,=,,IC50,nM,,636.0,CHEMBL321,Homo sapiens,Matrix metalloproteinase-9,9606,,,IC50,nM,UO_0000065,,636.0,,636.0,O=C(CC[C@H](NS(=O)(=O)c1ccc(-c2ccccc2)cc1)C(=O)O)NC1CCCCC1,active
,,16645638,[],CHEMBL3830611,Inhibition of human recombinant MMP9 by colorimetric analysis,B,,,BAO_0000190,BAO_0000357,single protein format,CCCCCCNC(=O)CC[C@H](NS(=O)(=O)c1ccc(-c2ccccc2)cc1)C(=O)O,,,CHEMBL3826960,Bioorg Med Chem,2016.0,"{'bei': '11.71', 'le': '0.23', 'lle': '1.67', 'sei': '4.65'}",,CHEMBL3827453,,CHEMBL3827453,5.23,0,http://www.openphacts.org/units/Nanomolar,2788468,=,1,1,=,,IC50,nM,,5882.0,CHEMBL321,Homo sapiens,Matrix metalloproteinase-9,9606,,,IC50,nM,UO_0000065,,5882.0,,5882.0,CCCCCCNC(=O)CC[C@H](NS(=O)(=O)c1ccc(-c2ccccc2)cc1)C(=O)O,intermediate
,,16645639,[],CHEMBL3830611,Inhibition of human recombinant MMP9 by colorimetric analysis,B,,,BAO_0000190,BAO_0000357,single protein format,CCCCCNC(=O)CC[C@H](NS(=O)(=O)c1ccc(-c2ccccc2)cc1)C(=O)O,,,CHEMBL3826960,Bioorg Med Chem,2016.0,"{'bei': '12.12', 'le': '0.24', 'lle': '2.07', 'sei': '4.66'}",,CHEMBL3827162,,CHEMBL3827162,5.24,0,http://www.openphacts.org/units/Nanomolar,2788467,=,1,1,=,,IC50,nM,,5715.0,CHEMBL321,Homo sapiens,Matrix metalloproteinase-9,9606,,,IC50,nM,UO_0000065,,5715.0,,5715.0,CCCCCNC(=O)CC[C@H](NS(=O)(=O)c1ccc(-c2ccccc2)cc1)C(=O)O,intermediate
,,16645640,[],CHEMBL3830611,Inhibition of human recombinant MMP9 by colorimetric analysis,B,,,BAO_0000190,BAO_0000357,single protein format,CC(C)(C)NC(=O)CC[C@H](NS(=O)(=O)c1ccc(-c2ccccc2)cc1)C(=O)O,,,CHEMBL3826960,Bioorg Med Chem,2016.0,"{'bei': '12.12', 'le': '0.24', 'lle': '2.29', 'sei': '4.50'}",,CHEMBL3828527,,CHEMBL3828527,5.07,0,http://www.openphacts.org/units/Nanomolar,2788466,=,1,1,=,,IC50,nM,,8500.0,CHEMBL321,Homo sapiens,Matrix metalloproteinase-9,9606,,,IC50,nM,UO_0000065,,8500.0,,8500.0,CC(C)(C)NC(=O)CC[C@H](NS(=O)(=O)c1ccc(-c2ccccc2)cc1)C(=O)O,intermediate
,,16645641,[],CHEMBL3830611,Inhibition of human recombinant MMP9 by colorimetric analysis,B,,,BAO_0000190,BAO_0000357,single protein format,CC(C)CNC(=O)CC[C@H](NS(=O)(=O)c1ccc(-c2ccccc2)cc1)C(=O)O,,,CHEMBL3826960,Bioorg Med Chem,2016.0,"{'bei': '12.16', 'le': '0.24', 'lle': '2.45', 'sei': '4.52'}",,CHEMBL3827640,,CHEMBL3827640,5.09,0,http://www.openphacts.org/units/Nanomolar,2788465,=,1,1,=,,IC50,nM,,8170.0,CHEMBL321,Homo sapiens,Matrix metalloproteinase-9,9606,,,IC50,nM,UO_0000065,,8170.0,,8170.0,CC(C)CNC(=O)CC[C@H](NS(=O)(=O)c1ccc(-c2ccccc2)cc1)C(=O)O,intermediate
,,16645642,[],CHEMBL3830611,Inhibition of human recombinant MMP9 by colorimetric analysis,B,,,BAO_0000190,BAO_0000357,single protein format,CCCCNC(=O)CC[C@H](NS(=O)(=O)c1ccc(-c2ccccc2)cc1)C(=O)O,,,CHEMBL3826960,Bioorg Med Chem,2016.0,"{'bei': '14.68', 'le': '0.29', 'lle': '3.37', 'sei': '5.46'}",,CHEMBL3827250,,CHEMBL3827250,6.15,0,http://www.openphacts.org/units/Nanomolar,2788464,=,1,1,=,,IC50,nM,,714.9,CHEMBL321,Homo sapiens,Matrix metalloproteinase-9,9606,,,IC50,nM,UO_0000065,,714.9,,714.9,CCCCNC(=O)CC[C@H](NS(=O)(=O)c1ccc(-c2ccccc2)cc1)C(=O)O,active
,,16645643,[],CHEMBL3830611,Inhibition of human recombinant MMP9 by colorimetric analysis,B,,,BAO_0000190,BAO_0000357,single protein format,CC(C)NC(=O)CC[C@H](NS(=O)(=O)c1ccc(-c2ccccc2)cc1)C(=O)O,,,CHEMBL3826960,Bioorg Med Chem,2016.0,"{'bei': '12.68', 'le': '0.25', 'lle': '2.74', 'sei': '4.56'}",,CHEMBL3827781,,CHEMBL3827781,5.13,0,http://www.openphacts.org/units/Nanomolar,2788463,=,1,1,=,,IC50,nM,,7407.0,CHEMBL321,Homo sapiens,Matrix metalloproteinase-9,9606,,,IC50,nM,UO_0000065,,7407.0,,7407.0,CC(C)NC(=O)CC[C@H](NS(=O)(=O)c1ccc(-c2ccccc2)cc1)C(=O)O,intermediate
,,16654565,[],CHEMBL3830611,Inhibition of human recombinant MMP9 by colorimetric analysis,B,,,BAO_0000190,BAO_0000357,single protein format,NC(=O)CC[C@H](NS(=O)(=O)c1ccc(-c2ccccc2)cc1)C(=O)O,,,CHEMBL3826960,Bioorg Med Chem,2016.0,"{'bei': '14.15', 'le': '0.28', 'lle': '3.78', 'sei': '4.05'}",,CHEMBL3827869,,CHEMBL3827869,5.13,0,http://www.openphacts.org/units/Nanomolar,2788459,=,1,1,=,,IC50,nM,,7432.0,CHEMBL321,Homo sapiens,Matrix metalloproteinase-9,9606,,,IC50,nM,UO_0000065,,7432.0,,7432.0,NC(=O)CC[C@H](NS(=O)(=O)c1ccc(-c2ccccc2)cc1)C(=O)O,intermediate
,,16654566,[],CHEMBL3830611,Inhibition of human recombinant MMP9 by colorimetric analysis,B,,,BAO_0000190,BAO_0000357,single protein format,CCCNC(=O)CC[C@H](NS(=O)(=O)c1ccc(-c2ccccc2)cc1)C(=O)O,,,CHEMBL3826960,Bioorg Med Chem,2016.0,"{'bei': '12.23', 'le': '0.24', 'lle': '2.56', 'sei': '4.40'}",,CHEMBL3827306,,CHEMBL3827306,4.95,0,http://www.openphacts.org/units/Nanomolar,2788462,=,1,1,=,,IC50,nM,,11280.0,CHEMBL321,Homo sapiens,Matrix metalloproteinase-9,9606,,,IC50,nM,UO_0000065,,11280.0,,11280.0,CCCNC(=O)CC[C@H](NS(=O)(=O)c1ccc(-c2ccccc2)cc1)C(=O)O,inactive
,,16654567,[],CHEMBL3830611,Inhibition of human recombinant MMP9 by colorimetric analysis,B,,,BAO_0000190,BAO_0000357,single protein format,CCNC(=O)CC[C@H](NS(=O)(=O)c1ccc(-c2ccccc2)cc1)C(=O)O,,,CHEMBL3826960,Bioorg Med Chem,2016.0,"{'bei': '12.96', 'le': '0.26', 'lle': '3.06', 'sei': '4.49'}",,CHEMBL3828315,,CHEMBL3828315,5.06,0,http://www.openphacts.org/units/Nanomolar,2788461,=,1,1,=,,IC50,nM,,8710.0,CHEMBL321,Homo sapiens,Matrix metalloproteinase-9,9606,,,IC50,nM,UO_0000065,,8710.0,,8710.0,CCNC(=O)CC[C@H](NS(=O)(=O)c1ccc(-c2ccccc2)cc1)C(=O)O,intermediate
,,16654568,[],CHEMBL3830611,Inhibition of human recombinant MMP9 by colorimetric analysis,B,,,BAO_0000190,BAO_0000357,single protein format,CNC(=O)CC[C@H](NS(=O)(=O)c1ccc(-c2ccccc2)cc1)C(=O)O,,,CHEMBL3826960,Bioorg Med Chem,2016.0,"{'bei': '11.73', 'le': '0.23', 'lle': '2.81', 'sei': '3.92'}",,CHEMBL3828088,,CHEMBL3828088,4.42,0,http://www.openphacts.org/units/Nanomolar,2788460,=,1,1,=,,IC50,nM,,38449.0,CHEMBL321,Homo sapiens,Matrix metalloproteinase-9,9606,,,IC50,nM,UO_0000065,,38449.0,,38449.0,CNC(=O)CC[C@H](NS(=O)(=O)c1ccc(-c2ccccc2)cc1)C(=O)O,inactive
,,16654584,[],CHEMBL3830611,Inhibition of human recombinant MMP9 by colorimetric analysis,B,,,BAO_0000190,BAO_0000357,single protein format,COc1ccc(CNC(=O)CC[C@H](NS(=O)(=O)c2ccc(-c3ccccc3)cc2)C(=O)O)cc1,,,CHEMBL3826960,Bioorg Med Chem,2016.0,"{'bei': '11.89', 'le': '0.23', 'lle': '2.55', 'sei': '4.71'}",,CHEMBL3828270,,CHEMBL3828270,5.74,0,http://www.openphacts.org/units/Nanomolar,2788483,=,1,1,=,,IC50,nM,,1824.0,CHEMBL321,Homo sapiens,Matrix metalloproteinase-9,9606,,,IC50,nM,UO_0000065,,1824.0,,1824.0,COc1ccc(CNC(=O)CC[C@H](NS(=O)(=O)c2ccc(-c3ccccc3)cc2)C(=O)O)cc1,intermediate
,,16654585,[],CHEMBL3830611,Inhibition of human recombinant MMP9 by colorimetric analysis,B,,,BAO_0000190,BAO_0000357,single protein format,O=C(CC[C@H](NS(=O)(=O)c1ccc(-c2ccccc2)cc1)C(=O)O)NCc1ccc(F)cc1,,,CHEMBL3826960,Bioorg Med Chem,2016.0,"{'bei': '12.62', 'le': '0.25', 'lle': '2.62', 'sei': '5.27'}",,CHEMBL3828226,,CHEMBL3828226,5.94,0,http://www.openphacts.org/units/Nanomolar,2788482,=,1,1,=,,IC50,nM,,1155.0,CHEMBL321,Homo sapiens,Matrix metalloproteinase-9,9606,,,IC50,nM,UO_0000065,,1155.0,,1155.0,O=C(CC[C@H](NS(=O)(=O)c1ccc(-c2ccccc2)cc1)C(=O)O)NCc1ccc(F)cc1,intermediate
,,16654586,[],CHEMBL3830611,Inhibition of human recombinant MMP9 by colorimetric analysis,B,,,BAO_0000190,BAO_0000357,single protein format,O=C(CC[C@H](NS(=O)(=O)c1ccc(-c2ccccc2)cc1)C(=O)O)NCc1ccccc1Cl,,,CHEMBL3826960,Bioorg Med Chem,2016.0,"{'bei': '12.43', 'le': '0.25', 'lle': '2.22', 'sei': '5.38'}",,CHEMBL3827243,,CHEMBL3827243,6.06,0,http://www.openphacts.org/units/Nanomolar,2788481,=,1,1,=,,IC50,nM,,880.0,CHEMBL321,Homo sapiens,Matrix metalloproteinase-9,9606,,,IC50,nM,UO_0000065,,880.0,,880.0,O=C(CC[C@H](NS(=O)(=O)c1ccc(-c2ccccc2)cc1)C(=O)O)NCc1ccccc1Cl,active
,,16654587,[],CHEMBL3830611,Inhibition of human recombinant MMP9 by colorimetric analysis,B,,,BAO_0000190,BAO_0000357,single protein format,O=C(CC[C@H](NS(=O)(=O)c1ccc(-c2ccccc2)cc1)C(=O)O)NCc1ccc(Cl)cc1,,,CHEMBL3826960,Bioorg Med Chem,2016.0,"{'bei': '11.66', 'le': '0.24', 'lle': '1.84', 'sei': '5.05'}",,CHEMBL3827024,,CHEMBL3827024,5.68,0,http://www.openphacts.org/units/Nanomolar,2788480,=,1,1,=,,IC50,nM,,2093.0,CHEMBL321,Homo sapiens,Matrix metalloproteinase-9,9606,,,IC50,nM,UO_0000065,,2093.0,,2093.0,O=C(CC[C@H](NS(=O)(=O)c1ccc(-c2ccccc2)cc1)C(=O)O)NCc1ccc(Cl)cc1,intermediate
,,16654588,[],CHEMBL3830611,Inhibition of human recombinant MMP9 by colorimetric analysis,B,,,BAO_0000190,BAO_0000357,single protein format,O=C(CC[C@H](NS(=O)(=O)c1ccc(-c2ccccc2)cc1)C(=O)O)NCc1cc(C(F)(F)F)cc(C(F)(F)F)c1,,,CHEMBL3826960,Bioorg Med Chem,2016.0,"{'bei': '8.79', 'le': '0.18', 'lle': '-0.05', 'sei': '4.59'}",,CHEMBL3827680,,CHEMBL3827680,5.17,0,http://www.openphacts.org/units/Nanomolar,2788479,=,1,1,=,,IC50,nM,,6740.0,CHEMBL321,Homo sapiens,Matrix metalloproteinase-9,9606,,,IC50,nM,UO_0000065,,6740.0,,6740.0,O=C(CC[C@H](NS(=O)(=O)c1ccc(-c2ccccc2)cc1)C(=O)O)NCc1cc(C(F)(F)F)cc(C(F)(F)F)c1,intermediate
,,16654592,[],CHEMBL3830611,Inhibition of human recombinant MMP9 by colorimetric analysis,B,,,BAO_0000190,BAO_0000357,single protein format,O=C(CC[C@H](NS(=O)(=O)c1ccc(-c2ccc(Br)cc2)cc1)C(=O)O)NCc1ccccc1,,,CHEMBL3826960,Bioorg Med Chem,2016.0,"{'bei': '9.83', 'le': '0.22', 'lle': '1.28', 'sei': '4.64'}",,CHEMBL3827196,,CHEMBL3827196,5.22,0,http://www.openphacts.org/units/Nanomolar,2788475,=,1,1,=,,IC50,nM,,5991.0,CHEMBL321,Homo sapiens,Matrix metalloproteinase-9,9606,,,IC50,nM,UO_0000065,,5991.0,,5991.0,O=C(CC[C@H](NS(=O)(=O)c1ccc(-c2ccc(Br)cc2)cc1)C(=O)O)NCc1ccccc1,intermediate
,,16654594,[],CHEMBL3830611,Inhibition of human recombinant MMP9 by colorimetric analysis,B,,,BAO_0000190,BAO_0000357,single protein format,CCCCCNC(=O)CC[C@H](NS(=O)(=O)c1ccc(-c2ccc(Br)cc2)cc1)C(=O)O,,,CHEMBL3826960,Bioorg Med Chem,2016.0,"{'bei': '10.28', 'le': '0.23', 'lle': '1.33', 'sei': '4.67'}",,CHEMBL3826991,,CHEMBL3826991,5.26,0,http://www.openphacts.org/units/Nanomolar,2788473,=,1,1,=,,IC50,nM,,5494.0,CHEMBL321,Homo sapiens,Matrix metalloproteinase-9,9606,,,IC50,nM,UO_0000065,,5494.0,,5494.0,CCCCCNC(=O)CC[C@H](NS(=O)(=O)c1ccc(-c2ccc(Br)cc2)cc1)C(=O)O,intermediate
,,16654595,[],CHEMBL3830611,Inhibition of human recombinant MMP9 by colorimetric analysis,B,,,BAO_0000190,BAO_0000357,single protein format,O=C(CC[C@H](NS(=O)(=O)c1ccc(-c2ccccc2)cc1)C(=O)O)NCCc1ccccc1,,,CHEMBL3826960,Bioorg Med Chem,2016.0,"{'bei': '11.05', 'le': '0.21', 'lle': '1.93', 'sei': '4.58'}",,CHEMBL3828051,,CHEMBL3828051,5.16,0,http://www.openphacts.org/units/Nanomolar,2788472,=,1,1,=,,IC50,nM,,7001.0,CHEMBL321,Homo sapiens,Matrix metalloproteinase-9,9606,,,IC50,nM,UO_0000065,,7001.0,,7001.0,O=C(CC[C@H](NS(=O)(=O)c1ccc(-c2ccccc2)cc1)C(=O)O)NCCc1ccccc1,intermediate
,,16654596,[],CHEMBL3830611,Inhibition of human recombinant MMP9 by colorimetric analysis,B,,,BAO_0000190,BAO_0000357,single protein format,O=C(CC[C@H](NS(=O)(=O)c1ccc(-c2ccccc2)cc1)C(=O)O)NCc1ccccc1,,,CHEMBL3826960,Bioorg Med Chem,2016.0,"{'bei': '13.94', 'le': '0.27', 'lle': '3.13', 'sei': '5.60'}",,CHEMBL3827073,,CHEMBL3827073,6.31,0,http://www.openphacts.org/units/Nanomolar,2788471,=,1,1,=,,IC50,nM,,492.0,CHEMBL321,Homo sapiens,Matrix metalloproteinase-9,9606,,,IC50,nM,UO_0000065,,492.0,,492.0,O=C(CC[C@H](NS(=O)(=O)c1ccc(-c2ccccc2)cc1)C(=O)O)NCc1ccccc1,active
,,16799622,[],CHEMBL3868403,Inhibition of recombinant human AMPA-activated MMP9 using Cy3-PLGLK(Cy5Q)AR-NH2 as substrate measured after 40 mins by spectrofluorimetric method,B,,,BAO_0000190,BAO_0000357,single protein format,CC(C)[C@H](NS(=O)(=O)c1ccc(-c2cccc(CNC(=O)c3nc4ccccc4c(=O)[nH]3)c2)cc1)C(=O)NO,,,CHEMBL3867480,Bioorg Med Chem,2016.0,"{'bei': '15.15', 'le': '0.29', 'lle': '6.00', 'sei': '4.89'}",,CHEMBL3932562,,CHEMBL3932562,8.33,0,http://www.openphacts.org/units/Nanomolar,2808582,=,1,1,=,,IC50,nM,,4.7,CHEMBL321,Homo sapiens,Matrix metalloproteinase-9,9606,,,IC50,nM,UO_0000065,,4.7,,4.7,CC(C)[C@H](NS(=O)(=O)c1ccc(-c2cccc(CNC(=O)c3nc4ccccc4c(=O)[nH]3)c2)cc1)C(=O)NO,active
,,16799636,[],CHEMBL3868403,Inhibition of recombinant human AMPA-activated MMP9 using Cy3-PLGLK(Cy5Q)AR-NH2 as substrate measured after 40 mins by spectrofluorimetric method,B,,,BAO_0000190,BAO_0000357,single protein format,CC(C)C(CS(=O)(=O)c1ccc(-c2cccc(CNC(=O)c3nc4ccccc4c(=O)[nH]3)c2)cc1)N(O)C=O,,,CHEMBL3867480,Bioorg Med Chem,2016.0,"{'bei': '15.08', 'le': '0.29', 'lle': '5.11', 'sei': '5.53'}",,CHEMBL3889936,,CHEMBL3889936,8.28,0,http://www.openphacts.org/units/Nanomolar,2808585,=,1,1,=,,IC50,nM,,5.3,CHEMBL321,Homo sapiens,Matrix metalloproteinase-9,9606,,,IC50,nM,UO_0000065,,5.3,,5.3,CC(C)C(CS(=O)(=O)c1ccc(-c2cccc(CNC(=O)c3nc4ccccc4c(=O)[nH]3)c2)cc1)N(O)C=O,active
,,16799667,[],CHEMBL3868403,Inhibition of recombinant human AMPA-activated MMP9 using Cy3-PLGLK(Cy5Q)AR-NH2 as substrate measured after 40 mins by spectrofluorimetric method,B,,,BAO_0000190,BAO_0000357,single protein format,CC(C)[C@H](NS(=O)(=O)c1ccc(-c2cccc(CNC(=O)c3nc4ccccc4c(=O)[nH]3)c2)cc1)C(=O)O,,,CHEMBL3867480,Bioorg Med Chem,2016.0,"{'bei': '13.92', 'le': '0.27', 'lle': '4.53', 'sei': '4.70'}",,CHEMBL3971135,,CHEMBL3971135,7.44,0,http://www.openphacts.org/units/Nanomolar,2808581,=,1,1,=,,IC50,nM,,36.0,CHEMBL321,Homo sapiens,Matrix metalloproteinase-9,9606,,,IC50,nM,UO_0000065,,36.0,,36.0,CC(C)[C@H](NS(=O)(=O)c1ccc(-c2cccc(CNC(=O)c3nc4ccccc4c(=O)[nH]3)c2)cc1)C(=O)O,active
,,16799673,[],CHEMBL3868403,Inhibition of recombinant human AMPA-activated MMP9 using Cy3-PLGLK(Cy5Q)AR-NH2 as substrate measured after 40 mins by spectrofluorimetric method,B,,,BAO_0000190,BAO_0000357,single protein format,O=C(NCc1cccc(OCCCS(=O)(=O)N2CCCCC2C(=O)NO)c1)c1nc2ccccc2c(=O)[nH]1,,,CHEMBL3867480,Bioorg Med Chem,2016.0,"{'bei': '13.14', 'le': '0.26', 'lle': '5.83', 'sei': '4.18'}",,CHEMBL3958969,,CHEMBL3958969,7.14,0,http://www.openphacts.org/units/Nanomolar,2808584,=,1,1,=,,IC50,nM,,72.0,CHEMBL321,Homo sapiens,Matrix metalloproteinase-9,9606,,,IC50,nM,UO_0000065,,72.0,,72.0,O=C(NCc1cccc(OCCCS(=O)(=O)N2CCCCC2C(=O)NO)c1)c1nc2ccccc2c(=O)[nH]1,active
,,16799738,[],CHEMBL3868403,Inhibition of recombinant human AMPA-activated MMP9 using Cy3-PLGLK(Cy5Q)AR-NH2 as substrate measured after 40 mins by spectrofluorimetric method,B,,,BAO_0000190,BAO_0000357,single protein format,CCOCCC1(Oc2ccc(-c3cccc(CNC(=O)c4nc5ccccc5c(=O)[nH]4)c3)cc2)C(=O)NC(=O)NC1=O,,,CHEMBL3867480,Bioorg Med Chem,2016.0,"{'bei': '10.18', 'le': '0.19', 'lle': '3.37', 'sei': '3.44'}",,CHEMBL3926071,,CHEMBL3926071,5.80,0,http://www.openphacts.org/units/Nanomolar,2808594,=,1,1,=,,IC50,nM,,1600.0,CHEMBL321,Homo sapiens,Matrix metalloproteinase-9,9606,,,IC50,nM,UO_0000065,,1600.0,,1600.0,CCOCCC1(Oc2ccc(-c3cccc(CNC(=O)c4nc5ccccc5c(=O)[nH]4)c3)cc2)C(=O)NC(=O)NC1=O,intermediate
,,16799742,[],CHEMBL3868403,Inhibition of recombinant human AMPA-activated MMP9 using Cy3-PLGLK(Cy5Q)AR-NH2 as substrate measured after 40 mins by spectrofluorimetric method,B,,,BAO_0000190,BAO_0000357,single protein format,O=C(NCc1cccc(N2CCN(C(=O)Cc3n[nH]c(=O)[nH]3)CC2)c1)c1nc2ccccc2c(=O)[nH]1,,,CHEMBL3867480,Bioorg Med Chem,2016.0,"{'bei': '11.34', 'le': '0.21', 'lle': '5.38', 'sei': '3.46'}",,CHEMBL3955430,,CHEMBL3955430,5.54,0,http://www.openphacts.org/units/Nanomolar,2808590,=,1,1,=,,IC50,nM,,2900.0,CHEMBL321,Homo sapiens,Matrix metalloproteinase-9,9606,,,IC50,nM,UO_0000065,,2900.0,,2900.0,O=C(NCc1cccc(N2CCN(C(=O)Cc3n[nH]c(=O)[nH]3)CC2)c1)c1nc2ccccc2c(=O)[nH]1,intermediate
,,16857891,[],CHEMBL3879735,Inhibition of p-aminophenylmercuric acetate activated recombinant human MMP-9 expressed in CHO cells pretreated for 4 hrs followed by Mca-Lys-Pro-Leu-Gly-Leu-Dap(Dnp)-Ala-Arg-NH2 fluorogenic substrate addition measured every 15 secs for 20 mins by fluorimetric assay,B,,,BAO_0000190,BAO_0000219,cell-based format,CC(C)ON([C@H](CCNC(=O)CCCNC(=O)c1cccc(C(=O)NCCCC(=O)NCC[C@H](C(=O)NO)N(OC(C)C)S(=O)(=O)c2ccc(-c3ccccc3)cc2)c1)C(=O)NO)S(=O)(=O)c1ccc(-c2ccccc2)cc1,,,CHEMBL3877335,ACS Med Chem Lett,2017.0,"{'bei': '6.65', 'le': None, 'lle': None, 'sei': None}",,CHEMBL262397,,CHEMBL262397,7.42,0,http://www.openphacts.org/units/Nanomolar,2818930,=,1,1,=,,IC50,nM,,38.0,CHEMBL321,Homo sapiens,Matrix metalloproteinase-9,9606,,,IC50,nM,UO_0000065,,38.0,,38.0,CC(C)ON([C@H](CCNC(=O)CCCNC(=O)c1cccc(C(=O)NCCCC(=O)NCC[C@H](C(=O)NO)N(OC(C)C)S(=O)(=O)c2ccc(-c3ccccc3)cc2)c1)C(=O)NO)S(=O)(=O)c1ccc(-c2ccccc2)cc1,active
,,16857892,[],CHEMBL3879735,Inhibition of p-aminophenylmercuric acetate activated recombinant human MMP-9 expressed in CHO cells pretreated for 4 hrs followed by Mca-Lys-Pro-Leu-Gly-Leu-Dap(Dnp)-Ala-Arg-NH2 fluorogenic substrate addition measured every 15 secs for 20 mins by fluorimetric assay,B,,,BAO_0000190,BAO_0000219,cell-based format,CC(C)[C@H](C(=O)O)N(CCNC(=O)c1ccccc1)S(=O)(=O)c1ccc(-c2ccccc2)cc1,,,CHEMBL3877335,ACS Med Chem Lett,2017.0,"{'bei': '13.09', 'le': '0.25', 'lle': '2.41', 'sei': '6.06'}",,CHEMBL3971551,,CHEMBL3971551,6.29,0,http://www.openphacts.org/units/Nanomolar,2818931,=,1,1,=,,IC50,nM,,510.0,CHEMBL321,Homo sapiens,Matrix metalloproteinase-9,9606,,,IC50,nM,UO_0000065,,510.0,,510.0,CC(C)[C@H](C(=O)O)N(CCNC(=O)c1ccccc1)S(=O)(=O)c1ccc(-c2ccccc2)cc1,active
,,16857893,[],CHEMBL3879735,Inhibition of p-aminophenylmercuric acetate activated recombinant human MMP-9 expressed in CHO cells pretreated for 4 hrs followed by Mca-Lys-Pro-Leu-Gly-Leu-Dap(Dnp)-Ala-Arg-NH2 fluorogenic substrate addition measured every 15 secs for 20 mins by fluorimetric assay,B,,,BAO_0000190,BAO_0000219,cell-based format,CC(C)[C@H](C(=O)NO)N(CCNC(=O)c1ccccc1)S(=O)(=O)c1ccc(-c2ccccc2)cc1,,,CHEMBL3877335,ACS Med Chem Lett,2017.0,"{'bei': '17.36', 'le': '0.34', 'lle': '5.30', 'sei': '7.43'}",,CHEMBL3900422,,CHEMBL3900422,8.60,0,http://www.openphacts.org/units/Nanomolar,2818932,=,1,1,=,,IC50,nM,,2.5,CHEMBL321,Homo sapiens,Matrix metalloproteinase-9,9606,,,IC50,nM,UO_0000065,,2.5,,2.5,CC(C)[C@H](C(=O)NO)N(CCNC(=O)c1ccccc1)S(=O)(=O)c1ccc(-c2ccccc2)cc1,active
,,16857894,[],CHEMBL3879735,Inhibition of p-aminophenylmercuric acetate activated recombinant human MMP-9 expressed in CHO cells pretreated for 4 hrs followed by Mca-Lys-Pro-Leu-Gly-Leu-Dap(Dnp)-Ala-Arg-NH2 fluorogenic substrate addition measured every 15 secs for 20 mins by fluorimetric assay,B,,,BAO_0000190,BAO_0000219,cell-based format,CC(C)[C@H](C(=O)O)N(CCNC(=O)c1cccc(C(=O)NCCN([C@@H](C(=O)O)C(C)C)S(=O)(=O)c2ccc(-c3ccccc3)cc2)c1)S(=O)(=O)c1ccc(-c2ccccc2)cc1,,,CHEMBL3877335,ACS Med Chem Lett,2017.0,"{'bei': '8.59', 'le': '0.17', 'lle': '1.51', 'sei': '3.65'}",,CHEMBL3960452,,CHEMBL3960452,7.58,0,http://www.openphacts.org/units/Nanomolar,2818933,=,1,1,=,,IC50,nM,,26.0,CHEMBL321,Homo sapiens,Matrix metalloproteinase-9,9606,,,IC50,nM,UO_0000065,,26.0,,26.0,CC(C)[C@H](C(=O)O)N(CCNC(=O)c1cccc(C(=O)NCCN([C@@H](C(=O)O)C(C)C)S(=O)(=O)c2ccc(-c3ccccc3)cc2)c1)S(=O)(=O)c1ccc(-c2ccccc2)cc1,active
,,16857895,[],CHEMBL3879735,Inhibition of p-aminophenylmercuric acetate activated recombinant human MMP-9 expressed in CHO cells pretreated for 4 hrs followed by Mca-Lys-Pro-Leu-Gly-Leu-Dap(Dnp)-Ala-Arg-NH2 fluorogenic substrate addition measured every 15 secs for 20 mins by fluorimetric assay,B,,,BAO_0000190,BAO_0000219,cell-based format,CC(C)[C@H](C(=O)NO)N(CCNC(=O)c1cccc(C(=O)NCCN([C@@H](C(=O)NO)C(C)C)S(=O)(=O)c2ccc(-c3ccccc3)cc2)c1)S(=O)(=O)c1ccc(-c2ccccc2)cc1,,,CHEMBL3877335,ACS Med Chem Lett,2017.0,"{'bei': '9.05', 'le': '0.18', 'lle': '3.34', 'sei': '3.57'}",,CHEMBL3891386,,CHEMBL3891386,8.26,0,http://www.openphacts.org/units/Nanomolar,2818934,=,1,1,=,,IC50,nM,,5.5,CHEMBL321,Homo sapiens,Matrix metalloproteinase-9,9606,,,IC50,nM,UO_0000065,,5.5,,5.5,CC(C)[C@H](C(=O)NO)N(CCNC(=O)c1cccc(C(=O)NCCN([C@@H](C(=O)NO)C(C)C)S(=O)(=O)c2ccc(-c3ccccc3)cc2)c1)S(=O)(=O)c1ccc(-c2ccccc2)cc1,active
,,16857896,[],CHEMBL3879735,Inhibition of p-aminophenylmercuric acetate activated recombinant human MMP-9 expressed in CHO cells pretreated for 4 hrs followed by Mca-Lys-Pro-Leu-Gly-Leu-Dap(Dnp)-Ala-Arg-NH2 fluorogenic substrate addition measured every 15 secs for 20 mins by fluorimetric assay,B,,,BAO_0000190,BAO_0000219,cell-based format,CC(C)[C@H](C(=O)O)N(CCNC(=O)c1cccc(C(=O)NCCN([C@@H](C(=O)N(C)C)C(C)C)S(=O)(=O)c2ccc(-c3ccccc3)cc2)c1)S(=O)(=O)c1ccc(-c2ccccc2)cc1,,,CHEMBL3877335,ACS Med Chem Lett,2017.0,"{'bei': '8.21', 'le': '0.16', 'lle': '1.39', 'sei': '3.92'}",,CHEMBL3951740,,CHEMBL3951740,7.47,0,http://www.openphacts.org/units/Nanomolar,2818935,=,1,1,=,,IC50,nM,,34.0,CHEMBL321,Homo sapiens,Matrix metalloproteinase-9,9606,,,IC50,nM,UO_0000065,,34.0,,34.0,CC(C)[C@H](C(=O)O)N(CCNC(=O)c1cccc(C(=O)NCCN([C@@H](C(=O)N(C)C)C(C)C)S(=O)(=O)c2ccc(-c3ccccc3)cc2)c1)S(=O)(=O)c1ccc(-c2ccccc2)cc1,active
,,16857897,[],CHEMBL3879735,Inhibition of p-aminophenylmercuric acetate activated recombinant human MMP-9 expressed in CHO cells pretreated for 4 hrs followed by Mca-Lys-Pro-Leu-Gly-Leu-Dap(Dnp)-Ala-Arg-NH2 fluorogenic substrate addition measured every 15 secs for 20 mins by fluorimetric assay,B,,,BAO_0000190,BAO_0000219,cell-based format,CC(C)[C@H](C(=O)NO)N(CCNC(=O)c1cccc(C(=O)NCCN([C@@H](C(=O)N(C)C)C(C)C)S(=O)(=O)c2ccc(-c3ccccc3)cc2)c1)S(=O)(=O)c1ccc(-c2ccccc2)cc1,,,CHEMBL3877335,ACS Med Chem Lett,2017.0,"{'bei': '7.98', 'le': '0.16', 'lle': '1.89', 'sei': '3.65'}",,CHEMBL3944931,,CHEMBL3944931,7.39,0,http://www.openphacts.org/units/Nanomolar,2818936,=,1,1,=,,IC50,nM,,41.0,CHEMBL321,Homo sapiens,Matrix metalloproteinase-9,9606,,,IC50,nM,UO_0000065,,41.0,,41.0,CC(C)[C@H](C(=O)NO)N(CCNC(=O)c1cccc(C(=O)NCCN([C@@H](C(=O)N(C)C)C(C)C)S(=O)(=O)c2ccc(-c3ccccc3)cc2)c1)S(=O)(=O)c1ccc(-c2ccccc2)cc1,active
,,18104409,[],CHEMBL4022527,Inhibition of MMP9 (unknown origin),B,,,BAO_0000190,BAO_0000357,single protein format,COc1ccc2c(c1)C(=O)N(C[C@@]1(c3cc4cnccc4o3)NC(=O)NC1=O)C2,,,CHEMBL4020802,Bioorg Med Chem Lett,2017.0,"{'bei': '14.67', 'le': '0.27', 'lle': '4.22', 'sei': '5.06'}",,CHEMBL4092752,,CHEMBL4092752,5.75,0,http://www.openphacts.org/units/Nanomolar,3002337,=,1,1,=,,IC50,nM,,1760.0,CHEMBL321,Homo sapiens,Matrix metalloproteinase-9,9606,,,IC50,nM,UO_0000065,,1760.0,,1760.0,COc1ccc2c(c1)C(=O)N(C[C@@]1(c3cc4cnccc4o3)NC(=O)NC1=O)C2,intermediate
,,18168836,[],CHEMBL4037095,Inhibition of MMP9 (unknown origin) expressed in Escherichia coli BL21(DE3) using Mca-Pro-Leu-Gly-Leu-Dpa-Ala-Arg-NH2 as substrate after 20 to 30 mins by spectrofluorimetric analysis,B,,,BAO_0000190,BAO_0000019,assay format,COc1ccc(S(=O)(=O)N2CCSC(C)(C)C2C(=O)NO)cc1,,,CHEMBL4033775,J Med Chem,2018.0,"{'bei': '25.10', 'le': '0.54', 'lle': '7.96', 'sei': '9.43'}",,CHEMBL4088630,,CHEMBL4088630,9.05,0,http://www.openphacts.org/units/Nanomolar,3014242,=,1,1,=,,IC50,nM,,0.9,CHEMBL321,Homo sapiens,Matrix metalloproteinase-9,9606,,,IC50,nM,UO_0000065,,0.9,,0.9,COc1ccc(S(=O)(=O)N2CCSC(C)(C)C2C(=O)NO)cc1,active
,,18277767,[],CHEMBL4119391,Inhibition of recombinant human full length MMP9 preincubated for 1 hr followed by gelatin addition measured after 18 hrs by SDS-PAGE analysis,B,,,BAO_0000190,BAO_0000357,single protein format,COc1ccc(-c2oc3cc(O)cc(O)c3c(=O)c2O[C@@H]2O[C@H](CO)[C@@H](O)[C@H](O)[C@H]2O)cc1O,,,CHEMBL4118054,J Nat Prod,2017.0,"{'bei': '8.99', 'le': '0.17', 'lle': '4.54', 'sei': '2.16'}",,CHEMBL3589199,,CHEMBL3589199,4.30,0,http://www.openphacts.org/units/Nanomolar,3033537,=,1,1,=,,IC50,nM,,50000.0,CHEMBL321,Homo sapiens,Matrix metalloproteinase-9,9606,,,IC50,uM,UO_0000065,,50.0,,50000.0,COc1ccc(-c2oc3cc(O)cc(O)c3c(=O)c2O[C@@H]2O[C@H](CO)[C@@H](O)[C@H](O)[C@H]2O)cc1O,inactive
,,18324649,[],CHEMBL4135049,Inhibition of recombinant human MMP9 (Phe107 to Pro449 residues) expressed in Escherichia coli using Ac-Pro-Leu-Gly-S-Leu-Leu-Gly-OEt as substrate after 1 hr measured at 1 min time interval for 30 mins by microplate photometric method,B,,,BAO_0000190,BAO_0000019,assay format,NC(=O)CC[C@H](NS(=O)(=O)c1ccc([N+](=O)[O-])cc1)C(=O)O,,,CHEMBL4130487,Eur J Med Chem,2017.0,"{'bei': '15.56', 'le': '0.32', 'lle': '5.56', 'sei': '3.04'}",,CHEMBL4160618,,CHEMBL4160618,5.16,0,http://www.openphacts.org/units/Nanomolar,3042309,=,1,1,=,,IC50,nM,,7000.0,CHEMBL321,Homo sapiens,Matrix metalloproteinase-9,9606,,,IC50,uM,UO_0000065,,7.0,,7000.0,NC(=O)CC[C@H](NS(=O)(=O)c1ccc([N+](=O)[O-])cc1)C(=O)O,intermediate
,,18324650,[],CHEMBL4135049,Inhibition of recombinant human MMP9 (Phe107 to Pro449 residues) expressed in Escherichia coli using Ac-Pro-Leu-Gly-S-Leu-Leu-Gly-OEt as substrate after 1 hr measured at 1 min time interval for 30 mins by microplate photometric method,B,,,BAO_0000190,BAO_0000019,assay format,CNC(=O)CC[C@H](NS(=O)(=O)c1ccc([N+](=O)[O-])cc1)C(=O)O,,,CHEMBL4130487,Eur J Med Chem,2017.0,"{'bei': '14.84', 'le': '0.30', 'lle': '5.27', 'sei': '3.29'}",,CHEMBL4171886,,CHEMBL4171886,5.12,0,http://www.openphacts.org/units/Nanomolar,3042310,=,1,1,=,,IC50,nM,,7500.0,CHEMBL321,Homo sapiens,Matrix metalloproteinase-9,9606,,,IC50,uM,UO_0000065,,7.5,,7500.0,CNC(=O)CC[C@H](NS(=O)(=O)c1ccc([N+](=O)[O-])cc1)C(=O)O,intermediate
,,18324651,[],CHEMBL4135049,Inhibition of recombinant human MMP9 (Phe107 to Pro449 residues) expressed in Escherichia coli using Ac-Pro-Leu-Gly-S-Leu-Leu-Gly-OEt as substrate after 1 hr measured at 1 min time interval for 30 mins by microplate photometric method,B,,,BAO_0000190,BAO_0000019,assay format,CCNC(=O)CC[C@H](NS(=O)(=O)c1ccc([N+](=O)[O-])cc1)C(=O)O,,,CHEMBL4130487,Eur J Med Chem,2017.0,"{'bei': '14.80', 'le': '0.30', 'lle': '5.08', 'sei': '3.42'}",,CHEMBL4164016,,CHEMBL4164016,5.32,0,http://www.openphacts.org/units/Nanomolar,3042311,=,1,1,=,,IC50,nM,,4800.0,CHEMBL321,Homo sapiens,Matrix metalloproteinase-9,9606,,,IC50,uM,UO_0000065,,4.8,,4800.0,CCNC(=O)CC[C@H](NS(=O)(=O)c1ccc([N+](=O)[O-])cc1)C(=O)O,intermediate
,,18324652,[],CHEMBL4135049,Inhibition of recombinant human MMP9 (Phe107 to Pro449 residues) expressed in Escherichia coli using Ac-Pro-Leu-Gly-S-Leu-Leu-Gly-OEt as substrate after 1 hr measured at 1 min time interval for 30 mins by microplate photometric method,B,,,BAO_0000190,BAO_0000019,assay format,CC(C)NC(=O)CC[C@H](NS(=O)(=O)c1ccc([N+](=O)[O-])cc1)C(=O)O,,,CHEMBL4130487,Eur J Med Chem,2017.0,"{'bei': '13.99', 'le': '0.29', 'lle': '4.59', 'sei': '3.35'}",,CHEMBL4170455,,CHEMBL4170455,5.22,0,http://www.openphacts.org/units/Nanomolar,3042312,=,1,1,=,,IC50,nM,,5970.0,CHEMBL321,Homo sapiens,Matrix metalloproteinase-9,9606,,,IC50,uM,UO_0000065,,5.97,,5970.0,CC(C)NC(=O)CC[C@H](NS(=O)(=O)c1ccc([N+](=O)[O-])cc1)C(=O)O,intermediate
,,18324653,[],CHEMBL4135049,Inhibition of recombinant human MMP9 (Phe107 to Pro449 residues) expressed in Escherichia coli using Ac-Pro-Leu-Gly-S-Leu-Leu-Gly-OEt as substrate after 1 hr measured at 1 min time interval for 30 mins by microplate photometric method,B,,,BAO_0000190,BAO_0000019,assay format,CCCCNC(=O)CC[C@H](NS(=O)(=O)c1ccc([N+](=O)[O-])cc1)C(=O)O,,,CHEMBL4130487,Eur J Med Chem,2017.0,"{'bei': '13.41', 'le': '0.27', 'lle': '4.18', 'sei': '3.34'}",,CHEMBL4162521,,CHEMBL4162521,5.20,0,http://www.openphacts.org/units/Nanomolar,3042313,=,1,1,=,,IC50,nM,,6360.0,CHEMBL321,Homo sapiens,Matrix metalloproteinase-9,9606,,,IC50,uM,UO_0000065,,6.36,,6360.0,CCCCNC(=O)CC[C@H](NS(=O)(=O)c1ccc([N+](=O)[O-])cc1)C(=O)O,intermediate
,,18324654,[],CHEMBL4135049,Inhibition of recombinant human MMP9 (Phe107 to Pro449 residues) expressed in Escherichia coli using Ac-Pro-Leu-Gly-S-Leu-Leu-Gly-OEt as substrate after 1 hr measured at 1 min time interval for 30 mins by microplate photometric method,B,,,BAO_0000190,BAO_0000019,assay format,CC(C)CNC(=O)CC[C@H](NS(=O)(=O)c1ccc([N+](=O)[O-])cc1)C(=O)O,,,CHEMBL4130487,Eur J Med Chem,2017.0,"{'bei': '13.65', 'le': '0.28', 'lle': '4.41', 'sei': '3.40'}",,CHEMBL4167291,,CHEMBL4167291,5.29,0,http://www.openphacts.org/units/Nanomolar,3042314,=,1,1,=,,IC50,nM,,5140.0,CHEMBL321,Homo sapiens,Matrix metalloproteinase-9,9606,,,IC50,uM,UO_0000065,,5.14,,5140.0,CC(C)CNC(=O)CC[C@H](NS(=O)(=O)c1ccc([N+](=O)[O-])cc1)C(=O)O,intermediate
,,18324655,[],CHEMBL4135049,Inhibition of recombinant human MMP9 (Phe107 to Pro449 residues) expressed in Escherichia coli using Ac-Pro-Leu-Gly-S-Leu-Leu-Gly-OEt as substrate after 1 hr measured at 1 min time interval for 30 mins by microplate photometric method,B,,,BAO_0000190,BAO_0000019,assay format,CCCCCNC(=O)CC[C@H](NS(=O)(=O)c1ccc([N+](=O)[O-])cc1)C(=O)O,,,CHEMBL4130487,Eur J Med Chem,2017.0,"{'bei': '12.87', 'le': '0.26', 'lle': '3.76', 'sei': '3.32'}",,CHEMBL4175156,,CHEMBL4175156,5.17,0,http://www.openphacts.org/units/Nanomolar,3042315,=,1,1,=,,IC50,nM,,6800.0,CHEMBL321,Homo sapiens,Matrix metalloproteinase-9,9606,,,IC50,uM,UO_0000065,,6.8,,6800.0,CCCCCNC(=O)CC[C@H](NS(=O)(=O)c1ccc([N+](=O)[O-])cc1)C(=O)O,intermediate
,,18324656,[],CHEMBL4135049,Inhibition of recombinant human MMP9 (Phe107 to Pro449 residues) expressed in Escherichia coli using Ac-Pro-Leu-Gly-S-Leu-Leu-Gly-OEt as substrate after 1 hr measured at 1 min time interval for 30 mins by microplate photometric method,B,,,BAO_0000190,BAO_0000019,assay format,O=C(CC[C@H](NS(=O)(=O)c1ccc([N+](=O)[O-])cc1)C(=O)O)NCc1ccccc1,,,CHEMBL4130487,Eur J Med Chem,2017.0,"{'bei': '12.33', 'le': '0.24', 'lle': '3.78', 'sei': '3.34'}",,CHEMBL4163839,,CHEMBL4163839,5.20,0,http://www.openphacts.org/units/Nanomolar,3042316,=,1,1,=,,IC50,nM,,6370.0,CHEMBL321,Homo sapiens,Matrix metalloproteinase-9,9606,,,IC50,uM,UO_0000065,,6.37,,6370.0,O=C(CC[C@H](NS(=O)(=O)c1ccc([N+](=O)[O-])cc1)C(=O)O)NCc1ccccc1,intermediate
,,18502910,[],CHEMBL4189734,Inhibition of recombinant human MMP-9 using Mca-Lys-Pro-Leu-Gly-Leu-Dap(Dnp)-Ala-Arg-NH2 as substrate preincubated for 3 hrs followed by substrate addition measured every 10 secs for 15 mins by fluorometric assay,B,,,BAO_0000190,BAO_0000357,single protein format,COc1ccc(-c2ccc(S(=O)(=O)c3ccccc3CC(=O)NS(=O)(=O)C(F)(F)F)cc2)cc1,,,CHEMBL4184326,J Med Chem,2018.0,"{'bei': '8.98', 'le': '0.19', 'lle': '0.91', 'sei': '4.32'}",,CHEMBL4216008,,CHEMBL4216008,4.61,0,http://www.openphacts.org/units/Nanomolar,3071737,=,1,1,=,,IC50,nM,,24500.0,CHEMBL321,Homo sapiens,Matrix metalloproteinase-9,9606,,,IC50,nM,UO_0000065,,24500.0,,24500.0,COc1ccc(-c2ccc(S(=O)(=O)c3ccccc3CC(=O)NS(=O)(=O)C(F)(F)F)cc2)cc1,inactive
,,18502911,[],CHEMBL4189734,Inhibition of recombinant human MMP-9 using Mca-Lys-Pro-Leu-Gly-Leu-Dap(Dnp)-Ala-Arg-NH2 as substrate preincubated for 3 hrs followed by substrate addition measured every 10 secs for 15 mins by fluorometric assay,B,,,BAO_0000190,BAO_0000357,single protein format,COc1ccc(-c2ccc(Sc3ccccc3CC(=O)NS(=O)(=O)C(F)(F)F)cc2)cc1,,,CHEMBL4184326,J Med Chem,2018.0,"{'bei': '8.93', 'le': '0.18', 'lle': '-0.72', 'sei': '5.93'}",,CHEMBL4212208,,CHEMBL4212208,4.30,0,http://www.openphacts.org/units/Nanomolar,3071736,=,1,1,=,,IC50,nM,,50000.0,CHEMBL321,Homo sapiens,Matrix metalloproteinase-9,9606,,,IC50,nM,UO_0000065,,50000.0,,50000.0,COc1ccc(-c2ccc(Sc3ccccc3CC(=O)NS(=O)(=O)C(F)(F)F)cc2)cc1,inactive
,,18502912,[],CHEMBL4189734,Inhibition of recombinant human MMP-9 using Mca-Lys-Pro-Leu-Gly-Leu-Dap(Dnp)-Ala-Arg-NH2 as substrate preincubated for 3 hrs followed by substrate addition measured every 10 secs for 15 mins by fluorometric assay,B,,,BAO_0000190,BAO_0000357,single protein format,COc1ccc(-c2ccc(S(=O)(=O)c3ccccc3CC(=O)NS(C)(=O)=O)cc2)cc1,,,CHEMBL4184326,J Med Chem,2018.0,"{'bei': '11.82', 'le': '0.24', 'lle': '2.62', 'sei': '5.10'}",,CHEMBL4213651,,CHEMBL4213651,5.43,0,http://www.openphacts.org/units/Nanomolar,3071735,=,1,1,=,,IC50,nM,,3700.0,CHEMBL321,Homo sapiens,Matrix metalloproteinase-9,9606,,,IC50,nM,UO_0000065,,3700.0,,3700.0,COc1ccc(-c2ccc(S(=O)(=O)c3ccccc3CC(=O)NS(C)(=O)=O)cc2)cc1,intermediate
,,18502913,[],CHEMBL4189734,Inhibition of recombinant human MMP-9 using Mca-Lys-Pro-Leu-Gly-Leu-Dap(Dnp)-Ala-Arg-NH2 as substrate preincubated for 3 hrs followed by substrate addition measured every 10 secs for 15 mins by fluorometric assay,B,,,BAO_0000190,BAO_0000357,single protein format,COc1ccc(-c2ccc(Sc3ccccc3CC(=O)NS(C)(=O)=O)cc2)cc1,,,CHEMBL4184326,J Med Chem,2018.0,"{'bei': '11.10', 'le': '0.22', 'lle': '0.61', 'sei': '6.55'}",,CHEMBL4207046,,CHEMBL4207046,4.75,0,http://www.openphacts.org/units/Nanomolar,3071734,=,1,1,=,,IC50,nM,,18000.0,CHEMBL321,Homo sapiens,Matrix metalloproteinase-9,9606,,,IC50,nM,UO_0000065,,18000.0,,18000.0,COc1ccc(-c2ccc(Sc3ccccc3CC(=O)NS(C)(=O)=O)cc2)cc1,inactive
,,18502914,[],CHEMBL4189734,Inhibition of recombinant human MMP-9 using Mca-Lys-Pro-Leu-Gly-Leu-Dap(Dnp)-Ala-Arg-NH2 as substrate preincubated for 3 hrs followed by substrate addition measured every 10 secs for 15 mins by fluorometric assay,B,,,BAO_0000190,BAO_0000357,single protein format,COc1ccc(-c2ccc(S(=O)(=O)c3ccccc3CP(=O)(O)O)cc2)cc1,,,CHEMBL4184326,J Med Chem,2018.0,"{'bei': '13.39', 'le': '0.27', 'lle': '1.73', 'sei': '5.55'}",,CHEMBL4218036,,CHEMBL4218036,5.60,0,http://www.openphacts.org/units/Nanomolar,3071733,=,1,1,=,,IC50,nM,,2500.0,CHEMBL321,Homo sapiens,Matrix metalloproteinase-9,9606,,,IC50,nM,UO_0000065,,2500.0,,2500.0,COc1ccc(-c2ccc(S(=O)(=O)c3ccccc3CP(=O)(O)O)cc2)cc1,intermediate
,,18502915,[],CHEMBL4189734,Inhibition of recombinant human MMP-9 using Mca-Lys-Pro-Leu-Gly-Leu-Dap(Dnp)-Ala-Arg-NH2 as substrate preincubated for 3 hrs followed by substrate addition measured every 10 secs for 15 mins by fluorometric assay,B,,,BAO_0000190,BAO_0000357,single protein format,COc1ccc(-c2ccc(Sc3ccccc3CP(=O)(O)O)cc2)cc1,,,CHEMBL4184326,J Med Chem,2018.0,"{'bei': '15.40', 'le': '0.31', 'lle': '0.76', 'sei': '8.91'}",,CHEMBL4206329,,CHEMBL4206329,5.95,0,http://www.openphacts.org/units/Nanomolar,3071732,=,1,1,=,,IC50,nM,,1120.0,CHEMBL321,Homo sapiens,Matrix metalloproteinase-9,9606,,,IC50,nM,UO_0000065,,1120.0,,1120.0,COc1ccc(-c2ccc(Sc3ccccc3CP(=O)(O)O)cc2)cc1,intermediate
,,18502916,[],CHEMBL4189734,Inhibition of recombinant human MMP-9 using Mca-Lys-Pro-Leu-Gly-Leu-Dap(Dnp)-Ala-Arg-NH2 as substrate preincubated for 3 hrs followed by substrate addition measured every 10 secs for 15 mins by fluorometric assay,B,,,BAO_0000190,BAO_0000357,single protein format,COc1ccc(-c2ccc(S(=O)(=O)c3ccccc3C3CCC(=O)N(O)C3=O)cc2)cc1,,,CHEMBL4184326,J Med Chem,2018.0,"{'bei': '12.94', 'le': '0.25', 'lle': '2.02', 'sei': '5.79'}",,CHEMBL4214626,,CHEMBL4214626,5.84,0,http://www.openphacts.org/units/Nanomolar,3071731,=,1,1,=,,IC50,nM,,1430.0,CHEMBL321,Homo sapiens,Matrix metalloproteinase-9,9606,,,IC50,nM,UO_0000065,,1430.0,,1430.0,COc1ccc(-c2ccc(S(=O)(=O)c3ccccc3C3CCC(=O)N(O)C3=O)cc2)cc1,intermediate
,,18502917,[],CHEMBL4189734,Inhibition of recombinant human MMP-9 using Mca-Lys-Pro-Leu-Gly-Leu-Dap(Dnp)-Ala-Arg-NH2 as substrate preincubated for 3 hrs followed by substrate addition measured every 10 secs for 15 mins by fluorometric assay,B,,,BAO_0000190,BAO_0000357,single protein format,COc1ccc(-c2ccc(Sc3ccccc3C3CCC(=O)N(O)C3=O)cc2)cc1,,,CHEMBL4184326,J Med Chem,2018.0,"{'bei': '12.48', 'le': '0.24', 'lle': '0.10', 'sei': '7.83'}",,CHEMBL4203044,,CHEMBL4203044,5.24,0,http://www.openphacts.org/units/Nanomolar,3071730,=,1,1,=,,IC50,nM,,5800.0,CHEMBL321,Homo sapiens,Matrix metalloproteinase-9,9606,,,IC50,nM,UO_0000065,,5800.0,,5800.0,COc1ccc(-c2ccc(Sc3ccccc3C3CCC(=O)N(O)C3=O)cc2)cc1,intermediate
,,18502918,[],CHEMBL4189734,Inhibition of recombinant human MMP-9 using Mca-Lys-Pro-Leu-Gly-Leu-Dap(Dnp)-Ala-Arg-NH2 as substrate preincubated for 3 hrs followed by substrate addition measured every 10 secs for 15 mins by fluorometric assay,B,,,BAO_0000190,BAO_0000357,single protein format,COc1ccc(-c2ccc(S(=O)(=O)c3ccccc3C(CCC(=O)O)C(=O)O)cc2)cc1,,,CHEMBL4184326,J Med Chem,2018.0,"{'bei': '10.66', 'le': '0.21', 'lle': '0.61', 'sei': '4.11'}",,CHEMBL4213983,,CHEMBL4213983,4.84,0,http://www.openphacts.org/units/Nanomolar,3071729,=,1,1,=,,IC50,nM,,14300.0,CHEMBL321,Homo sapiens,Matrix metalloproteinase-9,9606,,,IC50,nM,UO_0000065,,14300.0,,14300.0,COc1ccc(-c2ccc(S(=O)(=O)c3ccccc3C(CCC(=O)O)C(=O)O)cc2)cc1,inactive
,,18502919,[],CHEMBL4189734,Inhibition of recombinant human MMP-9 using Mca-Lys-Pro-Leu-Gly-Leu-Dap(Dnp)-Ala-Arg-NH2 as substrate preincubated for 3 hrs followed by substrate addition measured every 10 secs for 15 mins by fluorometric assay,B,,,BAO_0000190,BAO_0000357,single protein format,COc1ccc(-c2ccc(Sc3ccccc3C(CCC(=O)O)C(=O)O)cc2)cc1,,,CHEMBL4184326,J Med Chem,2018.0,"{'bei': '13.09', 'le': '0.25', 'lle': '-0.02', 'sei': '6.60'}",,CHEMBL4209100,,CHEMBL4209100,5.53,0,http://www.openphacts.org/units/Nanomolar,3071728,=,1,1,=,,IC50,nM,,2960.0,CHEMBL321,Homo sapiens,Matrix metalloproteinase-9,9606,,,IC50,nM,UO_0000065,,2960.0,,2960.0,COc1ccc(-c2ccc(Sc3ccccc3C(CCC(=O)O)C(=O)O)cc2)cc1,intermediate
,,18502921,[],CHEMBL4189734,Inhibition of recombinant human MMP-9 using Mca-Lys-Pro-Leu-Gly-Leu-Dap(Dnp)-Ala-Arg-NH2 as substrate preincubated for 3 hrs followed by substrate addition measured every 10 secs for 15 mins by fluorometric assay,B,,,BAO_0000190,BAO_0000357,single protein format,COc1ccc(-c2ccc(Sc3ccccc3CC(=O)O)cc2)cc1,,,CHEMBL4184326,J Med Chem,2018.0,"{'bei': '17.35', 'le': '0.33', 'lle': '0.94', 'sei': '13.07'}",,CHEMBL4214269,,CHEMBL4214269,6.08,0,http://www.openphacts.org/units/Nanomolar,3071726,=,1,1,=,,IC50,nM,,830.0,CHEMBL321,Homo sapiens,Matrix metalloproteinase-9,9606,,,IC50,nM,UO_0000065,,830.0,,830.0,COc1ccc(-c2ccc(Sc3ccccc3CC(=O)O)cc2)cc1,active
,,18502923,[],CHEMBL4189734,Inhibition of recombinant human MMP-9 using Mca-Lys-Pro-Leu-Gly-Leu-Dap(Dnp)-Ala-Arg-NH2 as substrate preincubated for 3 hrs followed by substrate addition measured every 10 secs for 15 mins by fluorometric assay,B,,,BAO_0000190,BAO_0000357,single protein format,COc1ccc(-c2ccc(Sc3ccccc3CC(=O)NO)cc2)cc1,,,CHEMBL4184326,J Med Chem,2018.0,"{'bei': '18.94', 'le': '0.36', 'lle': '2.36', 'sei': '11.82'}",,CHEMBL4210206,,CHEMBL4210206,6.92,0,http://www.openphacts.org/units/Nanomolar,3071724,=,1,1,=,,IC50,nM,,120.0,CHEMBL321,Homo sapiens,Matrix metalloproteinase-9,9606,,,IC50,nM,UO_0000065,,120.0,,120.0,COc1ccc(-c2ccc(Sc3ccccc3CC(=O)NO)cc2)cc1,active
,,18516824,[],CHEMBL4193097,Inhibition of recombinant human MMP9 (Ala20 to Asp707 residues) expressed in CHO cells using Mca-Pro-LeuGly-Leu-Dpa-Ala-Arg-NH2 as substrate preincubated for 30 mins followed by substrate addition by fluorescence assay,B,,,BAO_0000190,BAO_0000219,cell-based format,CC(C)c1cc2c(cc1S(=O)(=O)N[C@@H](Cc1ccccc1)C(=O)Nc1cccc(Br)c1)[C@@]1(C)CCC[C@@](C)(C(=O)N[C@@H](Cc3ccccc3)C(=O)Nc3cccc(Br)c3)[C@@H]1CC2,,,CHEMBL4190296,Eur J Med Chem,2017.0,"{'bei': '4.10', 'le': '0.09', 'lle': '-6.21', 'sei': '3.02'}",,CHEMBL4211771,,CHEMBL4211771,4.03,0,http://www.openphacts.org/units/Nanomolar,3074419,=,1,1,=,,IC50,nM,,93100.0,CHEMBL321,Homo sapiens,Matrix metalloproteinase-9,9606,,,IC50,uM,UO_0000065,,93.1,,93100.0,CC(C)c1cc2c(cc1S(=O)(=O)N[C@@H](Cc1ccccc1)C(=O)Nc1cccc(Br)c1)[C@@]1(C)CCC[C@@](C)(C(=O)N[C@@H](Cc3ccccc3)C(=O)Nc3cccc(Br)c3)[C@@H]1CC2,inactive
,,18516825,[],CHEMBL4193097,Inhibition of recombinant human MMP9 (Ala20 to Asp707 residues) expressed in CHO cells using Mca-Pro-LeuGly-Leu-Dpa-Ala-Arg-NH2 as substrate preincubated for 30 mins followed by substrate addition by fluorescence assay,B,,,BAO_0000190,BAO_0000219,cell-based format,CC(C)c1cc2c(cc1S(=O)(=O)N[C@H](Cc1ccccc1)C(=O)Nc1ccccc1)[C@@]1(C)CCC[C@@](C)(C(=O)N[C@H](Cc3ccccc3)C(=O)Nc3ccccc3)[C@@H]1CC2,,,CHEMBL4190296,Eur J Med Chem,2017.0,"{'bei': '5.18', 'le': '0.10', 'lle': '-4.44', 'sei': '3.20'}",,CHEMBL4206886,,CHEMBL4206886,4.27,0,http://www.openphacts.org/units/Nanomolar,3074420,=,1,1,=,,IC50,nM,,53600.0,CHEMBL321,Homo sapiens,Matrix metalloproteinase-9,9606,,,IC50,uM,UO_0000065,,53.6,,53600.0,CC(C)c1cc2c(cc1S(=O)(=O)N[C@H](Cc1ccccc1)C(=O)Nc1ccccc1)[C@@]1(C)CCC[C@@](C)(C(=O)N[C@H](Cc3ccccc3)C(=O)Nc3ccccc3)[C@@H]1CC2,inactive
,,18516826,[],CHEMBL4193097,Inhibition of recombinant human MMP9 (Ala20 to Asp707 residues) expressed in CHO cells using Mca-Pro-LeuGly-Leu-Dpa-Ala-Arg-NH2 as substrate preincubated for 30 mins followed by substrate addition by fluorescence assay,B,,,BAO_0000190,BAO_0000219,cell-based format,CC(C)c1cc2c(cc1S(=O)(=O)N[C@@H](Cc1ccccc1)C(=O)Nc1ccccc1)[C@@]1(C)CCC[C@@](C)(C(=O)N[C@@H](Cc3ccccc3)C(=O)Nc3ccccc3)[C@@H]1CC2,,,CHEMBL4190296,Eur J Med Chem,2017.0,"{'bei': '5.59', 'le': '0.11', 'lle': '-4.10', 'sei': '3.46'}",,CHEMBL4216220,,CHEMBL4216220,4.61,0,http://www.openphacts.org/units/Nanomolar,3074421,=,1,1,=,,IC50,nM,,24300.0,CHEMBL321,Homo sapiens,Matrix metalloproteinase-9,9606,,,IC50,uM,UO_0000065,,24.3,,24300.0,CC(C)c1cc2c(cc1S(=O)(=O)N[C@@H](Cc1ccccc1)C(=O)Nc1ccccc1)[C@@]1(C)CCC[C@@](C)(C(=O)N[C@@H](Cc3ccccc3)C(=O)Nc3ccccc3)[C@@H]1CC2,inactive
,,18516827,[],CHEMBL4193097,Inhibition of recombinant human MMP9 (Ala20 to Asp707 residues) expressed in CHO cells using Mca-Pro-LeuGly-Leu-Dpa-Ala-Arg-NH2 as substrate preincubated for 30 mins followed by substrate addition by fluorescence assay,B,,,BAO_0000190,BAO_0000219,cell-based format,COc1cccc(NC(=O)[C@@H](Cc2ccccc2)NC(=O)[C@]2(C)CCC[C@]3(C)c4cc(S(=O)(=O)N[C@H](Cc5ccccc5)C(=O)Nc5cccc(OC)c5)c(C(C)C)cc4CC[C@@H]23)c1,,,CHEMBL4190296,Eur J Med Chem,2017.0,"{'bei': '4.61', 'le': '0.09', 'lle': '-4.65', 'sei': '2.68'}",,CHEMBL4211258,,CHEMBL4211258,4.08,0,http://www.openphacts.org/units/Nanomolar,3074422,=,1,1,=,,IC50,nM,,83400.0,CHEMBL321,Homo sapiens,Matrix metalloproteinase-9,9606,,,IC50,uM,UO_0000065,,83.4,,83400.0,COc1cccc(NC(=O)[C@@H](Cc2ccccc2)NC(=O)[C@]2(C)CCC[C@]3(C)c4cc(S(=O)(=O)N[C@H](Cc5ccccc5)C(=O)Nc5cccc(OC)c5)c(C(C)C)cc4CC[C@@H]23)c1,inactive
,,18516828,[],CHEMBL4193097,Inhibition of recombinant human MMP9 (Ala20 to Asp707 residues) expressed in CHO cells using Mca-Pro-LeuGly-Leu-Dpa-Ala-Arg-NH2 as substrate preincubated for 30 mins followed by substrate addition by fluorescence assay,B,,,BAO_0000190,BAO_0000219,cell-based format,COc1cccc(NC(=O)[C@H](Cc2ccccc2)NC(=O)[C@]2(C)CCC[C@]3(C)c4cc(S(=O)(=O)N[C@@H](Cc5ccccc5)C(=O)Nc5cccc(OC)c5)c(C(C)C)cc4CC[C@@H]23)c1,,,CHEMBL4190296,Eur J Med Chem,2017.0,"{'bei': '4.84', 'le': '0.09', 'lle': '-4.45', 'sei': '2.82'}",,CHEMBL4218730,,CHEMBL4218730,4.29,0,http://www.openphacts.org/units/Nanomolar,3074423,=,1,1,=,,IC50,nM,,51900.0,CHEMBL321,Homo sapiens,Matrix metalloproteinase-9,9606,,,IC50,uM,UO_0000065,,51.9,,51900.0,COc1cccc(NC(=O)[C@H](Cc2ccccc2)NC(=O)[C@]2(C)CCC[C@]3(C)c4cc(S(=O)(=O)N[C@@H](Cc5ccccc5)C(=O)Nc5cccc(OC)c5)c(C(C)C)cc4CC[C@@H]23)c1,inactive
,,18516829,[],CHEMBL4193097,Inhibition of recombinant human MMP9 (Ala20 to Asp707 residues) expressed in CHO cells using Mca-Pro-LeuGly-Leu-Dpa-Ala-Arg-NH2 as substrate preincubated for 30 mins followed by substrate addition by fluorescence assay,B,,,BAO_0000190,BAO_0000219,cell-based format,Cc1cccc(NC(=O)[C@@H](Cc2ccccc2)NC(=O)[C@]2(C)CCC[C@]3(C)c4cc(S(=O)(=O)N[C@H](Cc5ccccc5)C(=O)Nc5cccc(C)c5)c(C(C)C)cc4CC[C@@H]23)c1,,,CHEMBL4190296,Eur J Med Chem,2017.0,"{'bei': '5.23', 'le': '0.10', 'lle': '-4.87', 'sei': '3.34'}",,CHEMBL4213804,,CHEMBL4213804,4.46,0,http://www.openphacts.org/units/Nanomolar,3074424,=,1,1,=,,IC50,nM,,34800.0,CHEMBL321,Homo sapiens,Matrix metalloproteinase-9,9606,,,IC50,uM,UO_0000065,,34.8,,34800.0,Cc1cccc(NC(=O)[C@@H](Cc2ccccc2)NC(=O)[C@]2(C)CCC[C@]3(C)c4cc(S(=O)(=O)N[C@H](Cc5ccccc5)C(=O)Nc5cccc(C)c5)c(C(C)C)cc4CC[C@@H]23)c1,inactive
,,18516830,[],CHEMBL4193097,Inhibition of recombinant human MMP9 (Ala20 to Asp707 residues) expressed in CHO cells using Mca-Pro-LeuGly-Leu-Dpa-Ala-Arg-NH2 as substrate preincubated for 30 mins followed by substrate addition by fluorescence assay,B,,,BAO_0000190,BAO_0000219,cell-based format,Cc1cccc(NC(=O)[C@H](Cc2ccccc2)NC(=O)[C@]2(C)CCC[C@]3(C)c4cc(S(=O)(=O)N[C@@H](Cc5ccccc5)C(=O)Nc5cccc(C)c5)c(C(C)C)cc4CC[C@@H]23)c1,,,CHEMBL4190296,Eur J Med Chem,2017.0,"{'bei': '5.93', 'le': '0.11', 'lle': '-4.27', 'sei': '3.79'}",,CHEMBL4215396,,CHEMBL4215396,5.06,0,http://www.openphacts.org/units/Nanomolar,3074425,=,1,1,=,,IC50,nM,,8800.0,CHEMBL321,Homo sapiens,Matrix metalloproteinase-9,9606,,,IC50,uM,UO_0000065,,8.8,,8800.0,Cc1cccc(NC(=O)[C@H](Cc2ccccc2)NC(=O)[C@]2(C)CCC[C@]3(C)c4cc(S(=O)(=O)N[C@@H](Cc5ccccc5)C(=O)Nc5cccc(C)c5)c(C(C)C)cc4CC[C@@H]23)c1,intermediate
,,18516831,[],CHEMBL4193097,Inhibition of recombinant human MMP9 (Ala20 to Asp707 residues) expressed in CHO cells using Mca-Pro-LeuGly-Leu-Dpa-Ala-Arg-NH2 as substrate preincubated for 30 mins followed by substrate addition by fluorescence assay,B,,,BAO_0000190,BAO_0000219,cell-based format,COc1ccc(NC(=O)[C@@H](Cc2ccccc2)NC(=O)[C@]2(C)CCC[C@]3(C)c4cc(S(=O)(=O)N[C@H](Cc5ccccc5)C(=O)Nc5ccc(OC)cc5)c(C(C)C)cc4CC[C@@H]23)cc1,,,CHEMBL4190296,Eur J Med Chem,2017.0,"{'bei': '4.79', 'le': '0.09', 'lle': '-4.49', 'sei': '2.79'}",,CHEMBL4203717,,CHEMBL4203717,4.24,0,http://www.openphacts.org/units/Nanomolar,3074426,=,1,1,=,,IC50,nM,,57800.0,CHEMBL321,Homo sapiens,Matrix metalloproteinase-9,9606,,,IC50,uM,UO_0000065,,57.8,,57800.0,COc1ccc(NC(=O)[C@@H](Cc2ccccc2)NC(=O)[C@]2(C)CCC[C@]3(C)c4cc(S(=O)(=O)N[C@H](Cc5ccccc5)C(=O)Nc5ccc(OC)cc5)c(C(C)C)cc4CC[C@@H]23)cc1,inactive
,,18516832,[],CHEMBL4193097,Inhibition of recombinant human MMP9 (Ala20 to Asp707 residues) expressed in CHO cells using Mca-Pro-LeuGly-Leu-Dpa-Ala-Arg-NH2 as substrate preincubated for 30 mins followed by substrate addition by fluorescence assay,B,,,BAO_0000190,BAO_0000219,cell-based format,COc1ccc(NC(=O)[C@H](Cc2ccccc2)NC(=O)[C@]2(C)CCC[C@]3(C)c4cc(S(=O)(=O)N[C@@H](Cc5ccccc5)C(=O)Nc5ccc(OC)cc5)c(C(C)C)cc4CC[C@@H]23)cc1,,,CHEMBL4190296,Eur J Med Chem,2017.0,"{'bei': '4.82', 'le': '0.09', 'lle': '-4.47', 'sei': '2.81'}",,CHEMBL4210975,,CHEMBL4210975,4.26,0,http://www.openphacts.org/units/Nanomolar,3074427,=,1,1,=,,IC50,nM,,54600.0,CHEMBL321,Homo sapiens,Matrix metalloproteinase-9,9606,,,IC50,uM,UO_0000065,,54.6,,54600.0,COc1ccc(NC(=O)[C@H](Cc2ccccc2)NC(=O)[C@]2(C)CCC[C@]3(C)c4cc(S(=O)(=O)N[C@@H](Cc5ccccc5)C(=O)Nc5ccc(OC)cc5)c(C(C)C)cc4CC[C@@H]23)cc1,inactive
,,18516833,[],CHEMBL4193097,Inhibition of recombinant human MMP9 (Ala20 to Asp707 residues) expressed in CHO cells using Mca-Pro-LeuGly-Leu-Dpa-Ala-Arg-NH2 as substrate preincubated for 30 mins followed by substrate addition by fluorescence assay,B,,,BAO_0000190,BAO_0000219,cell-based format,Cc1ccc(NC(=O)[C@@H](Cc2ccccc2)NC(=O)[C@]2(C)CCC[C@]3(C)c4cc(S(=O)(=O)N[C@H](Cc5ccccc5)C(=O)Nc5ccc(C)cc5)c(C(C)C)cc4CC[C@@H]23)cc1,,,CHEMBL4190296,Eur J Med Chem,2017.0,"{'bei': '5.03', 'le': '0.09', 'lle': '-5.04', 'sei': '3.21'}",,CHEMBL4215930,,CHEMBL4215930,4.29,0,http://www.openphacts.org/units/Nanomolar,3074428,=,1,1,=,,IC50,nM,,51600.0,CHEMBL321,Homo sapiens,Matrix metalloproteinase-9,9606,,,IC50,uM,UO_0000065,,51.6,,51600.0,Cc1ccc(NC(=O)[C@@H](Cc2ccccc2)NC(=O)[C@]2(C)CCC[C@]3(C)c4cc(S(=O)(=O)N[C@H](Cc5ccccc5)C(=O)Nc5ccc(C)cc5)c(C(C)C)cc4CC[C@@H]23)cc1,inactive
,,18516834,[],CHEMBL4193097,Inhibition of recombinant human MMP9 (Ala20 to Asp707 residues) expressed in CHO cells using Mca-Pro-LeuGly-Leu-Dpa-Ala-Arg-NH2 as substrate preincubated for 30 mins followed by substrate addition by fluorescence assay,B,,,BAO_0000190,BAO_0000219,cell-based format,Cc1ccc(NC(=O)[C@H](Cc2ccccc2)NC(=O)[C@]2(C)CCC[C@]3(C)c4cc(S(=O)(=O)N[C@@H](Cc5ccccc5)C(=O)Nc5ccc(C)cc5)c(C(C)C)cc4CC[C@@H]23)cc1,,,CHEMBL4190296,Eur J Med Chem,2017.0,"{'bei': '5.49', 'le': '0.10', 'lle': '-4.65', 'sei': '3.51'}",,CHEMBL4207542,,CHEMBL4207542,4.68,0,http://www.openphacts.org/units/Nanomolar,3074429,=,1,1,=,,IC50,nM,,20900.0,CHEMBL321,Homo sapiens,Matrix metalloproteinase-9,9606,,,IC50,uM,UO_0000065,,20.9,,20900.0,Cc1ccc(NC(=O)[C@H](Cc2ccccc2)NC(=O)[C@]2(C)CCC[C@]3(C)c4cc(S(=O)(=O)N[C@@H](Cc5ccccc5)C(=O)Nc5ccc(C)cc5)c(C(C)C)cc4CC[C@@H]23)cc1,inactive
,,18516835,[],CHEMBL4193097,Inhibition of recombinant human MMP9 (Ala20 to Asp707 residues) expressed in CHO cells using Mca-Pro-LeuGly-Leu-Dpa-Ala-Arg-NH2 as substrate preincubated for 30 mins followed by substrate addition by fluorescence assay,B,,,BAO_0000190,BAO_0000219,cell-based format,CC(C)c1cc2c(cc1S(=O)(=O)N[C@H](Cc1ccccc1)C(=O)Nc1ccccc1F)[C@@]1(C)CCC[C@@](C)(C(=O)N[C@H](Cc3ccccc3)C(=O)Nc3ccccc3F)[C@@H]1CC2,,,CHEMBL4190296,Eur J Med Chem,2017.0,"{'bei': '4.85', 'le': '0.09', 'lle': '-4.81', 'sei': '3.13'}",,CHEMBL4212449,,CHEMBL4212449,4.18,0,http://www.openphacts.org/units/Nanomolar,3074430,=,1,1,=,,IC50,nM,,66600.0,CHEMBL321,Homo sapiens,Matrix metalloproteinase-9,9606,,,IC50,uM,UO_0000065,,66.6,,66600.0,CC(C)c1cc2c(cc1S(=O)(=O)N[C@H](Cc1ccccc1)C(=O)Nc1ccccc1F)[C@@]1(C)CCC[C@@](C)(C(=O)N[C@H](Cc3ccccc3)C(=O)Nc3ccccc3F)[C@@H]1CC2,inactive
,,18516836,[],CHEMBL4193097,Inhibition of recombinant human MMP9 (Ala20 to Asp707 residues) expressed in CHO cells using Mca-Pro-LeuGly-Leu-Dpa-Ala-Arg-NH2 as substrate preincubated for 30 mins followed by substrate addition by fluorescence assay,B,,,BAO_0000190,BAO_0000219,cell-based format,CC(C)c1cc2c(cc1S(=O)(=O)N[C@@H](Cc1ccccc1)C(=O)Nc1ccccc1F)[C@@]1(C)CCC[C@@](C)(C(=O)N[C@@H](Cc3ccccc3)C(=O)Nc3ccccc3F)[C@@H]1CC2,,,CHEMBL4190296,Eur J Med Chem,2017.0,"{'bei': '5.01', 'le': '0.10', 'lle': '-4.67', 'sei': '3.23'}",,CHEMBL4203206,,CHEMBL4203206,4.32,0,http://www.openphacts.org/units/Nanomolar,3074431,=,1,1,=,,IC50,nM,,48300.0,CHEMBL321,Homo sapiens,Matrix metalloproteinase-9,9606,,,IC50,uM,UO_0000065,,48.3,,48300.0,CC(C)c1cc2c(cc1S(=O)(=O)N[C@@H](Cc1ccccc1)C(=O)Nc1ccccc1F)[C@@]1(C)CCC[C@@](C)(C(=O)N[C@@H](Cc3ccccc3)C(=O)Nc3ccccc3F)[C@@H]1CC2,inactive
,,18516837,[],CHEMBL4193097,Inhibition of recombinant human MMP9 (Ala20 to Asp707 residues) expressed in CHO cells using Mca-Pro-LeuGly-Leu-Dpa-Ala-Arg-NH2 as substrate preincubated for 30 mins followed by substrate addition by fluorescence assay,B,,,BAO_0000190,BAO_0000219,cell-based format,COc1ccccc1NC(=O)[C@@H](Cc1ccccc1)NC(=O)[C@]1(C)CCC[C@]2(C)c3cc(S(=O)(=O)N[C@H](Cc4ccccc4)C(=O)Nc4ccccc4OC)c(C(C)C)cc3CC[C@@H]12,,,CHEMBL4190296,Eur J Med Chem,2017.0,"{'bei': '4.80', 'le': '0.09', 'lle': '-4.48', 'sei': '2.80'}",,CHEMBL4211708,,CHEMBL4211708,4.25,0,http://www.openphacts.org/units/Nanomolar,3074432,=,1,1,=,,IC50,nM,,56200.0,CHEMBL321,Homo sapiens,Matrix metalloproteinase-9,9606,,,IC50,uM,UO_0000065,,56.2,,56200.0,COc1ccccc1NC(=O)[C@@H](Cc1ccccc1)NC(=O)[C@]1(C)CCC[C@]2(C)c3cc(S(=O)(=O)N[C@H](Cc4ccccc4)C(=O)Nc4ccccc4OC)c(C(C)C)cc3CC[C@@H]12,inactive
,,18516838,[],CHEMBL4193097,Inhibition of recombinant human MMP9 (Ala20 to Asp707 residues) expressed in CHO cells using Mca-Pro-LeuGly-Leu-Dpa-Ala-Arg-NH2 as substrate preincubated for 30 mins followed by substrate addition by fluorescence assay,B,,,BAO_0000190,BAO_0000219,cell-based format,COc1ccccc1NC(=O)[C@H](Cc1ccccc1)NC(=O)[C@]1(C)CCC[C@]2(C)c3cc(S(=O)(=O)N[C@@H](Cc4ccccc4)C(=O)Nc4ccccc4OC)c(C(C)C)cc3CC[C@@H]12,,,CHEMBL4190296,Eur J Med Chem,2017.0,"{'bei': '4.92', 'le': '0.09', 'lle': '-4.37', 'sei': '2.87'}",,CHEMBL4214436,,CHEMBL4214436,4.36,0,http://www.openphacts.org/units/Nanomolar,3074433,=,1,1,=,,IC50,nM,,43900.0,CHEMBL321,Homo sapiens,Matrix metalloproteinase-9,9606,,,IC50,uM,UO_0000065,,43.9,,43900.0,COc1ccccc1NC(=O)[C@H](Cc1ccccc1)NC(=O)[C@]1(C)CCC[C@]2(C)c3cc(S(=O)(=O)N[C@@H](Cc4ccccc4)C(=O)Nc4ccccc4OC)c(C(C)C)cc3CC[C@@H]12,inactive
,,18516839,[],CHEMBL4193097,Inhibition of recombinant human MMP9 (Ala20 to Asp707 residues) expressed in CHO cells using Mca-Pro-LeuGly-Leu-Dpa-Ala-Arg-NH2 as substrate preincubated for 30 mins followed by substrate addition by fluorescence assay,B,,,BAO_0000190,BAO_0000219,cell-based format,Cc1ccccc1NC(=O)[C@@H](Cc1ccccc1)NC(=O)[C@]1(C)CCC[C@]2(C)c3cc(S(=O)(=O)N[C@H](Cc4ccccc4)C(=O)Nc4ccccc4C)c(C(C)C)cc3CC[C@@H]12,,,CHEMBL4190296,Eur J Med Chem,2017.0,"{'bei': '5.24', 'le': '0.10', 'lle': '-4.86', 'sei': '3.35'}",,CHEMBL4202778,,CHEMBL4202778,4.47,0,http://www.openphacts.org/units/Nanomolar,3074434,=,1,1,=,,IC50,nM,,33600.0,CHEMBL321,Homo sapiens,Matrix metalloproteinase-9,9606,,,IC50,uM,UO_0000065,,33.6,,33600.0,Cc1ccccc1NC(=O)[C@@H](Cc1ccccc1)NC(=O)[C@]1(C)CCC[C@]2(C)c3cc(S(=O)(=O)N[C@H](Cc4ccccc4)C(=O)Nc4ccccc4C)c(C(C)C)cc3CC[C@@H]12,inactive
,,18516840,[],CHEMBL4193097,Inhibition of recombinant human MMP9 (Ala20 to Asp707 residues) expressed in CHO cells using Mca-Pro-LeuGly-Leu-Dpa-Ala-Arg-NH2 as substrate preincubated for 30 mins followed by substrate addition by fluorescence assay,B,,,BAO_0000190,BAO_0000219,cell-based format,Cc1ccccc1NC(=O)[C@H](Cc1ccccc1)NC(=O)[C@]1(C)CCC[C@]2(C)c3cc(S(=O)(=O)N[C@@H](Cc4ccccc4)C(=O)Nc4ccccc4C)c(C(C)C)cc3CC[C@@H]12,,,CHEMBL4190296,Eur J Med Chem,2017.0,"{'bei': '5.35', 'le': '0.10', 'lle': '-4.77', 'sei': '3.42'}",,CHEMBL4216154,,CHEMBL4216154,4.56,0,http://www.openphacts.org/units/Nanomolar,3074435,=,1,1,=,,IC50,nM,,27400.0,CHEMBL321,Homo sapiens,Matrix metalloproteinase-9,9606,,,IC50,uM,UO_0000065,,27.4,,27400.0,Cc1ccccc1NC(=O)[C@H](Cc1ccccc1)NC(=O)[C@]1(C)CCC[C@]2(C)c3cc(S(=O)(=O)N[C@@H](Cc4ccccc4)C(=O)Nc4ccccc4C)c(C(C)C)cc3CC[C@@H]12,inactive
,,18516841,[],CHEMBL4193097,Inhibition of recombinant human MMP9 (Ala20 to Asp707 residues) expressed in CHO cells using Mca-Pro-LeuGly-Leu-Dpa-Ala-Arg-NH2 as substrate preincubated for 30 mins followed by substrate addition by fluorescence assay,B,,,BAO_0000190,BAO_0000219,cell-based format,CC(C)c1cc2c(cc1S(=O)(=O)O)[C@@]1(C)CCC[C@@](C)(C(=O)N[C@@H](Cc3ccccc3)C(=O)Nc3cccc(F)c3)[C@@H]1CC2,,,CHEMBL4190296,Eur J Med Chem,2017.0,"{'bei': '6.67', 'le': '0.13', 'lle': '-2.43', 'sei': '3.68'}",,CHEMBL4211189,,CHEMBL4211189,4.14,0,http://www.openphacts.org/units/Nanomolar,3074436,=,1,1,=,,IC50,nM,,72600.0,CHEMBL321,Homo sapiens,Matrix metalloproteinase-9,9606,,,IC50,uM,UO_0000065,,72.6,,72600.0,CC(C)c1cc2c(cc1S(=O)(=O)O)[C@@]1(C)CCC[C@@](C)(C(=O)N[C@@H](Cc3ccccc3)C(=O)Nc3cccc(F)c3)[C@@H]1CC2,inactive
,,18516843,[],CHEMBL4193097,Inhibition of recombinant human MMP9 (Ala20 to Asp707 residues) expressed in CHO cells using Mca-Pro-LeuGly-Leu-Dpa-Ala-Arg-NH2 as substrate preincubated for 30 mins followed by substrate addition by fluorescence assay,B,,,BAO_0000190,BAO_0000219,cell-based format,CC(C)c1cc2c(cc1S(=O)(=O)O)[C@@]1(C)CCC[C@@](C)(C(=O)N[C@H](Cc3ccccc3)C(=O)Nc3ccccc3)[C@@H]1CC2,,,CHEMBL4190296,Eur J Med Chem,2017.0,"{'bei': '6.67', 'le': '0.13', 'lle': '-2.41', 'sei': '3.57'}",,CHEMBL4206821,,CHEMBL4206821,4.02,0,http://www.openphacts.org/units/Nanomolar,3074438,=,1,1,=,,IC50,nM,,95900.0,CHEMBL321,Homo sapiens,Matrix metalloproteinase-9,9606,,,IC50,uM,UO_0000065,,95.9,,95900.0,CC(C)c1cc2c(cc1S(=O)(=O)O)[C@@]1(C)CCC[C@@](C)(C(=O)N[C@H](Cc3ccccc3)C(=O)Nc3ccccc3)[C@@H]1CC2,inactive
,,18516846,[],CHEMBL4193097,Inhibition of recombinant human MMP9 (Ala20 to Asp707 residues) expressed in CHO cells using Mca-Pro-LeuGly-Leu-Dpa-Ala-Arg-NH2 as substrate preincubated for 30 mins followed by substrate addition by fluorescence assay,B,,,BAO_0000190,BAO_0000219,cell-based format,CC(C)c1cc2c(cc1S(=O)(=O)O)[C@@]1(C)CCC[C@@](C)(C(=O)N[C@@H](Cc3ccccc3)C(=O)Nc3ccccc3Br)[C@@H]1CC2,,,CHEMBL4190296,Eur J Med Chem,2017.0,"{'bei': '5.99', 'le': '0.13', 'lle': '-3.12', 'sei': '3.63'}",,CHEMBL4202989,,CHEMBL4202989,4.08,0,http://www.openphacts.org/units/Nanomolar,3074441,=,1,1,=,,IC50,nM,,82600.0,CHEMBL321,Homo sapiens,Matrix metalloproteinase-9,9606,,,IC50,uM,UO_0000065,,82.6,,82600.0,CC(C)c1cc2c(cc1S(=O)(=O)O)[C@@]1(C)CCC[C@@](C)(C(=O)N[C@@H](Cc3ccccc3)C(=O)Nc3ccccc3Br)[C@@H]1CC2,inactive
,,18516849,[],CHEMBL4193097,Inhibition of recombinant human MMP9 (Ala20 to Asp707 residues) expressed in CHO cells using Mca-Pro-LeuGly-Leu-Dpa-Ala-Arg-NH2 as substrate preincubated for 30 mins followed by substrate addition by fluorescence assay,B,,,BAO_0000190,BAO_0000219,cell-based format,COc1ccc(NC(=O)[C@H](Cc2ccccc2)NC(=O)[C@]2(C)CCC[C@]3(C)c4cc(S(=O)(=O)O)c(C(C)C)cc4CC[C@@H]23)cc1,,,CHEMBL4190296,Eur J Med Chem,2017.0,"{'bei': '7.02', 'le': '0.13', 'lle': '-2.00', 'sei': '3.65'}",,CHEMBL4210262,,CHEMBL4210262,4.44,0,http://www.openphacts.org/units/Nanomolar,3074444,=,1,1,=,,IC50,nM,,36300.0,CHEMBL321,Homo sapiens,Matrix metalloproteinase-9,9606,,,IC50,uM,UO_0000065,,36.3,,36300.0,COc1ccc(NC(=O)[C@H](Cc2ccccc2)NC(=O)[C@]2(C)CCC[C@]3(C)c4cc(S(=O)(=O)O)c(C(C)C)cc4CC[C@@H]23)cc1,inactive
,,18516850,[],CHEMBL4193097,Inhibition of recombinant human MMP9 (Ala20 to Asp707 residues) expressed in CHO cells using Mca-Pro-LeuGly-Leu-Dpa-Ala-Arg-NH2 as substrate preincubated for 30 mins followed by substrate addition by fluorescence assay,B,,,BAO_0000190,BAO_0000219,cell-based format,COc1ccc(S(=O)(=O)N(Cc2cccnc2)[C@@H](C(=O)NO)C(C)C)cc1,,,CHEMBL4190296,Eur J Med Chem,2017.0,"{'bei': '20.33', 'le': '0.40', 'lle': '6.19', 'sei': '7.35'}",,CHEMBL267178,,CHEMBL267178,8.00,0,http://www.openphacts.org/units/Nanomolar,3074445,=,1,1,=,,IC50,nM,,10.0,CHEMBL321,Homo sapiens,Matrix metalloproteinase-9,9606,,,IC50,uM,UO_0000065,,0.01,,10.0,COc1ccc(S(=O)(=O)N(Cc2cccnc2)[C@@H](C(=O)NO)C(C)C)cc1,active
,,18532949,[],CHEMBL4195647,Inhibition of recombinant human MMP9 preincubated for 30 mins followed by McaPro-Leu-Gly-Leu-Dpa-Ala-Arg-NH2 substrate addition measured by fluorescence assay,B,,,BAO_0000190,BAO_0000357,single protein format,O=C(/C=C(\c1ccccc1)c1c(-c2ccc(O)cc2)cccc1-c1ccc(O)cc1)c1ccc(O)cc1,,,CHEMBL4190401,Bioorg Med Chem Lett,2018.0,"{'bei': '9.51', 'le': '0.17', 'lle': '-2.84', 'sei': '5.93'}",,CHEMBL4206956,,CHEMBL4206956,4.61,0,http://www.openphacts.org/units/Nanomolar,3077029,=,1,1,=,,IC50,nM,,24690.0,CHEMBL321,Homo sapiens,Matrix metalloproteinase-9,9606,,,IC50,uM,UO_0000065,,24.69,,24690.0,O=C(/C=C(\c1ccccc1)c1c(-c2ccc(O)cc2)cccc1-c1ccc(O)cc1)c1ccc(O)cc1,inactive
,,18532950,[],CHEMBL4195647,Inhibition of recombinant human MMP9 preincubated for 30 mins followed by McaPro-Leu-Gly-Leu-Dpa-Ala-Arg-NH2 substrate addition measured by fluorescence assay,B,,,BAO_0000190,BAO_0000357,single protein format,O=C1OCc2ccc(-c3ccc(O)cc3)c(C(=O)c3ccc(O)cc3)c21,,,CHEMBL4190401,Bioorg Med Chem Lett,2018.0,"{'bei': '12.83', 'le': '0.23', 'lle': '0.77', 'sei': '5.30'}",,CHEMBL4211480,,CHEMBL4211480,4.44,0,http://www.openphacts.org/units/Nanomolar,3077030,=,1,1,=,,IC50,nM,,36010.0,CHEMBL321,Homo sapiens,Matrix metalloproteinase-9,9606,,,IC50,uM,UO_0000065,,36.01,,36010.0,O=C1OCc2ccc(-c3ccc(O)cc3)c(C(=O)c3ccc(O)cc3)c21,inactive
,,18532951,[],CHEMBL4195647,Inhibition of recombinant human MMP9 preincubated for 30 mins followed by McaPro-Leu-Gly-Leu-Dpa-Ala-Arg-NH2 substrate addition measured by fluorescence assay,B,,,BAO_0000190,BAO_0000357,single protein format,O=C1OC(c2ccc(O)cc2)(c2ccc(O)cc2)c2c(-c3ccc(O)cc3)ccc(CO)c21,,,CHEMBL4190401,Bioorg Med Chem Lett,2018.0,"{'bei': '10.76', 'le': '0.20', 'lle': '0.31', 'sei': '4.42'}",,CHEMBL4206592,,CHEMBL4206592,4.74,0,http://www.openphacts.org/units/Nanomolar,3077031,=,1,1,=,,IC50,nM,,18320.0,CHEMBL321,Homo sapiens,Matrix metalloproteinase-9,9606,,,IC50,uM,UO_0000065,,18.32,,18320.0,O=C1OC(c2ccc(O)cc2)(c2ccc(O)cc2)c2c(-c3ccc(O)cc3)ccc(CO)c21,inactive
,,18532952,[],CHEMBL4195647,Inhibition of recombinant human MMP9 preincubated for 30 mins followed by McaPro-Leu-Gly-Leu-Dpa-Ala-Arg-NH2 substrate addition measured by fluorescence assay,B,,,BAO_0000190,BAO_0000357,single protein format,O=C(O)c1c(-c2ccc(O)cc2)ccc(CO)c1C#Cc1ccc(O)cc1,,,CHEMBL4190401,Bioorg Med Chem Lett,2018.0,"{'bei': '12.18', 'le': '0.22', 'lle': '1.03', 'sei': '4.48'}",,CHEMBL3585679,,CHEMBL3585679,4.39,0,http://www.openphacts.org/units/Nanomolar,3077032,=,1,1,=,,IC50,nM,,40960.0,CHEMBL321,Homo sapiens,Matrix metalloproteinase-9,9606,,,IC50,uM,UO_0000065,,40.96,,40960.0,O=C(O)c1c(-c2ccc(O)cc2)ccc(CO)c1C#Cc1ccc(O)cc1,inactive
,,18532953,[],CHEMBL4195647,Inhibition of recombinant human MMP9 preincubated for 30 mins followed by McaPro-Leu-Gly-Leu-Dpa-Ala-Arg-NH2 substrate addition measured by fluorescence assay,B,,,BAO_0000190,BAO_0000357,single protein format,COc1ccc(-c2cc(=O)c3c(O)cc(O)cc3o2)cc1-c1c(O)cc2oc(-c3ccc(O)cc3)cc(=O)c2c1O,,,CHEMBL4190401,Bioorg Med Chem Lett,2018.0,"{'bei': '8.30', 'le': '0.15', 'lle': '-0.86', 'sei': '2.68'}",,CHEMBL451902,,CHEMBL451902,4.58,0,http://www.openphacts.org/units/Nanomolar,3077033,=,1,1,=,,IC50,nM,,26080.0,CHEMBL321,Homo sapiens,Matrix metalloproteinase-9,9606,,,IC50,uM,UO_0000065,,26.08,,26080.0,COc1ccc(-c2cc(=O)c3c(O)cc(O)cc3o2)cc1-c1c(O)cc2oc(-c3ccc(O)cc3)cc(=O)c2c1O,inactive
,,18532954,[],CHEMBL4195647,Inhibition of recombinant human MMP9 preincubated for 30 mins followed by McaPro-Leu-Gly-Leu-Dpa-Ala-Arg-NH2 substrate addition measured by fluorescence assay,B,,,BAO_0000190,BAO_0000357,single protein format,O=c1cc(-c2ccc(O)c(-c3c(O)cc4oc(-c5ccc(O)cc5)cc(=O)c4c3O)c2)oc2cc(O)cc(O)c12,,,CHEMBL4190401,Bioorg Med Chem Lett,2018.0,"{'bei': '9.15', 'le': '0.17', 'lle': '-0.20', 'sei': '2.71'}",,CHEMBL63677,ROBUSTAFLAVONE,CHEMBL63677,4.93,0,http://www.openphacts.org/units/Nanomolar,3077034,=,1,1,=,,IC50,nM,,11850.0,CHEMBL321,Homo sapiens,Matrix metalloproteinase-9,9606,,,IC50,uM,UO_0000065,,11.85,,11850.0,O=c1cc(-c2ccc(O)c(-c3c(O)cc4oc(-c5ccc(O)cc5)cc(=O)c4c3O)c2)oc2cc(O)cc(O)c12,inactive
,,18532955,[],CHEMBL4195647,Inhibition of recombinant human MMP9 preincubated for 30 mins followed by McaPro-Leu-Gly-Leu-Dpa-Ala-Arg-NH2 substrate addition measured by fluorescence assay,B,,,BAO_0000190,BAO_0000357,single protein format,COc1ccc(C2CC(=O)c3c(O)cc(O)cc3O2)cc1-c1c(O)cc2c(c1O)C(=O)CC(c1ccc(O)cc1)O2,,,CHEMBL4190401,Bioorg Med Chem Lett,2018.0,"{'bei': '8.26', 'le': '0.15', 'lle': '-0.71', 'sei': '2.82'}",,CHEMBL4216342,,CHEMBL4216342,4.59,0,http://www.openphacts.org/units/Nanomolar,3077035,=,1,1,=,,IC50,nM,,25430.0,CHEMBL321,Homo sapiens,Matrix metalloproteinase-9,9606,,,IC50,uM,UO_0000065,,25.43,,25430.0,COc1ccc(C2CC(=O)c3c(O)cc(O)cc3O2)cc1-c1c(O)cc2c(c1O)C(=O)CC(c1ccc(O)cc1)O2,inactive
,,18532956,[],CHEMBL4195647,Inhibition of recombinant human MMP9 preincubated for 30 mins followed by McaPro-Leu-Gly-Leu-Dpa-Ala-Arg-NH2 substrate addition measured by fluorescence assay,B,,,BAO_0000190,BAO_0000357,single protein format,COc1ccc(-c2cc(=O)c3c(O)cc(O)cc3o2)cc1-c1c(O)cc2c(c1O)C(=O)CC(c1ccc(O)cc1)O2,,,CHEMBL4190401,Bioorg Med Chem Lett,2018.0,"{'bei': '7.98', 'le': '0.15', 'lle': '-0.94', 'sei': '2.65'}",,CHEMBL4213048,,CHEMBL4213048,4.43,0,http://www.openphacts.org/units/Nanomolar,3077036,=,1,1,=,,IC50,nM,,37360.0,CHEMBL321,Homo sapiens,Matrix metalloproteinase-9,9606,,,IC50,uM,UO_0000065,,37.36,,37360.0,COc1ccc(-c2cc(=O)c3c(O)cc(O)cc3o2)cc1-c1c(O)cc2c(c1O)C(=O)CC(c1ccc(O)cc1)O2,inactive
,,18532957,[],CHEMBL4195647,Inhibition of recombinant human MMP9 preincubated for 30 mins followed by McaPro-Leu-Gly-Leu-Dpa-Ala-Arg-NH2 substrate addition measured by fluorescence assay,B,,,BAO_0000190,BAO_0000357,single protein format,O=c1cc(-c2ccc(O)c(-c3c(O)cc(O)c4c(=O)cc(-c5ccc(O)cc5)oc34)c2)oc2cc(O)cc(O)c12,,,CHEMBL4190401,Bioorg Med Chem Lett,2018.0,"{'bei': '10.38', 'le': '0.19', 'lle': '0.46', 'sei': '3.07'}",,CHEMBL63354,AMENTOFLAVONE,CHEMBL63354,5.59,0,http://www.openphacts.org/units/Nanomolar,3077037,=,1,1,=,,IC50,nM,,2580.0,CHEMBL321,Homo sapiens,Matrix metalloproteinase-9,9606,,,IC50,uM,UO_0000065,,2.58,,2580.0,O=c1cc(-c2ccc(O)c(-c3c(O)cc(O)c4c(=O)cc(-c5ccc(O)cc5)oc34)c2)oc2cc(O)cc(O)c12,intermediate
,,18532958,[],CHEMBL4195647,Inhibition of recombinant human MMP9 preincubated for 30 mins followed by McaPro-Leu-Gly-Leu-Dpa-Ala-Arg-NH2 substrate addition measured by fluorescence assay,B,,,BAO_0000190,BAO_0000357,single protein format,COc1ccc(C2CC(=O)c3c(O)cc(O)cc3O2)cc1-c1c(O)cc(O)c2c(=O)cc(-c3ccc(O)cc3)oc12,,,CHEMBL4190401,Bioorg Med Chem Lett,2018.0,"{'bei': '8.18', 'le': '0.15', 'lle': '-0.84', 'sei': '2.72'}",,CHEMBL4208646,,CHEMBL4208646,4.53,0,http://www.openphacts.org/units/Nanomolar,3077038,=,1,1,=,,IC50,nM,,29270.0,CHEMBL321,Homo sapiens,Matrix metalloproteinase-9,9606,,,IC50,uM,UO_0000065,,29.27,,29270.0,COc1ccc(C2CC(=O)c3c(O)cc(O)cc3O2)cc1-c1c(O)cc(O)c2c(=O)cc(-c3ccc(O)cc3)oc12,inactive
,,18532959,[],CHEMBL4195647,Inhibition of recombinant human MMP9 preincubated for 30 mins followed by McaPro-Leu-Gly-Leu-Dpa-Ala-Arg-NH2 substrate addition measured by fluorescence assay,B,,,BAO_0000190,BAO_0000357,single protein format,COc1ccc(-c2cc(=O)c3c(O)cc(O)cc3o2)cc1-c1c(O)cc(O)c2c(=O)cc(-c3ccc(O)cc3)oc12,,,CHEMBL4190401,Bioorg Med Chem Lett,2018.0,"{'bei': '9.02', 'le': '0.17', 'lle': '-0.45', 'sei': '2.92'}",,CHEMBL378188,BILOBETIN,CHEMBL378188,4.99,0,http://www.openphacts.org/units/Nanomolar,3077039,=,1,1,=,,IC50,nM,,10330.0,CHEMBL321,Homo sapiens,Matrix metalloproteinase-9,9606,,,IC50,uM,UO_0000065,,10.33,,10330.0,COc1ccc(-c2cc(=O)c3c(O)cc(O)cc3o2)cc1-c1c(O)cc(O)c2c(=O)cc(-c3ccc(O)cc3)oc12,inactive
,,18532960,[],CHEMBL4195647,Inhibition of recombinant human MMP9 preincubated for 30 mins followed by McaPro-Leu-Gly-Leu-Dpa-Ala-Arg-NH2 substrate addition measured by fluorescence assay,B,,,BAO_0000190,BAO_0000357,single protein format,COc1ccc(S(=O)(=O)N(Cc2cccnc2)[C@@H](C(=O)NO)C(C)C)cc1,,,CHEMBL4190401,Bioorg Med Chem Lett,2018.0,"{'bei': '18.80', 'le': '0.37', 'lle': '5.59', 'sei': '6.80'}",,CHEMBL267178,,CHEMBL267178,7.40,0,http://www.openphacts.org/units/Nanomolar,3077041,=,1,1,=,,IC50,nM,,40.0,CHEMBL321,Homo sapiens,Matrix metalloproteinase-9,9606,,,IC50,uM,UO_0000065,,0.04,,40.0,COc1ccc(S(=O)(=O)N(Cc2cccnc2)[C@@H](C(=O)NO)C(C)C)cc1,active
,,18675488,[],CHEMBL4235587,Inhibition of recombinant human MMP9 (Phe107 to Pro449 residues) expressed in Escherichia coli preincubated for 45 mins followed by Mea-Pro-Leu-Gly-Leu-Dap(Dnp)-Ala-Arg-NH2 substrate addition by fluorescence assay,B,,,BAO_0000190,BAO_0000019,assay format,COc1ccc(/C=C/C(=O)N2C[C@@H](NC(=O)c3cccnc3)C[C@H]2C(=O)NO)cc1OC,,,CHEMBL4229514,Bioorg Med Chem,2018.0,"{'bei': '14.63', 'le': '0.28', 'lle': '5.42', 'sei': '4.95'}",,CHEMBL472915,,CHEMBL472915,6.44,0,http://www.openphacts.org/units/Nanomolar,3101811,=,1,1,=,,IC50,nM,,360.0,CHEMBL321,Homo sapiens,Matrix metalloproteinase-9,9606,,,IC50,nM,UO_0000065,,360.0,,360.0,COc1ccc(/C=C/C(=O)N2C[C@@H](NC(=O)c3cccnc3)C[C@H]2C(=O)NO)cc1OC,active
,,18675489,[],CHEMBL4235587,Inhibition of recombinant human MMP9 (Phe107 to Pro449 residues) expressed in Escherichia coli preincubated for 45 mins followed by Mea-Pro-Leu-Gly-Leu-Dap(Dnp)-Ala-Arg-NH2 substrate addition by fluorescence assay,B,,,BAO_0000190,BAO_0000019,assay format,COc1ccc(/C=C/C(=O)N2C[C@@H](NC(=O)c3cccc4no[n+]([O-])c34)C[C@H]2C(=O)NO)cc1OC,,,CHEMBL4229514,Bioorg Med Chem,2018.0,"{'bei': '12.63', 'le': '0.24', 'lle': '5.88', 'sei': '3.69'}",,CHEMBL4238489,,CHEMBL4238489,6.28,0,http://www.openphacts.org/units/Nanomolar,3101810,=,1,1,=,,IC50,nM,,524.0,CHEMBL321,Homo sapiens,Matrix metalloproteinase-9,9606,,,IC50,nM,UO_0000065,,524.0,,524.0,COc1ccc(/C=C/C(=O)N2C[C@@H](NC(=O)c3cccc4no[n+]([O-])c34)C[C@H]2C(=O)NO)cc1OC,active
,,18675490,[],CHEMBL4235587,Inhibition of recombinant human MMP9 (Phe107 to Pro449 residues) expressed in Escherichia coli preincubated for 45 mins followed by Mea-Pro-Leu-Gly-Leu-Dap(Dnp)-Ala-Arg-NH2 substrate addition by fluorescence assay,B,,,BAO_0000190,BAO_0000019,assay format,COc1ccc(/C=C/C(=O)N2C[C@@H](NC(=O)c3ccc4no[n+]([O-])c4c3)C[C@H]2C(=O)NO)cc1OC,,,CHEMBL4229514,Bioorg Med Chem,2018.0,"{'bei': '12.89', 'le': '0.24', 'lle': '6.01', 'sei': '3.77'}",,CHEMBL4249544,,CHEMBL4249544,6.41,0,http://www.openphacts.org/units/Nanomolar,3101809,=,1,1,=,,IC50,nM,,388.0,CHEMBL321,Homo sapiens,Matrix metalloproteinase-9,9606,,,IC50,nM,UO_0000065,,388.0,,388.0,COc1ccc(/C=C/C(=O)N2C[C@@H](NC(=O)c3ccc4no[n+]([O-])c4c3)C[C@H]2C(=O)NO)cc1OC,active
,,18675491,[],CHEMBL4235587,Inhibition of recombinant human MMP9 (Phe107 to Pro449 residues) expressed in Escherichia coli preincubated for 45 mins followed by Mea-Pro-Leu-Gly-Leu-Dap(Dnp)-Ala-Arg-NH2 substrate addition by fluorescence assay,B,,,BAO_0000190,BAO_0000019,assay format,O=C(N[C@H]1C[C@@H](C(=O)NO)N(S(=O)(=O)c2ccc(Oc3ccccc3)cc2)C1)c1cccc2no[n+]([O-])c12,,,CHEMBL4229514,Bioorg Med Chem,2018.0,"{'bei': '12.26', 'le': '0.24', 'lle': '5.30', 'sei': '3.72'}",,CHEMBL4241167,,CHEMBL4241167,6.62,0,http://www.openphacts.org/units/Nanomolar,3101808,=,1,1,=,,IC50,nM,,242.0,CHEMBL321,Homo sapiens,Matrix metalloproteinase-9,9606,,,IC50,nM,UO_0000065,,242.0,,242.0,O=C(N[C@H]1C[C@@H](C(=O)NO)N(S(=O)(=O)c2ccc(Oc3ccccc3)cc2)C1)c1cccc2no[n+]([O-])c12,active
,,18675492,[],CHEMBL4235587,Inhibition of recombinant human MMP9 (Phe107 to Pro449 residues) expressed in Escherichia coli preincubated for 45 mins followed by Mea-Pro-Leu-Gly-Leu-Dap(Dnp)-Ala-Arg-NH2 substrate addition by fluorescence assay,B,,,BAO_0000190,BAO_0000019,assay format,O=C(N[C@H]1C[C@@H](C(=O)NO)N(S(=O)(=O)c2ccc(Oc3ccccc3)cc2)C1)c1ccc2no[n+]([O-])c2c1,,,CHEMBL4229514,Bioorg Med Chem,2018.0,"{'bei': '12.59', 'le': '0.24', 'lle': '5.47', 'sei': '3.81'}",,CHEMBL4245382,,CHEMBL4245382,6.79,0,http://www.openphacts.org/units/Nanomolar,3101807,=,1,1,=,,IC50,nM,,162.0,CHEMBL321,Homo sapiens,Matrix metalloproteinase-9,9606,,,IC50,nM,UO_0000065,,162.0,,162.0,O=C(N[C@H]1C[C@@H](C(=O)NO)N(S(=O)(=O)c2ccc(Oc3ccccc3)cc2)C1)c1ccc2no[n+]([O-])c2c1,active
,,18758534,[],CHEMBL4265744,Inhibition of recombinant human MMP9 using Mca-Lys-Pro-Leu-Gly-Leu-Dap(Dnp)-Ala-Arg-NH2 as substrate preincubated for 3 hrs followed by substrate addition and measured every 10 secs for 15 mins by fluorescence assay,B,,,BAO_0000190,BAO_0000357,single protein format,CC(=O)N[C@@H]1[C@@H](OC(C)=O)[C@H](OC(C)=O)[C@@H](COC(C)=O)O[C@H]1NC(=S)NCCN([C@@H](C(=O)O)C(C)C)S(=O)(=O)c1ccc(-c2ccccc2)cc1,,,CHEMBL4261655,Bioorg Med Chem,2018.0,"{'bei': '7.74', 'le': '0.16', 'lle': '4.35', 'sei': '2.74'}",,CHEMBL4291062,,CHEMBL4291062,5.92,0,http://www.openphacts.org/units/Nanomolar,3116904,=,1,1,=,,IC50,nM,,1200.0,CHEMBL321,Homo sapiens,Matrix metalloproteinase-9,9606,,,IC50,nM,UO_0000065,,1200.0,,1200.0,CC(=O)N[C@@H]1[C@@H](OC(C)=O)[C@H](OC(C)=O)[C@@H](COC(C)=O)O[C@H]1NC(=S)NCCN([C@@H](C(=O)O)C(C)C)S(=O)(=O)c1ccc(-c2ccccc2)cc1,intermediate
,,18758535,[],CHEMBL4265744,Inhibition of recombinant human MMP9 using Mca-Lys-Pro-Leu-Gly-Leu-Dap(Dnp)-Ala-Arg-NH2 as substrate preincubated for 3 hrs followed by substrate addition and measured every 10 secs for 15 mins by fluorescence assay,B,,,BAO_0000190,BAO_0000357,single protein format,CC(=O)N[C@@H]1[C@@H](O)[C@H](O)[C@@H](CO)O[C@H]1NC(=S)NCCN([C@@H](C(=O)O)C(C)C)S(=O)(=O)c1ccc(-c2ccccc2)cc1,,,CHEMBL4261655,Bioorg Med Chem,2018.0,"{'bei': '8.25', 'le': '0.17', 'lle': '5.41', 'sei': '2.66'}",,CHEMBL4285838,,CHEMBL4285838,5.27,0,http://www.openphacts.org/units/Nanomolar,3116905,=,1,1,=,,IC50,nM,,5400.0,CHEMBL321,Homo sapiens,Matrix metalloproteinase-9,9606,,,IC50,nM,UO_0000065,,5400.0,,5400.0,CC(=O)N[C@@H]1[C@@H](O)[C@H](O)[C@@H](CO)O[C@H]1NC(=S)NCCN([C@@H](C(=O)O)C(C)C)S(=O)(=O)c1ccc(-c2ccccc2)cc1,intermediate
,,18758540,[],CHEMBL4265744,Inhibition of recombinant human MMP9 using Mca-Lys-Pro-Leu-Gly-Leu-Dap(Dnp)-Ala-Arg-NH2 as substrate preincubated for 3 hrs followed by substrate addition and measured every 10 secs for 15 mins by fluorescence assay,B,,,BAO_0000190,BAO_0000357,single protein format,CO[C@@H]1O[C@H](CN([C@@H](C(=O)O)C(C)C)S(=O)(=O)c2ccc(-c3ccccc3)cc2)[C@@H](OC(C)=O)[C@H](OC(C)=O)[C@H]1NC(C)=O,,,CHEMBL4261655,Bioorg Med Chem,2018.0,"{'bei': '9.31', 'le': '0.18', 'lle': '3.72', 'sei': '3.38'}",,CHEMBL4289657,,CHEMBL4289657,5.91,0,http://www.openphacts.org/units/Nanomolar,3116910,=,1,1,=,,IC50,nM,,1235.0,CHEMBL321,Homo sapiens,Matrix metalloproteinase-9,9606,,,IC50,nM,UO_0000065,,1235.0,,1235.0,CO[C@@H]1O[C@H](CN([C@@H](C(=O)O)C(C)C)S(=O)(=O)c2ccc(-c3ccccc3)cc2)[C@@H](OC(C)=O)[C@H](OC(C)=O)[C@H]1NC(C)=O,intermediate
,,18758541,[],CHEMBL4265744,Inhibition of recombinant human MMP9 using Mca-Lys-Pro-Leu-Gly-Leu-Dap(Dnp)-Ala-Arg-NH2 as substrate preincubated for 3 hrs followed by substrate addition and measured every 10 secs for 15 mins by fluorescence assay,B,,,BAO_0000190,BAO_0000357,single protein format,CO[C@@H]1O[C@H](CN([C@@H](C(=O)O)C(C)C)S(=O)(=O)c2ccc(-c3ccccc3)cc2)[C@@H](OC(C)=O)[C@H](OC(C)=O)[C@H]1OC(C)=O,,,CHEMBL4261655,Bioorg Med Chem,2018.0,"{'bei': '8.79', 'le': '0.17', 'lle': '2.97', 'sei': '3.25'}",,CHEMBL4294130,,CHEMBL4294130,5.58,0,http://www.openphacts.org/units/Nanomolar,3116911,=,1,1,=,,IC50,nM,,2600.0,CHEMBL321,Homo sapiens,Matrix metalloproteinase-9,9606,,,IC50,nM,UO_0000065,,2600.0,,2600.0,CO[C@@H]1O[C@H](CN([C@@H](C(=O)O)C(C)C)S(=O)(=O)c2ccc(-c3ccccc3)cc2)[C@@H](OC(C)=O)[C@H](OC(C)=O)[C@H]1OC(C)=O,intermediate
,,18758542,[],CHEMBL4265744,Inhibition of recombinant human MMP9 using Mca-Lys-Pro-Leu-Gly-Leu-Dap(Dnp)-Ala-Arg-NH2 as substrate preincubated for 3 hrs followed by substrate addition and measured every 10 secs for 15 mins by fluorescence assay,B,,,BAO_0000190,BAO_0000357,single protein format,CO[C@@H]1O[C@H](CN([C@@H](C(=O)O)C(C)C)S(=O)(=O)c2ccc(-c3ccccc3)cc2)[C@@H](O)[C@H](O)[C@H]1NC(C)=O,,,CHEMBL4261655,Bioorg Med Chem,2018.0,"{'bei': '10.99', 'le': '0.22', 'lle': '5.00', 'sei': '3.72'}",,CHEMBL4286237,,CHEMBL4286237,6.05,0,http://www.openphacts.org/units/Nanomolar,3116912,=,1,1,=,,IC50,nM,,890.0,CHEMBL321,Homo sapiens,Matrix metalloproteinase-9,9606,,,IC50,nM,UO_0000065,,890.0,,890.0,CO[C@@H]1O[C@H](CN([C@@H](C(=O)O)C(C)C)S(=O)(=O)c2ccc(-c3ccccc3)cc2)[C@@H](O)[C@H](O)[C@H]1NC(C)=O,active
,,18758543,[],CHEMBL4265744,Inhibition of recombinant human MMP9 using Mca-Lys-Pro-Leu-Gly-Leu-Dap(Dnp)-Ala-Arg-NH2 as substrate preincubated for 3 hrs followed by substrate addition and measured every 10 secs for 15 mins by fluorescence assay,B,,,BAO_0000190,BAO_0000357,single protein format,CO[C@@H]1O[C@H](CN([C@@H](C(=O)O)C(C)C)S(=O)(=O)c2ccc(-c3ccccc3)cc2)[C@@H](O)[C@H](O)[C@H]1O,,,CHEMBL4261655,Bioorg Med Chem,2018.0,"{'bei': '11.10', 'le': '0.22', 'lle': '4.75', 'sei': '3.68'}",,CHEMBL4290729,,CHEMBL4290729,5.66,0,http://www.openphacts.org/units/Nanomolar,3116913,=,1,1,=,,IC50,nM,,2200.0,CHEMBL321,Homo sapiens,Matrix metalloproteinase-9,9606,,,IC50,nM,UO_0000065,,2200.0,,2200.0,CO[C@@H]1O[C@H](CN([C@@H](C(=O)O)C(C)C)S(=O)(=O)c2ccc(-c3ccccc3)cc2)[C@@H](O)[C@H](O)[C@H]1O,intermediate
,,18758544,[],CHEMBL4265744,Inhibition of recombinant human MMP9 using Mca-Lys-Pro-Leu-Gly-Leu-Dap(Dnp)-Ala-Arg-NH2 as substrate preincubated for 3 hrs followed by substrate addition and measured every 10 secs for 15 mins by fluorescence assay,B,,,BAO_0000190,BAO_0000357,single protein format,CC(=O)OC[C@H]1O[C@@H](NC(=S)NCCN([C@@H](C(=O)O)C(C)C)S(=O)(=O)c2ccc(-c3ccccc3)cc2)[C@H](OC(C)=O)[C@@H](OC(C)=O)[C@@H]1OC(C)=O,,,CHEMBL4261655,Bioorg Med Chem,2018.0,"{'bei': '7.91', 'le': '0.16', 'lle': '4.06', 'sei': '2.84'}",,CHEMBL4282849,,CHEMBL4282849,6.06,0,http://www.openphacts.org/units/Nanomolar,3116914,=,1,1,=,,IC50,nM,,880.0,CHEMBL321,Homo sapiens,Matrix metalloproteinase-9,9606,,,IC50,nM,UO_0000065,,880.0,,880.0,CC(=O)OC[C@H]1O[C@@H](NC(=S)NCCN([C@@H](C(=O)O)C(C)C)S(=O)(=O)c2ccc(-c3ccccc3)cc2)[C@H](OC(C)=O)[C@@H](OC(C)=O)[C@@H]1OC(C)=O,active
,,18758545,[],CHEMBL4265744,Inhibition of recombinant human MMP9 using Mca-Lys-Pro-Leu-Gly-Leu-Dap(Dnp)-Ala-Arg-NH2 as substrate preincubated for 3 hrs followed by substrate addition and measured every 10 secs for 15 mins by fluorescence assay,B,,,BAO_0000190,BAO_0000357,single protein format,CC(C)[C@H](C(=O)O)N(CCNC(=S)N[C@@H]1O[C@H](CO)[C@@H](O)[C@H](O)[C@H]1O)S(=O)(=O)c1ccc(-c2ccccc2)cc1,,,CHEMBL4261655,Bioorg Med Chem,2018.0,"{'bei': '9.96', 'le': '0.20', 'lle': '6.23', 'sei': '3.15'}",,CHEMBL4283171,,CHEMBL4283171,5.95,0,http://www.openphacts.org/units/Nanomolar,3116915,=,1,1,=,,IC50,nM,,1120.0,CHEMBL321,Homo sapiens,Matrix metalloproteinase-9,9606,,,IC50,nM,UO_0000065,,1120.0,,1120.0,CC(C)[C@H](C(=O)O)N(CCNC(=S)N[C@@H]1O[C@H](CO)[C@@H](O)[C@H](O)[C@H]1O)S(=O)(=O)c1ccc(-c2ccccc2)cc1,intermediate
,,18758546,[],CHEMBL4265744,Inhibition of recombinant human MMP9 using Mca-Lys-Pro-Leu-Gly-Leu-Dap(Dnp)-Ala-Arg-NH2 as substrate preincubated for 3 hrs followed by substrate addition and measured every 10 secs for 15 mins by fluorescence assay,B,,,BAO_0000190,BAO_0000357,single protein format,CO[C@@H]1O[C@H](CNC(=S)NCCN([C@@H](C(=O)O)C(C)C)S(=O)(=O)c2ccc(-c3ccccc3)cc2)[C@@H](OC(C)=O)[C@H](OC(C)=O)[C@H]1OC(C)=O,,,CHEMBL4261655,Bioorg Med Chem,2018.0,"{'bei': '10.16', 'le': '0.20', 'lle': '5.41', 'sei': '3.82'}",,CHEMBL4291027,,CHEMBL4291027,7.50,0,http://www.openphacts.org/units/Nanomolar,3116916,=,1,1,=,,IC50,nM,,32.0,CHEMBL321,Homo sapiens,Matrix metalloproteinase-9,9606,,,IC50,nM,UO_0000065,,32.0,,32.0,CO[C@@H]1O[C@H](CNC(=S)NCCN([C@@H](C(=O)O)C(C)C)S(=O)(=O)c2ccc(-c3ccccc3)cc2)[C@@H](OC(C)=O)[C@H](OC(C)=O)[C@H]1OC(C)=O,active
,,18758547,[],CHEMBL4265744,Inhibition of recombinant human MMP9 using Mca-Lys-Pro-Leu-Gly-Leu-Dap(Dnp)-Ala-Arg-NH2 as substrate preincubated for 3 hrs followed by substrate addition and measured every 10 secs for 15 mins by fluorescence assay,B,,,BAO_0000190,BAO_0000357,single protein format,CO[C@@H]1O[C@H](CNC(=S)NCCN([C@@H](C(=O)O)C(C)C)S(=O)(=O)c2ccc(-c3ccccc3)cc2)[C@@H](O)[C@H](O)[C@H]1O,,,CHEMBL4261655,Bioorg Med Chem,2018.0,"{'bei': '10.27', 'le': '0.21', 'lle': '5.91', 'sei': '3.53'}",,CHEMBL4279699,,CHEMBL4279699,6.28,0,http://www.openphacts.org/units/Nanomolar,3116917,=,1,1,=,,IC50,nM,,520.0,CHEMBL321,Homo sapiens,Matrix metalloproteinase-9,9606,,,IC50,nM,UO_0000065,,520.0,,520.0,CO[C@@H]1O[C@H](CNC(=S)NCCN([C@@H](C(=O)O)C(C)C)S(=O)(=O)c2ccc(-c3ccccc3)cc2)[C@@H](O)[C@H](O)[C@H]1O,active
,,19051800,[],CHEMBL4355034,Inhibition of human MMP9 catalytic domain using Mca-PLGL-Dpa-AR-NH2 as substrate by fluorescence method,B,,,BAO_0000190,BAO_0000357,single protein format,COc1ccc(/C=C/C(=O)O[C@H](C(=O)O)[C@](O)(Cc2ccc(O)c(O)c2)C(=O)O)cc1O,,,CHEMBL4354785,Medchemcomm,2019.0,"{'bei': '10.87', 'le': '0.21', 'lle': '3.99', 'sei': '2.55'}",,CHEMBL500586,CIMICIFUGIC ACID B,CHEMBL500586,4.87,0,http://www.openphacts.org/units/Nanomolar,3178423,=,1,1,=,,IC50,nM,,13400.0,CHEMBL321,Homo sapiens,Matrix metalloproteinase-9,9606,,,IC50,uM,UO_0000065,,13.4,,13400.0,COc1ccc(/C=C/C(=O)O[C@H](C(=O)O)[C@](O)(Cc2ccc(O)c(O)c2)C(=O)O)cc1O,inactive
,,19051803,[],CHEMBL4355035,Inhibition of human MMP9 (107 to 707 residues) expressed in Escherichia coli BL21(DE3) cells,B,,,BAO_0000190,BAO_0000219,cell-based format,O=C(/C=C/c1ccc(O)c(O)c1)Oc1ccc2c(c1)C(=O)OCC2,,,CHEMBL4354785,Medchemcomm,2019.0,"{'bei': '17.95', 'le': '0.33', 'lle': '3.43', 'sei': '6.29'}",,CHEMBL4541911,,CHEMBL4541911,5.86,0,http://www.openphacts.org/units/Nanomolar,3178426,=,1,1,=,,IC50,nM,,1390.0,CHEMBL321,Homo sapiens,Matrix metalloproteinase-9,9606,,,IC50,uM,UO_0000065,,1.39,,1390.0,O=C(/C=C/c1ccc(O)c(O)c1)Oc1ccc2c(c1)C(=O)OCC2,intermediate
,,19117991,[],CHEMBL4372231,Inhibition of recombinant human proMMP9 using Mca-Lys-Pro-Leu-Gly-Leu-Dap(Dnp)-Ala-Arg-NH2 as substrate preincubated for 3 hrs followed by substrate addition and measured every 10 secs for 15 mins in presence of APMA by fluorometric assay,B,,,BAO_0000190,BAO_0000357,single protein format,COc1ccc(S(=O)(=O)N(Cc2cccnc2)[C@@H](C(=O)NO)C(C)C)cc1,,,CHEMBL4371035,Bioorg Med Chem,2019.0,"{'bei': '21.14', 'le': '0.42', 'lle': '6.51', 'sei': '7.64'}",,CHEMBL267178,,CHEMBL267178,8.32,0,http://www.openphacts.org/units/Nanomolar,3190474,=,1,1,=,,IC50,nM,,4.8,CHEMBL321,Homo sapiens,Matrix metalloproteinase-9,9606,,,IC50,nM,UO_0000065,,4.8,,4.8,COc1ccc(S(=O)(=O)N(Cc2cccnc2)[C@@H](C(=O)NO)C(C)C)cc1,active
,,19117992,[],CHEMBL4372231,Inhibition of recombinant human proMMP9 using Mca-Lys-Pro-Leu-Gly-Leu-Dap(Dnp)-Ala-Arg-NH2 as substrate preincubated for 3 hrs followed by substrate addition and measured every 10 secs for 15 mins in presence of APMA by fluorometric assay,B,,,BAO_0000190,BAO_0000357,single protein format,O=C(CCCNC(=O)c1cccc(C(=O)NCCCC(=O)NCC[C@@H](NS(=O)(=O)c2ccc(-c3ccccc3)cc2)C(=O)NO)c1)NCC[C@@H](NS(=O)(=O)c1ccc(-c2ccccc2)cc1)C(=O)NO,,,CHEMBL4371035,Bioorg Med Chem,2019.0,"{'bei': '8.07', 'le': '0.16', 'lle': '5.30', 'sei': '2.62'}",,CHEMBL4466038,,CHEMBL4466038,8.06,0,http://www.openphacts.org/units/Nanomolar,3190473,=,1,1,=,,IC50,nM,,8.7,CHEMBL321,Homo sapiens,Matrix metalloproteinase-9,9606,,,IC50,nM,UO_0000065,,8.7,,8.7,O=C(CCCNC(=O)c1cccc(C(=O)NCCCC(=O)NCC[C@@H](NS(=O)(=O)c2ccc(-c3ccccc3)cc2)C(=O)NO)c1)NCC[C@@H](NS(=O)(=O)c1ccc(-c2ccccc2)cc1)C(=O)NO,active
,,19117993,[],CHEMBL4372231,Inhibition of recombinant human proMMP9 using Mca-Lys-Pro-Leu-Gly-Leu-Dap(Dnp)-Ala-Arg-NH2 as substrate preincubated for 3 hrs followed by substrate addition and measured every 10 secs for 15 mins in presence of APMA by fluorometric assay,B,,,BAO_0000190,BAO_0000357,single protein format,O=C(NCC[C@@H](NS(=O)(=O)c1ccc(-c2ccccc2)cc1)C(=O)NO)c1cccc(C(=O)NCC[C@@H](NS(=O)(=O)c2ccc(-c3ccccc3)cc2)C(=O)NO)c1,,,CHEMBL4371035,Bioorg Med Chem,2019.0,"{'bei': '10.74', 'le': '0.21', 'lle': '5.93', 'sei': '3.57'}",,CHEMBL4442617,,CHEMBL4442617,8.90,0,http://www.openphacts.org/units/Nanomolar,3190472,=,1,1,=,,IC50,nM,,1.25,CHEMBL321,Homo sapiens,Matrix metalloproteinase-9,9606,,,IC50,nM,UO_0000065,,1.25,,1.25,O=C(NCC[C@@H](NS(=O)(=O)c1ccc(-c2ccccc2)cc1)C(=O)NO)c1cccc(C(=O)NCC[C@@H](NS(=O)(=O)c2ccc(-c3ccccc3)cc2)C(=O)NO)c1,active
,,19117994,[],CHEMBL4372231,Inhibition of recombinant human proMMP9 using Mca-Lys-Pro-Leu-Gly-Leu-Dap(Dnp)-Ala-Arg-NH2 as substrate preincubated for 3 hrs followed by substrate addition and measured every 10 secs for 15 mins in presence of APMA by fluorometric assay,B,,,BAO_0000190,BAO_0000357,single protein format,COc1ccc(-c2ccc(S(=O)(=O)N(CCNC(=O)CCCNC(=O)c3cccc(C(=O)NCCCC(=O)NCCN([C@H](CCN4C(=O)c5ccccc5C4=O)C(=O)NO)S(=O)(=O)c4ccc(-c5ccc(OC)cc5)cc4)c3)[C@H](CCN3C(=O)c4ccccc4C3=O)C(=O)NO)cc2)cc1,,,CHEMBL4371035,Bioorg Med Chem,2019.0,"{'bei': '6.17', 'le': None, 'lle': None, 'sei': None}",,CHEMBL4584813,,CHEMBL4584813,8.68,0,http://www.openphacts.org/units/Nanomolar,3190471,=,1,1,=,,IC50,nM,,2.1,CHEMBL321,Homo sapiens,Matrix metalloproteinase-9,9606,,,IC50,nM,UO_0000065,,2.1,,2.1,COc1ccc(-c2ccc(S(=O)(=O)N(CCNC(=O)CCCNC(=O)c3cccc(C(=O)NCCCC(=O)NCCN([C@H](CCN4C(=O)c5ccccc5C4=O)C(=O)NO)S(=O)(=O)c4ccc(-c5ccc(OC)cc5)cc4)c3)[C@H](CCN3C(=O)c4ccccc4C3=O)C(=O)NO)cc2)cc1,active
,,19117995,[],CHEMBL4372231,Inhibition of recombinant human proMMP9 using Mca-Lys-Pro-Leu-Gly-Leu-Dap(Dnp)-Ala-Arg-NH2 as substrate preincubated for 3 hrs followed by substrate addition and measured every 10 secs for 15 mins in presence of APMA by fluorometric assay,B,,,BAO_0000190,BAO_0000357,single protein format,COc1ccc(-c2ccc(S(=O)(=O)N(CCNC(=O)c3cccc(C(=O)NCCN([C@H](CCN4C(=O)c5ccccc5C4=O)C(=O)NO)S(=O)(=O)c4ccc(-c5ccc(OC)cc5)cc4)c3)[C@H](CCN3C(=O)c4ccccc4C3=O)C(=O)NO)cc2)cc1,,,CHEMBL4371035,Bioorg Med Chem,2019.0,"{'bei': '6.36', 'le': None, 'lle': None, 'sei': None}",,CHEMBL4518217,,CHEMBL4518217,7.85,0,http://www.openphacts.org/units/Nanomolar,3190470,=,1,1,=,,IC50,nM,,14.0,CHEMBL321,Homo sapiens,Matrix metalloproteinase-9,9606,,,IC50,nM,UO_0000065,,14.0,,14.0,COc1ccc(-c2ccc(S(=O)(=O)N(CCNC(=O)c3cccc(C(=O)NCCN([C@H](CCN4C(=O)c5ccccc5C4=O)C(=O)NO)S(=O)(=O)c4ccc(-c5ccc(OC)cc5)cc4)c3)[C@H](CCN3C(=O)c4ccccc4C3=O)C(=O)NO)cc2)cc1,active
,,19120728,[],CHEMBL4372782,Inhibition of MMP9 (unknown origin) preincubated for 1 hr followed by (QF)-24 substrate addition measured at 1 min time interval for 1 hr by fluorescence assay,B,,,BAO_0000190,BAO_0000357,single protein format,CC(C)C[C@@H](C(=O)N[C@H](C(=O)OC1CCCC1)c1ccccc1)C(O)C(=O)NO,,,CHEMBL4371057,J Med Chem,2019.0,"{'bei': '14.33', 'le': '0.27', 'lle': '3.96', 'sei': '4.66'}",,CHEMBL4591371,,CHEMBL4591371,5.82,0,http://www.openphacts.org/units/Nanomolar,3190935,=,1,1,=,,IC50,nM,,1500.0,CHEMBL321,Homo sapiens,Matrix metalloproteinase-9,9606,,,IC50,uM,UO_0000065,,1.5,,1500.0,CC(C)C[C@@H](C(=O)N[C@H](C(=O)OC1CCCC1)c1ccccc1)C(O)C(=O)NO,intermediate
,,19211372,[],CHEMBL4393186,Inhibition of MMP9 (unknown origin) pre-incubated for 5 mins before Mca-Lys-Pro-Leu-Gly-Leu-Dpa-Ala-Arg-NH2 fluorogenic substrate addition and measured over 30 mins by fluorometric assay,B,,,BAO_0000190,BAO_0000357,single protein format,O=C(NO)[C@H]1CCCC1S(=O)(=O)c1ccc(Cl)c(Cl)c1,,,CHEMBL4392837,Bioorg Med Chem,2019.0,"{'bei': '15.85', 'le': '0.37', 'lle': '2.92', 'sei': '6.42'}",,CHEMBL4531703,,CHEMBL4531703,5.36,0,http://www.openphacts.org/units/Nanomolar,3206560,=,1,1,=,,IC50,nM,,4370.0,CHEMBL321,Homo sapiens,Matrix metalloproteinase-9,9606,,,IC50,nM,UO_0000065,,4370.0,,4370.0,O=C(NO)[C@H]1CCCC1S(=O)(=O)c1ccc(Cl)c(Cl)c1,intermediate
,,19211373,[],CHEMBL4393186,Inhibition of MMP9 (unknown origin) pre-incubated for 5 mins before Mca-Lys-Pro-Leu-Gly-Leu-Dpa-Ala-Arg-NH2 fluorogenic substrate addition and measured over 30 mins by fluorometric assay,B,,,BAO_0000190,BAO_0000357,single protein format,COc1ccc(S(=O)(=O)C2CCC[C@@H]2C(=O)NO)cc1,,,CHEMBL4392837,Bioorg Med Chem,2019.0,"{'bei': '25.58', 'le': '0.52', 'lle': '6.52', 'sei': '8.26'}",,CHEMBL4585478,,CHEMBL4585478,7.66,0,http://www.openphacts.org/units/Nanomolar,3206561,=,1,1,=,,IC50,nM,,22.0,CHEMBL321,Homo sapiens,Matrix metalloproteinase-9,9606,,,IC50,nM,UO_0000065,,22.0,,22.0,COc1ccc(S(=O)(=O)C2CCC[C@@H]2C(=O)NO)cc1,active
,,19211374,[],CHEMBL4393186,Inhibition of MMP9 (unknown origin) pre-incubated for 5 mins before Mca-Lys-Pro-Leu-Gly-Leu-Dpa-Ala-Arg-NH2 fluorogenic substrate addition and measured over 30 mins by fluorometric assay,B,,,BAO_0000190,BAO_0000357,single protein format,O=C(NO)[C@H]1CCCC1S(=O)(=O)c1ccc(C#Cc2ccccc2)cc1,,,CHEMBL4392837,Bioorg Med Chem,2019.0,"{'bei': '24.47', 'le': '0.47', 'lle': '6.51', 'sei': '10.83'}",,CHEMBL4444377,,CHEMBL4444377,9.04,0,http://www.openphacts.org/units/Nanomolar,3206562,=,1,1,=,,IC50,nM,,0.91,CHEMBL321,Homo sapiens,Matrix metalloproteinase-9,9606,,,IC50,nM,UO_0000065,,0.91,,0.91,O=C(NO)[C@H]1CCCC1S(=O)(=O)c1ccc(C#Cc2ccccc2)cc1,active
,,19211375,[],CHEMBL4393186,Inhibition of MMP9 (unknown origin) pre-incubated for 5 mins before Mca-Lys-Pro-Leu-Gly-Leu-Dpa-Ala-Arg-NH2 fluorogenic substrate addition and measured over 30 mins by fluorometric assay,B,,,BAO_0000190,BAO_0000357,single protein format,O=C(NO)[C@H]1CCCC1S(=O)(=O)c1ccc(-c2ccc(Cl)c(Cl)c2)cc1,,,CHEMBL4392837,Bioorg Med Chem,2019.0,"{'bei': '22.01', 'le': '0.48', 'lle': '5.01', 'sei': '10.93'}",,CHEMBL4461597,,CHEMBL4461597,9.12,0,http://www.openphacts.org/units/Nanomolar,3206563,=,1,1,=,,IC50,nM,,0.76,CHEMBL321,Homo sapiens,Matrix metalloproteinase-9,9606,,,IC50,nM,UO_0000065,,0.76,,0.76,O=C(NO)[C@H]1CCCC1S(=O)(=O)c1ccc(-c2ccc(Cl)c(Cl)c2)cc1,active
,,19211376,[],CHEMBL4393186,Inhibition of MMP9 (unknown origin) pre-incubated for 5 mins before Mca-Lys-Pro-Leu-Gly-Leu-Dpa-Ala-Arg-NH2 fluorogenic substrate addition and measured over 30 mins by fluorometric assay,B,,,BAO_0000190,BAO_0000357,single protein format,O=C(Nc1ccc(S(=O)(=O)C2CCC[C@@H]2C(=O)NO)cc1)c1ccccc1,,,CHEMBL4392837,Bioorg Med Chem,2019.0,"{'bei': '18.86', 'le': '0.37', 'lle': '4.94', 'sei': '6.51'}",,CHEMBL4448558,,CHEMBL4448558,7.33,0,http://www.openphacts.org/units/Nanomolar,3206564,=,1,1,=,,IC50,nM,,47.0,CHEMBL321,Homo sapiens,Matrix metalloproteinase-9,9606,,,IC50,nM,UO_0000065,,47.0,,47.0,O=C(Nc1ccc(S(=O)(=O)C2CCC[C@@H]2C(=O)NO)cc1)c1ccccc1,active
,,19211377,[],CHEMBL4393186,Inhibition of MMP9 (unknown origin) pre-incubated for 5 mins before Mca-Lys-Pro-Leu-Gly-Leu-Dpa-Ala-Arg-NH2 fluorogenic substrate addition and measured over 30 mins by fluorometric assay,B,,,BAO_0000190,BAO_0000357,single protein format,O=C(Nc1ccc(S(=O)(=O)C2CCC[C@@H]2C(=O)NO)cc1)c1ccc([N+](=O)[O-])cc1,,,CHEMBL4392837,Bioorg Med Chem,2019.0,"{'bei': '22.87', 'le': '0.45', 'lle': '7.62', 'sei': '6.37'}",,CHEMBL4535400,,CHEMBL4535400,9.91,0,http://www.openphacts.org/units/Nanomolar,3206565,=,1,1,=,,IC50,nM,,0.122,CHEMBL321,Homo sapiens,Matrix metalloproteinase-9,9606,,,IC50,nM,UO_0000065,,0.122,,0.122,O=C(Nc1ccc(S(=O)(=O)C2CCC[C@@H]2C(=O)NO)cc1)c1ccc([N+](=O)[O-])cc1,active
,,19211378,[],CHEMBL4393186,Inhibition of MMP9 (unknown origin) pre-incubated for 5 mins before Mca-Lys-Pro-Leu-Gly-Leu-Dpa-Ala-Arg-NH2 fluorogenic substrate addition and measured over 30 mins by fluorometric assay,B,,,BAO_0000190,BAO_0000357,single protein format,O=C(NCc1ccc(C(=O)Nc2ccc(S(=O)(=O)C3CCC[C@@H]3C(=O)NO)cc2)cc1)OCc1ccccc1,,,CHEMBL4392837,Bioorg Med Chem,2019.0,"{'bei': '13.52', 'le': '0.26', 'lle': '3.65', 'sei': '4.94'}",,CHEMBL4522121,,CHEMBL4522121,7.46,0,http://www.openphacts.org/units/Nanomolar,3206566,=,1,1,=,,IC50,nM,,35.0,CHEMBL321,Homo sapiens,Matrix metalloproteinase-9,9606,,,IC50,nM,UO_0000065,,35.0,,35.0,O=C(NCc1ccc(C(=O)Nc2ccc(S(=O)(=O)C3CCC[C@@H]3C(=O)NO)cc2)cc1)OCc1ccccc1,active
,,19211379,[],CHEMBL4393186,Inhibition of MMP9 (unknown origin) pre-incubated for 5 mins before Mca-Lys-Pro-Leu-Gly-Leu-Dpa-Ala-Arg-NH2 fluorogenic substrate addition and measured over 30 mins by fluorometric assay,B,,,BAO_0000190,BAO_0000357,single protein format,O=C(Nc1ccc(S(=O)(=O)C2CCC[C@@H]2C(=O)NO)cc1)OCc1ccccc1,,,CHEMBL4392837,Bioorg Med Chem,2019.0,"{'bei': '15.02', 'le': '0.30', 'lle': '3.40', 'sei': '5.16'}",,CHEMBL4531635,,CHEMBL4531635,6.28,0,http://www.openphacts.org/units/Nanomolar,3206567,=,1,1,=,,IC50,nM,,520.0,CHEMBL321,Homo sapiens,Matrix metalloproteinase-9,9606,,,IC50,nM,UO_0000065,,520.0,,520.0,O=C(Nc1ccc(S(=O)(=O)C2CCC[C@@H]2C(=O)NO)cc1)OCc1ccccc1,active
,,19272619,[],CHEMBL4407172,Inhibition of MMP9 (unknown origin) using QF-24 as substrate preincubated for 1 hr followed by substrate addition and measured at 1 min interval for 1 hr by fluorescence assay,B,,,BAO_0000190,BAO_0000357,single protein format,CNC(=O)[C@@H](NC(=O)[C@H](CC(C)C)[C@H](O)C(=O)NO)C(C)(C)C,,,CHEMBL4406801,J Med Chem,2019.0,"{'bei': '25.67', 'le': '0.51', 'lle': '8.72', 'sei': '6.66'}",,CHEMBL279785,MARIMASTAT,CHEMBL279785,8.51,0,http://www.openphacts.org/units/Nanomolar,3218262,=,1,1,=,,IC50,nM,,3.1,CHEMBL321,Homo sapiens,Matrix metalloproteinase-9,9606,,,IC50,nM,UO_0000065,,3.1,,3.1,CNC(=O)[C@@H](NC(=O)[C@H](CC(C)C)[C@H](O)C(=O)NO)C(C)(C)C,active
,,19272622,[],CHEMBL4407172,Inhibition of MMP9 (unknown origin) using QF-24 as substrate preincubated for 1 hr followed by substrate addition and measured at 1 min interval for 1 hr by fluorescence assay,B,,,BAO_0000190,BAO_0000357,single protein format,CC(C)C[C@@H](C(=O)N[C@H](C(=O)OC1CCCC1)c1ccccc1)[C@H](O)C(=O)NO,,,CHEMBL4406801,J Med Chem,2019.0,"{'bei': '14.33', 'le': '0.27', 'lle': '3.96', 'sei': '4.66'}",,CHEMBL2103847,TOSEDOSTAT,CHEMBL2103847,5.82,0,http://www.openphacts.org/units/Nanomolar,3218214,=,1,1,=,,IC50,nM,,1500.0,CHEMBL321,Homo sapiens,Matrix metalloproteinase-9,9606,,,IC50,uM,UO_0000065,,1.5,,1500.0,CC(C)C[C@@H](C(=O)N[C@H](C(=O)OC1CCCC1)c1ccccc1)[C@H](O)C(=O)NO,intermediate
,,19277555,[],CHEMBL4408359,Inhibition of recombinant human MMP9 using thiopeptide as substrate preincubated for 30 mins followed by substrate addition and measured every min for 20 mins by colorimetric assay,B,,,BAO_0000190,BAO_0000357,single protein format,O=C(CNCc1cc(Cl)c2cccnc2c1O)Nc1ccccc1,,,CHEMBL4406825,Eur J Med Chem,2019.0,"{'bei': '16.61', 'le': '0.32', 'lle': '2.36', 'sei': '7.65'}",,CHEMBL4558237,,CHEMBL4558237,5.68,0,http://www.openphacts.org/units/Nanomolar,3219070,=,1,1,=,,IC50,nM,,2100.0,CHEMBL321,Homo sapiens,Matrix metalloproteinase-9,9606,,,IC50,uM,UO_0000065,,2.1,,2100.0,O=C(CNCc1cc(Cl)c2cccnc2c1O)Nc1ccccc1,intermediate
,,19277556,[],CHEMBL4408359,Inhibition of recombinant human MMP9 using thiopeptide as substrate preincubated for 30 mins followed by substrate addition and measured every min for 20 mins by colorimetric assay,B,,,BAO_0000190,BAO_0000357,single protein format,O=C(CCNCc1cc(Cl)c2cccnc2c1O)Nc1ccccc1,,,CHEMBL4406825,Eur J Med Chem,2019.0,"{'bei': '15.33', 'le': '0.30', 'lle': '1.75', 'sei': '7.35'}",,CHEMBL4483313,,CHEMBL4483313,5.46,0,http://www.openphacts.org/units/Nanomolar,3219071,=,1,1,=,,IC50,nM,,3500.0,CHEMBL321,Homo sapiens,Matrix metalloproteinase-9,9606,,,IC50,uM,UO_0000065,,3.5,,3500.0,O=C(CCNCc1cc(Cl)c2cccnc2c1O)Nc1ccccc1,intermediate
,,19277557,[],CHEMBL4408359,Inhibition of recombinant human MMP9 using thiopeptide as substrate preincubated for 30 mins followed by substrate addition and measured every min for 20 mins by colorimetric assay,B,,,BAO_0000190,BAO_0000357,single protein format,O=C(CCCNCc1cc(Cl)c2cccnc2c1O)Nc1ccccc1,,,CHEMBL4406825,Eur J Med Chem,2019.0,"{'bei': '14.86', 'le': '0.29', 'lle': '1.39', 'sei': '7.40'}",,CHEMBL4586740,,CHEMBL4586740,5.50,0,http://www.openphacts.org/units/Nanomolar,3219072,=,1,1,=,,IC50,nM,,3200.0,CHEMBL321,Homo sapiens,Matrix metalloproteinase-9,9606,,,IC50,uM,UO_0000065,,3.2,,3200.0,O=C(CCCNCc1cc(Cl)c2cccnc2c1O)Nc1ccccc1,intermediate
,,19277558,[],CHEMBL4408359,Inhibition of recombinant human MMP9 using thiopeptide as substrate preincubated for 30 mins followed by substrate addition and measured every min for 20 mins by colorimetric assay,B,,,BAO_0000190,BAO_0000357,single protein format,O=C(CCCCNCc1cc(Cl)c2cccnc2c1O)Nc1ccccc1,,,CHEMBL4406825,Eur J Med Chem,2019.0,"{'bei': '14.18', 'le': '0.28', 'lle': '0.95', 'sei': '7.33'}",,CHEMBL4471187,,CHEMBL4471187,5.44,0,http://www.openphacts.org/units/Nanomolar,3219073,=,1,1,=,,IC50,nM,,3600.0,CHEMBL321,Homo sapiens,Matrix metalloproteinase-9,9606,,,IC50,uM,UO_0000065,,3.6,,3600.0,O=C(CCCCNCc1cc(Cl)c2cccnc2c1O)Nc1ccccc1,intermediate
,,19277559,[],CHEMBL4408359,Inhibition of recombinant human MMP9 using thiopeptide as substrate preincubated for 30 mins followed by substrate addition and measured every min for 20 mins by colorimetric assay,B,,,BAO_0000190,BAO_0000357,single protein format,O=C(CCCCCNCc1cc(Cl)c2cccnc2c1O)Nc1ccccc1,,,CHEMBL4406825,Eur J Med Chem,2019.0,"{'bei': '15.53', 'le': '0.30', 'lle': '1.30', 'sei': '8.32'}",,CHEMBL4580198,,CHEMBL4580198,6.18,0,http://www.openphacts.org/units/Nanomolar,3219074,=,1,1,=,,IC50,nM,,660.0,CHEMBL321,Homo sapiens,Matrix metalloproteinase-9,9606,,,IC50,uM,UO_0000065,,0.66,,660.0,O=C(CCCCCNCc1cc(Cl)c2cccnc2c1O)Nc1ccccc1,active
,,19277562,[],CHEMBL4408359,Inhibition of recombinant human MMP9 using thiopeptide as substrate preincubated for 30 mins followed by substrate addition and measured every min for 20 mins by colorimetric assay,B,,,BAO_0000190,BAO_0000357,single protein format,Cc1[nH]c2ccccc2c1CCNC(=O)CCCNCc1cc(Cl)c2cccnc2c1O,,,CHEMBL4406825,Eur J Med Chem,2019.0,"{'bei': '13.05', 'le': '0.25', 'lle': '1.28', 'sei': '6.54'}",,CHEMBL4574404,,CHEMBL4574404,5.89,0,http://www.openphacts.org/units/Nanomolar,3219077,=,1,1,=,,IC50,nM,,1300.0,CHEMBL321,Homo sapiens,Matrix metalloproteinase-9,9606,,,IC50,uM,UO_0000065,,1.3,,1300.0,Cc1[nH]c2ccccc2c1CCNC(=O)CCCNCc1cc(Cl)c2cccnc2c1O,intermediate
,,19277563,[],CHEMBL4408359,Inhibition of recombinant human MMP9 using thiopeptide as substrate preincubated for 30 mins followed by substrate addition and measured every min for 20 mins by colorimetric assay,B,,,BAO_0000190,BAO_0000357,single protein format,Cc1[nH]c2ccccc2c1CCNC(=O)CCCCNCc1cc(Cl)c2cccnc2c1O,,,CHEMBL4406825,Eur J Med Chem,2019.0,"{'bei': '11.85', 'le': '0.23', 'lle': '0.51', 'sei': '6.12'}",,CHEMBL4573985,,CHEMBL4573985,5.51,0,http://www.openphacts.org/units/Nanomolar,3219078,=,1,1,=,,IC50,nM,,3100.0,CHEMBL321,Homo sapiens,Matrix metalloproteinase-9,9606,,,IC50,uM,UO_0000065,,3.1,,3100.0,Cc1[nH]c2ccccc2c1CCNC(=O)CCCCNCc1cc(Cl)c2cccnc2c1O,intermediate
,,19277564,[],CHEMBL4408359,Inhibition of recombinant human MMP9 using thiopeptide as substrate preincubated for 30 mins followed by substrate addition and measured every min for 20 mins by colorimetric assay,B,,,BAO_0000190,BAO_0000357,single protein format,Cc1[nH]c2ccccc2c1CCNC(=O)CCCCCNCc1cc(Cl)c2cccnc2c1O,,,CHEMBL4406825,Eur J Med Chem,2019.0,"{'bei': '12.04', 'le': '0.23', 'lle': '0.38', 'sei': '6.41'}",,CHEMBL4469402,,CHEMBL4469402,5.77,0,http://www.openphacts.org/units/Nanomolar,3219079,=,1,1,=,,IC50,nM,,1700.0,CHEMBL321,Homo sapiens,Matrix metalloproteinase-9,9606,,,IC50,uM,UO_0000065,,1.7,,1700.0,Cc1[nH]c2ccccc2c1CCNC(=O)CCCCCNCc1cc(Cl)c2cccnc2c1O,intermediate
,,19277567,[],CHEMBL4408359,Inhibition of recombinant human MMP9 using thiopeptide as substrate preincubated for 30 mins followed by substrate addition and measured every min for 20 mins by colorimetric assay,B,,,BAO_0000190,BAO_0000357,single protein format,O=C(CCCNCc1ccc(O)c2ncccc12)Nc1ccccc1,,,CHEMBL4406825,Eur J Med Chem,2019.0,"{'bei': '15.78', 'le': '0.29', 'lle': '1.84', 'sei': '7.13'}",,CHEMBL4435530,,CHEMBL4435530,5.29,0,http://www.openphacts.org/units/Nanomolar,3219082,=,1,1,=,,IC50,nM,,5100.0,CHEMBL321,Homo sapiens,Matrix metalloproteinase-9,9606,,,IC50,uM,UO_0000065,,5.1,,5100.0,O=C(CCCNCc1ccc(O)c2ncccc12)Nc1ccccc1,intermediate
,,19277569,[],CHEMBL4408359,Inhibition of recombinant human MMP9 using thiopeptide as substrate preincubated for 30 mins followed by substrate addition and measured every min for 20 mins by colorimetric assay,B,,,BAO_0000190,BAO_0000357,single protein format,O=C(CCCCCNCc1ccc(O)c2ncccc12)Nc1ccccc1,,,CHEMBL4406825,Eur J Med Chem,2019.0,"{'bei': '14.37', 'le': '0.26', 'lle': '0.99', 'sei': '7.03'}",,CHEMBL4581930,,CHEMBL4581930,5.22,0,http://www.openphacts.org/units/Nanomolar,3219084,=,1,1,=,,IC50,nM,,6000.0,CHEMBL321,Homo sapiens,Matrix metalloproteinase-9,9606,,,IC50,uM,UO_0000065,,6.0,,6000.0,O=C(CCCCCNCc1ccc(O)c2ncccc12)Nc1ccccc1,intermediate
,,19277573,[],CHEMBL4408359,Inhibition of recombinant human MMP9 using thiopeptide as substrate preincubated for 30 mins followed by substrate addition and measured every min for 20 mins by colorimetric assay,B,,,BAO_0000190,BAO_0000357,single protein format,Cc1[nH]c2ccccc2c1CCNC(=O)CCCCNCc1ccc(O)c2ncccc12,,,CHEMBL4406825,Eur J Med Chem,2019.0,"{'bei': '12.25', 'le': '0.23', 'lle': '0.93', 'sei': '5.86'}",,CHEMBL4441474,,CHEMBL4441474,5.28,0,http://www.openphacts.org/units/Nanomolar,3219088,=,1,1,=,,IC50,nM,,5300.0,CHEMBL321,Homo sapiens,Matrix metalloproteinase-9,9606,,,IC50,uM,UO_0000065,,5.3,,5300.0,Cc1[nH]c2ccccc2c1CCNC(=O)CCCCNCc1ccc(O)c2ncccc12,intermediate
,,19277574,[],CHEMBL4408359,Inhibition of recombinant human MMP9 using thiopeptide as substrate preincubated for 30 mins followed by substrate addition and measured every min for 20 mins by colorimetric assay,B,,,BAO_0000190,BAO_0000357,single protein format,O=S(=O)(Nc1ccc(O)c2ncccc12)c1ccc(F)cc1,,,CHEMBL4406825,Eur J Med Chem,2019.0,"{'bei': '15.58', 'le': '0.31', 'lle': '2.08', 'sei': '6.25'}",,CHEMBL1650637,,CHEMBL1650637,4.96,0,http://www.openphacts.org/units/Nanomolar,3219089,=,1,1,=,,IC50,nM,,11000.0,CHEMBL321,Homo sapiens,Matrix metalloproteinase-9,9606,,,IC50,uM,UO_0000065,,11.0,,11000.0,O=S(=O)(Nc1ccc(O)c2ncccc12)c1ccc(F)cc1,inactive
,,19277575,[],CHEMBL4408359,Inhibition of recombinant human MMP9 using thiopeptide as substrate preincubated for 30 mins followed by substrate addition and measured every min for 20 mins by colorimetric assay,B,,,BAO_0000190,BAO_0000357,single protein format,COc1ccc(S(=O)(=O)N(CC(=O)NO)CC(C)C)cc1,,,CHEMBL4406825,Eur J Med Chem,2019.0,"{'bei': '25.46', 'le': '0.52', 'lle': '7.21', 'sei': '8.40'}",,CHEMBL311932,,CHEMBL311932,8.06,0,http://www.openphacts.org/units/Nanomolar,3219090,=,1,1,=,,IC50,nM,,8.8,CHEMBL321,Homo sapiens,Matrix metalloproteinase-9,9606,,,IC50,uM,UO_0000065,,0.0088,,8.8,COc1ccc(S(=O)(=O)N(CC(=O)NO)CC(C)C)cc1,active
,,19277576,[],CHEMBL4408359,Inhibition of recombinant human MMP9 using thiopeptide as substrate preincubated for 30 mins followed by substrate addition and measured every min for 20 mins by colorimetric assay,B,,,BAO_0000190,BAO_0000357,single protein format,CC1(C)SCCN(S(=O)(=O)c2ccc(Oc3ccncc3)cc2)[C@H]1C(=O)NO,,,CHEMBL4406825,Eur J Med Chem,2019.0,"{'bei': '20.03', 'le': '0.41', 'lle': '6.22', 'sei': '7.79'}",,CHEMBL75094,PRINOMASTAT,CHEMBL75094,8.48,0,http://www.openphacts.org/units/Nanomolar,3219091,=,1,1,=,,IC50,nM,,3.3,CHEMBL321,Homo sapiens,Matrix metalloproteinase-9,9606,,,IC50,uM,UO_0000065,,0.0033,,3.3,CC1(C)SCCN(S(=O)(=O)c2ccc(Oc3ccncc3)cc2)[C@H]1C(=O)NO,active
,,19402660,[],CHEMBL4425563,"Inhibition of human MMP9 using Mca-PQGL-(3-[2,4-dinitrophenyl]-L-2,3-diaminopropionyl)-AR-OH as substrate measured after 2 to 4 hrs by fluorescence analysis",B,,,BAO_0000190,BAO_0000357,single protein format,O=C1NC(=O)[C@](CNC(=O)c2cc3cc(Cl)ccc3o2)(c2nccs2)N1,,,CHEMBL4425099,J Med Chem,2016.0,"{'bei': '12.79', 'le': '0.26', 'lle': '2.99', 'sei': '4.41'}",,CHEMBL3358155,,CHEMBL3358155,5.00,0,http://www.openphacts.org/units/Nanomolar,3242844,=,1,1,=,,IC50,nM,,10000.0,CHEMBL321,Homo sapiens,Matrix metalloproteinase-9,9606,,,IC50,nM,UO_0000065,,10000.0,,10000.0,O=C1NC(=O)[C@](CNC(=O)c2cc3cc(Cl)ccc3o2)(c2nccs2)N1,inactive
,,19402661,[],CHEMBL4425563,"Inhibition of human MMP9 using Mca-PQGL-(3-[2,4-dinitrophenyl]-L-2,3-diaminopropionyl)-AR-OH as substrate measured after 2 to 4 hrs by fluorescence analysis",B,,,BAO_0000190,BAO_0000357,single protein format,Cn1ccnc1[C@]1(CNC(=O)c2cc3cc(Cl)ccc3o2)NC(=O)NC1=O,,,CHEMBL4425099,J Med Chem,2016.0,"{'bei': '12.30', 'le': '0.24', 'lle': '3.49', 'sei': '4.03'}",,CHEMBL3358156,,CHEMBL3358156,4.77,0,http://www.openphacts.org/units/Nanomolar,3242845,=,1,1,=,,IC50,nM,,17000.0,CHEMBL321,Homo sapiens,Matrix metalloproteinase-9,9606,,,IC50,nM,UO_0000065,,17000.0,,17000.0,Cn1ccnc1[C@]1(CNC(=O)c2cc3cc(Cl)ccc3o2)NC(=O)NC1=O,inactive
,,19402662,[],CHEMBL4425563,"Inhibition of human MMP9 using Mca-PQGL-(3-[2,4-dinitrophenyl]-L-2,3-diaminopropionyl)-AR-OH as substrate measured after 2 to 4 hrs by fluorescence analysis",B,,,BAO_0000190,BAO_0000357,single protein format,Cn1ccnc1[C@]1(CNC(=O)c2cc3cc(C(F)(F)F)ccc3o2)NC(=O)NC1=O,,,CHEMBL4425099,J Med Chem,2016.0,"{'bei': '9.94', 'le': '0.19', 'lle': '2.54', 'sei': '3.54'}",,CHEMBL3358158,,CHEMBL3358158,4.19,0,http://www.openphacts.org/units/Nanomolar,3242846,=,1,1,=,,IC50,nM,,65000.0,CHEMBL321,Homo sapiens,Matrix metalloproteinase-9,9606,,,IC50,nM,UO_0000065,,65000.0,,65000.0,Cn1ccnc1[C@]1(CNC(=O)c2cc3cc(C(F)(F)F)ccc3o2)NC(=O)NC1=O,inactive
,,19402663,[],CHEMBL4425563,"Inhibition of human MMP9 using Mca-PQGL-(3-[2,4-dinitrophenyl]-L-2,3-diaminopropionyl)-AR-OH as substrate measured after 2 to 4 hrs by fluorescence analysis",B,,,BAO_0000190,BAO_0000357,single protein format,CCn1ccnc1[C@]1(CNC(=O)c2cc3cc(Cl)ccc3o2)NC(=O)NC1=O,,,CHEMBL4425099,J Med Chem,2016.0,"{'bei': '12.08', 'le': '0.24', 'lle': '3.08', 'sei': '4.10'}",,CHEMBL4589438,,CHEMBL4589438,4.85,0,http://www.openphacts.org/units/Nanomolar,3242847,=,1,1,=,,IC50,nM,,14000.0,CHEMBL321,Homo sapiens,Matrix metalloproteinase-9,9606,,,IC50,nM,UO_0000065,,14000.0,,14000.0,CCn1ccnc1[C@]1(CNC(=O)c2cc3cc(Cl)ccc3o2)NC(=O)NC1=O,inactive
,,19402665,[],CHEMBL4425563,"Inhibition of human MMP9 using Mca-PQGL-(3-[2,4-dinitrophenyl]-L-2,3-diaminopropionyl)-AR-OH as substrate measured after 2 to 4 hrs by fluorescence analysis",B,,,BAO_0000190,BAO_0000357,single protein format,CCn1ccnc1[C@]1(CNC(=O)c2cc3cc(C(F)(F)F)ccc3o2)NC(=O)NC1=O,,,CHEMBL4425099,J Med Chem,2016.0,"{'bei': '10.08', 'le': '0.19', 'lle': '2.26', 'sei': '3.71'}",,CHEMBL4450729,,CHEMBL4450729,4.39,0,http://www.openphacts.org/units/Nanomolar,3242849,=,1,1,=,,IC50,nM,,41000.0,CHEMBL321,Homo sapiens,Matrix metalloproteinase-9,9606,,,IC50,nM,UO_0000065,,41000.0,,41000.0,CCn1ccnc1[C@]1(CNC(=O)c2cc3cc(C(F)(F)F)ccc3o2)NC(=O)NC1=O,inactive
,,19402666,[],CHEMBL4425563,"Inhibition of human MMP9 using Mca-PQGL-(3-[2,4-dinitrophenyl]-L-2,3-diaminopropionyl)-AR-OH as substrate measured after 2 to 4 hrs by fluorescence analysis",B,,,BAO_0000190,BAO_0000357,single protein format,Cc1cnc([C@]2(CNC(=O)c3cc4cc(C(F)(F)F)ccc4o3)NC(=O)NC2=O)n1C,,,CHEMBL4425099,J Med Chem,2016.0,"{'bei': '9.63', 'le': '0.18', 'lle': '2.23', 'sei': '3.55'}",,CHEMBL4436740,,CHEMBL4436740,4.19,0,http://www.openphacts.org/units/Nanomolar,3242850,=,1,1,=,,IC50,nM,,64000.0,CHEMBL321,Homo sapiens,Matrix metalloproteinase-9,9606,,,IC50,nM,UO_0000065,,64000.0,,64000.0,Cc1cnc([C@]2(CNC(=O)c3cc4cc(C(F)(F)F)ccc4o3)NC(=O)NC2=O)n1C,inactive
,,19402667,[],CHEMBL4425563,"Inhibition of human MMP9 using Mca-PQGL-(3-[2,4-dinitrophenyl]-L-2,3-diaminopropionyl)-AR-OH as substrate measured after 2 to 4 hrs by fluorescence analysis",B,,,BAO_0000190,BAO_0000357,single protein format,O=C1NC(=O)[C@](CNC(=O)c2cc3cc(C(F)(F)F)ccc3o2)(C2CC2)N1,,,CHEMBL4425099,J Med Chem,2016.0,"{'bei': '12.38', 'le': '0.24', 'lle': '2.55', 'sei': '4.70'}",,CHEMBL4097165,,CHEMBL4097165,4.72,0,http://www.openphacts.org/units/Nanomolar,3242851,=,1,1,=,,IC50,nM,,19000.0,CHEMBL321,Homo sapiens,Matrix metalloproteinase-9,9606,,,IC50,nM,UO_0000065,,19000.0,,19000.0,O=C1NC(=O)[C@](CNC(=O)c2cc3cc(C(F)(F)F)ccc3o2)(C2CC2)N1,inactive
,,20610469,[],CHEMBL4606148,"Inhibition of human active MMP9 using (7-methoxycoumarin-4-yl)acetyl-Pro-Leu-Gly-Leu-(3-(2,4-dinitrophenyl)-L-2,3-diamino-propionyl)Ala-Arg-NH2 as substrate preincubated for 30 mins followed by substrate addition and measured for 10 mins by fluorescence assay",B,,,BAO_0000190,BAO_0000357,single protein format,CCCCCCCCC1(Cc2ccccc2)C(=O)NC(=O)NC1=O,,,CHEMBL4602724,J Med Chem,2020.0,"{'bei': '23.17', 'le': '0.44', 'lle': '4.33', 'sei': '10.17'}",,CHEMBL2203634,,CHEMBL2203634,7.66,0,http://www.openphacts.org/units/Nanomolar,3467271,=,1,1,=,,IC50,nM,,22.0,CHEMBL321,Homo sapiens,Matrix metalloproteinase-9,9606,,,IC50,nM,UO_0000065,,22.0,,22.0,CCCCCCCCC1(Cc2ccccc2)C(=O)NC(=O)NC1=O,active
,,20610470,[],CHEMBL4606148,"Inhibition of human active MMP9 using (7-methoxycoumarin-4-yl)acetyl-Pro-Leu-Gly-Leu-(3-(2,4-dinitrophenyl)-L-2,3-diamino-propionyl)Ala-Arg-NH2 as substrate preincubated for 30 mins followed by substrate addition and measured for 10 mins by fluorescence assay",B,,,BAO_0000190,BAO_0000357,single protein format,CCCCCCCCCC1(Cc2ccccc2)C(=O)NC(=O)NC1=O,,,CHEMBL4602724,J Med Chem,2020.0,"{'bei': '24.10', 'le': '0.45', 'lle': '4.58', 'sei': '11.03'}",,CHEMBL2203635,,CHEMBL2203635,8.30,0,http://www.openphacts.org/units/Nanomolar,3467272,=,1,1,=,,IC50,nM,,5.0,CHEMBL321,Homo sapiens,Matrix metalloproteinase-9,9606,,,IC50,nM,UO_0000065,,5.0,,5.0,CCCCCCCCCC1(Cc2ccccc2)C(=O)NC(=O)NC1=O,active
,,20610472,[],CHEMBL4606148,"Inhibition of human active MMP9 using (7-methoxycoumarin-4-yl)acetyl-Pro-Leu-Gly-Leu-(3-(2,4-dinitrophenyl)-L-2,3-diamino-propionyl)Ala-Arg-NH2 as substrate preincubated for 30 mins followed by substrate addition and measured for 10 mins by fluorescence assay",B,,,BAO_0000190,BAO_0000357,single protein format,O=C1NC(=O)C(CCCCCCCC(F)(F)F)(Cc2ccccc2)C(=O)N1,,,CHEMBL4602724,J Med Chem,2020.0,"{'bei': '18.95', 'le': '0.37', 'lle': '3.41', 'sei': '9.68'}",,CHEMBL2203637,,CHEMBL2203637,7.28,0,http://www.openphacts.org/units/Nanomolar,3467274,=,1,1,=,,IC50,nM,,52.0,CHEMBL321,Homo sapiens,Matrix metalloproteinase-9,9606,,,IC50,nM,UO_0000065,,52.0,,52.0,O=C1NC(=O)C(CCCCCCCC(F)(F)F)(Cc2ccccc2)C(=O)N1,active
,,20610473,[],CHEMBL4606148,"Inhibition of human active MMP9 using (7-methoxycoumarin-4-yl)acetyl-Pro-Leu-Gly-Leu-(3-(2,4-dinitrophenyl)-L-2,3-diamino-propionyl)Ala-Arg-NH2 as substrate preincubated for 30 mins followed by substrate addition and measured for 10 mins by fluorescence assay",B,,,BAO_0000190,BAO_0000357,single protein format,O=C1NC(=O)C(CCCCCCCC(F)CF)(Cc2ccccc2)C(=O)N1,,,CHEMBL4602724,J Med Chem,2020.0,"{'bei': '18.98', 'le': '0.37', 'lle': '3.60', 'sei': '9.59'}",,CHEMBL4637645,,CHEMBL4637645,7.22,0,http://www.openphacts.org/units/Nanomolar,3467275,=,1,1,=,,IC50,nM,,60.0,CHEMBL321,Homo sapiens,Matrix metalloproteinase-9,9606,,,IC50,nM,UO_0000065,,60.0,,60.0,O=C1NC(=O)C(CCCCCCCC(F)CF)(Cc2ccccc2)C(=O)N1,active
,,20610474,[],CHEMBL4606148,"Inhibition of human active MMP9 using (7-methoxycoumarin-4-yl)acetyl-Pro-Leu-Gly-Leu-(3-(2,4-dinitrophenyl)-L-2,3-diamino-propionyl)Ala-Arg-NH2 as substrate preincubated for 30 mins followed by substrate addition and measured for 10 mins by fluorescence assay",B,,,BAO_0000190,BAO_0000357,single protein format,O=C1NC(=O)C(CCCCCCC(F)CF)(Cc2ccccc2)C(=O)N1,,,CHEMBL4602724,J Med Chem,2020.0,"{'bei': '18.86', 'le': '0.36', 'lle': '3.68', 'sei': '9.18'}",,CHEMBL4648603,,CHEMBL4648603,6.91,0,http://www.openphacts.org/units/Nanomolar,3467276,=,1,1,=,,IC50,nM,,123.0,CHEMBL321,Homo sapiens,Matrix metalloproteinase-9,9606,,,IC50,nM,UO_0000065,,123.0,,123.0,O=C1NC(=O)C(CCCCCCC(F)CF)(Cc2ccccc2)C(=O)N1,active
,,20610475,[],CHEMBL4606148,"Inhibition of human active MMP9 using (7-methoxycoumarin-4-yl)acetyl-Pro-Leu-Gly-Leu-(3-(2,4-dinitrophenyl)-L-2,3-diamino-propionyl)Ala-Arg-NH2 as substrate preincubated for 30 mins followed by substrate addition and measured for 10 mins by fluorescence assay",B,,,BAO_0000190,BAO_0000357,single protein format,CCCCCCCCC1(Cc2ccc(OC)cc2)C(=O)NC(=O)NC1=O,,,CHEMBL4602724,J Med Chem,2020.0,"{'bei': '23.65', 'le': '0.45', 'lle': '5.18', 'sei': '10.09'}",,CHEMBL2203638,,CHEMBL2203638,8.52,0,http://www.openphacts.org/units/Nanomolar,3467277,=,1,1,=,,IC50,nM,,3.0,CHEMBL321,Homo sapiens,Matrix metalloproteinase-9,9606,,,IC50,nM,UO_0000065,,3.0,,3.0,CCCCCCCCC1(Cc2ccc(OC)cc2)C(=O)NC(=O)NC1=O,active
,,20610476,[],CHEMBL4606148,"Inhibition of human active MMP9 using (7-methoxycoumarin-4-yl)acetyl-Pro-Leu-Gly-Leu-(3-(2,4-dinitrophenyl)-L-2,3-diamino-propionyl)Ala-Arg-NH2 as substrate preincubated for 30 mins followed by substrate addition and measured for 10 mins by fluorescence assay",B,,,BAO_0000190,BAO_0000357,single protein format,CCCCCCCCCC1(Cc2ccc(OC)cc2)C(=O)NC(=O)NC1=O,,,CHEMBL4602724,J Med Chem,2020.0,"{'bei': '18.78', 'le': '0.36', 'lle': '3.30', 'sei': '8.32'}",,CHEMBL2203639,,CHEMBL2203639,7.03,0,http://www.openphacts.org/units/Nanomolar,3467278,=,1,1,=,,IC50,nM,,93.0,CHEMBL321,Homo sapiens,Matrix metalloproteinase-9,9606,,,IC50,nM,UO_0000065,,93.0,,93.0,CCCCCCCCCC1(Cc2ccc(OC)cc2)C(=O)NC(=O)NC1=O,active
,,20610477,[],CHEMBL4606148,"Inhibition of human active MMP9 using (7-methoxycoumarin-4-yl)acetyl-Pro-Leu-Gly-Leu-(3-(2,4-dinitrophenyl)-L-2,3-diamino-propionyl)Ala-Arg-NH2 as substrate preincubated for 30 mins followed by substrate addition and measured for 10 mins by fluorescence assay",B,,,BAO_0000190,BAO_0000357,single protein format,COc1ccc(CC2(CCCCCCCC(C)C)C(=O)NC(=O)NC2=O)cc1,,,CHEMBL4602724,J Med Chem,2020.0,"{'bei': '18.59', 'le': '0.35', 'lle': '3.24', 'sei': '8.55'}",,CHEMBL2203640,,CHEMBL2203640,7.22,0,http://www.openphacts.org/units/Nanomolar,3467279,=,1,1,=,,IC50,nM,,60.0,CHEMBL321,Homo sapiens,Matrix metalloproteinase-9,9606,,,IC50,nM,UO_0000065,,60.0,,60.0,COc1ccc(CC2(CCCCCCCC(C)C)C(=O)NC(=O)NC2=O)cc1,active
,,20610478,[],CHEMBL4606148,"Inhibition of human active MMP9 using (7-methoxycoumarin-4-yl)acetyl-Pro-Leu-Gly-Leu-(3-(2,4-dinitrophenyl)-L-2,3-diamino-propionyl)Ala-Arg-NH2 as substrate preincubated for 30 mins followed by substrate addition and measured for 10 mins by fluorescence assay",B,,,BAO_0000190,BAO_0000357,single protein format,COc1ccc(CC2(CCCCCCCC(F)(F)F)C(=O)NC(=O)NC2=O)cc1,,,CHEMBL4602724,J Med Chem,2020.0,"{'bei': '17.39', 'le': '0.34', 'lle': '3.33', 'sei': '8.53'}",,CHEMBL2203641,,CHEMBL2203641,7.21,0,http://www.openphacts.org/units/Nanomolar,3467280,=,1,1,=,,IC50,nM,,62.0,CHEMBL321,Homo sapiens,Matrix metalloproteinase-9,9606,,,IC50,nM,UO_0000065,,62.0,,62.0,COc1ccc(CC2(CCCCCCCC(F)(F)F)C(=O)NC(=O)NC2=O)cc1,active
,,20610479,[],CHEMBL4606148,"Inhibition of human active MMP9 using (7-methoxycoumarin-4-yl)acetyl-Pro-Leu-Gly-Leu-(3-(2,4-dinitrophenyl)-L-2,3-diamino-propionyl)Ala-Arg-NH2 as substrate preincubated for 30 mins followed by substrate addition and measured for 10 mins by fluorescence assay",B,,,BAO_0000190,BAO_0000357,single protein format,COc1ccc(CC2(CCCCCCCC(F)CF)C(=O)NC(=O)NC2=O)cc1,,,CHEMBL4602724,J Med Chem,2020.0,"{'bei': '18.48', 'le': '0.36', 'lle': '3.96', 'sei': '8.98'}",,CHEMBL4643048,,CHEMBL4643048,7.58,0,http://www.openphacts.org/units/Nanomolar,3467281,=,1,1,=,,IC50,nM,,26.0,CHEMBL321,Homo sapiens,Matrix metalloproteinase-9,9606,,,IC50,nM,UO_0000065,,26.0,,26.0,COc1ccc(CC2(CCCCCCCC(F)CF)C(=O)NC(=O)NC2=O)cc1,active
,,20610480,[],CHEMBL4606148,"Inhibition of human active MMP9 using (7-methoxycoumarin-4-yl)acetyl-Pro-Leu-Gly-Leu-(3-(2,4-dinitrophenyl)-L-2,3-diamino-propionyl)Ala-Arg-NH2 as substrate preincubated for 30 mins followed by substrate addition and measured for 10 mins by fluorescence assay",B,,,BAO_0000190,BAO_0000357,single protein format,COc1ccc(CC2(CCCCCCC(F)CF)C(=O)NC(=O)NC2=O)cc1,,,CHEMBL4602724,J Med Chem,2020.0,"{'bei': '18.48', 'le': '0.36', 'lle': '4.09', 'sei': '8.67'}",,CHEMBL4633293,,CHEMBL4633293,7.33,0,http://www.openphacts.org/units/Nanomolar,3467282,=,1,1,=,,IC50,nM,,47.0,CHEMBL321,Homo sapiens,Matrix metalloproteinase-9,9606,,,IC50,nM,UO_0000065,,47.0,,47.0,COc1ccc(CC2(CCCCCCC(F)CF)C(=O)NC(=O)NC2=O)cc1,active
,,20655489,[],CHEMBL4617067,Inhibition of recombinant human MMP9 catalytic domain (Phe107 to Pro449 residues) expressed in Escherichia coli cells using Mca-Pro-Leu-Gly-Leu-Dpa-Ala-Arg-NH2/TQ3-GABA-Pro-Cha-Abu-Smc-His-Ala-Dab(6'-TAMRA)-Ala-Lys-NH2 as fluorogenic substrate preincubated for 15 mins followed by substrate addition measured after 2 to 4 hrs by fluorometric assay,B,,,BAO_0000190,BAO_0000219,cell-based format,Cc1ccc2nc(-c3cccc(NC(=O)CCc4ccccc4)c3)[nH]c2c1,,,CHEMBL4616594,Bioorg Med Chem,2020.0,"{'bei': '12.87', 'le': '0.23', 'lle': '-0.53', 'sei': '7.92'}",,CHEMBL4632565,,CHEMBL4632565,4.58,0,http://www.openphacts.org/units/Nanomolar,3477452,=,1,1,=,,IC50,nM,,26600.0,CHEMBL321,Homo sapiens,Matrix metalloproteinase-9,9606,,,IC50,uM,UO_0000065,,26.6,,26600.0,Cc1ccc2nc(-c3cccc(NC(=O)CCc4ccccc4)c3)[nH]c2c1,inactive
,,20655534,[],CHEMBL4617067,Inhibition of recombinant human MMP9 catalytic domain (Phe107 to Pro449 residues) expressed in Escherichia coli cells using Mca-Pro-Leu-Gly-Leu-Dpa-Ala-Arg-NH2/TQ3-GABA-Pro-Cha-Abu-Smc-His-Ala-Dab(6'-TAMRA)-Ala-Lys-NH2 as fluorogenic substrate preincubated for 15 mins followed by substrate addition measured after 2 to 4 hrs by fluorometric assay,B,,,BAO_0000190,BAO_0000219,cell-based format,Cc1ccc2nc(-c3cccc(C(=O)NCCc4ccccc4)c3)[nH]c2c1,,,CHEMBL4616594,Bioorg Med Chem,2020.0,"{'bei': '12.45', 'le': '0.22', 'lle': '-0.09', 'sei': '7.66'}",,CHEMBL4636104,,CHEMBL4636104,4.42,0,http://www.openphacts.org/units/Nanomolar,3477454,=,1,1,=,,IC50,nM,,37700.0,CHEMBL321,Homo sapiens,Matrix metalloproteinase-9,9606,,,IC50,uM,UO_0000065,,37.7,,37700.0,Cc1ccc2nc(-c3cccc(C(=O)NCCc4ccccc4)c3)[nH]c2c1,inactive
,,20655535,[],CHEMBL4617067,Inhibition of recombinant human MMP9 catalytic domain (Phe107 to Pro449 residues) expressed in Escherichia coli cells using Mca-Pro-Leu-Gly-Leu-Dpa-Ala-Arg-NH2/TQ3-GABA-Pro-Cha-Abu-Smc-His-Ala-Dab(6'-TAMRA)-Ala-Lys-NH2 as fluorogenic substrate preincubated for 15 mins followed by substrate addition measured after 2 to 4 hrs by fluorometric assay,B,,,BAO_0000190,BAO_0000219,cell-based format,O=C(CCc1ccccc1)Nc1cccc(-c2nc3ccccc3[nH]2)c1,,,CHEMBL4616594,Bioorg Med Chem,2020.0,"{'bei': '12.21', 'le': '0.22', 'lle': '-0.63', 'sei': '7.21'}",,CHEMBL4632444,,CHEMBL4632444,4.17,0,http://www.openphacts.org/units/Nanomolar,3477455,=,1,1,=,,IC50,nM,,68000.0,CHEMBL321,Homo sapiens,Matrix metalloproteinase-9,9606,,,IC50,uM,UO_0000065,,68.0,,68000.0,O=C(CCc1ccccc1)Nc1cccc(-c2nc3ccccc3[nH]2)c1,inactive
,,20655536,[],CHEMBL4617067,Inhibition of recombinant human MMP9 catalytic domain (Phe107 to Pro449 residues) expressed in Escherichia coli cells using Mca-Pro-Leu-Gly-Leu-Dpa-Ala-Arg-NH2/TQ3-GABA-Pro-Cha-Abu-Smc-His-Ala-Dab(6'-TAMRA)-Ala-Lys-NH2 as fluorogenic substrate preincubated for 15 mins followed by substrate addition measured after 2 to 4 hrs by fluorometric assay,B,,,BAO_0000190,BAO_0000219,cell-based format,Cc1cccc2nc(-c3cccc(NC(=O)CCc4ccccc4)c3)[nH]c12,,,CHEMBL4616594,Bioorg Med Chem,2020.0,"{'bei': '11.88', 'le': '0.21', 'lle': '-0.89', 'sei': '7.31'}",,CHEMBL4638748,,CHEMBL4638748,4.22,0,http://www.openphacts.org/units/Nanomolar,3477456,=,1,1,=,,IC50,nM,,60000.0,CHEMBL321,Homo sapiens,Matrix metalloproteinase-9,9606,,,IC50,uM,UO_0000065,,60.0,,60000.0,Cc1cccc2nc(-c3cccc(NC(=O)CCc4ccccc4)c3)[nH]c12,inactive
,,20655537,[],CHEMBL4617067,Inhibition of recombinant human MMP9 catalytic domain (Phe107 to Pro449 residues) expressed in Escherichia coli cells using Mca-Pro-Leu-Gly-Leu-Dpa-Ala-Arg-NH2/TQ3-GABA-Pro-Cha-Abu-Smc-His-Ala-Dab(6'-TAMRA)-Ala-Lys-NH2 as fluorogenic substrate preincubated for 15 mins followed by substrate addition measured after 2 to 4 hrs by fluorometric assay,B,,,BAO_0000190,BAO_0000219,cell-based format,Cc1cccc2nc(-c3cccc(NC(=O)CCCc4ccccc4)c3)[nH]c12,,,CHEMBL4616594,Bioorg Med Chem,2020.0,"{'bei': '11.95', 'le': '0.22', 'lle': '-1.09', 'sei': '7.64'}",,CHEMBL4644146,,CHEMBL4644146,4.41,0,http://www.openphacts.org/units/Nanomolar,3477457,=,1,1,=,,IC50,nM,,38600.0,CHEMBL321,Homo sapiens,Matrix metalloproteinase-9,9606,,,IC50,uM,UO_0000065,,38.6,,38600.0,Cc1cccc2nc(-c3cccc(NC(=O)CCCc4ccccc4)c3)[nH]c12,inactive
,,20655538,[],CHEMBL4617067,Inhibition of recombinant human MMP9 catalytic domain (Phe107 to Pro449 residues) expressed in Escherichia coli cells using Mca-Pro-Leu-Gly-Leu-Dpa-Ala-Arg-NH2/TQ3-GABA-Pro-Cha-Abu-Smc-His-Ala-Dab(6'-TAMRA)-Ala-Lys-NH2 as fluorogenic substrate preincubated for 15 mins followed by substrate addition measured after 2 to 4 hrs by fluorometric assay,B,,,BAO_0000190,BAO_0000219,cell-based format,O=C(CCc1ccccc1)Nc1cccc(-c2nc3ccc(Br)cc3[nH]2)c1,,,CHEMBL4616594,Bioorg Med Chem,2020.0,"{'bei': '11.51', 'le': '0.24', 'lle': '-0.72', 'sei': '8.37'}",,CHEMBL4633399,,CHEMBL4633399,4.84,0,http://www.openphacts.org/units/Nanomolar,3477458,=,1,1,=,,IC50,nM,,14500.0,CHEMBL321,Homo sapiens,Matrix metalloproteinase-9,9606,,,IC50,uM,UO_0000065,,14.5,,14500.0,O=C(CCc1ccccc1)Nc1cccc(-c2nc3ccc(Br)cc3[nH]2)c1,inactive
,,20655539,[],CHEMBL4617067,Inhibition of recombinant human MMP9 catalytic domain (Phe107 to Pro449 residues) expressed in Escherichia coli cells using Mca-Pro-Leu-Gly-Leu-Dpa-Ala-Arg-NH2/TQ3-GABA-Pro-Cha-Abu-Smc-His-Ala-Dab(6'-TAMRA)-Ala-Lys-NH2 as fluorogenic substrate preincubated for 15 mins followed by substrate addition measured after 2 to 4 hrs by fluorometric assay,B,,,BAO_0000190,BAO_0000219,cell-based format,O=C(Nc1cccc(-c2nc3ccccc3[nH]2)c1)c1ccccc1,,,CHEMBL4616594,Bioorg Med Chem,2020.0,"{'bei': '13.54', 'le': '0.24', 'lle': '-0.24', 'sei': '7.35'}",,CHEMBL204153,,CHEMBL204153,4.24,0,http://www.openphacts.org/units/Nanomolar,3477459,=,1,1,=,,IC50,nM,,57000.0,CHEMBL321,Homo sapiens,Matrix metalloproteinase-9,9606,,,IC50,uM,UO_0000065,,57.0,,57000.0,O=C(Nc1cccc(-c2nc3ccccc3[nH]2)c1)c1ccccc1,inactive
,,20655540,[],CHEMBL4617067,Inhibition of recombinant human MMP9 catalytic domain (Phe107 to Pro449 residues) expressed in Escherichia coli cells using Mca-Pro-Leu-Gly-Leu-Dpa-Ala-Arg-NH2/TQ3-GABA-Pro-Cha-Abu-Smc-His-Ala-Dab(6'-TAMRA)-Ala-Lys-NH2 as fluorogenic substrate preincubated for 15 mins followed by substrate addition measured after 2 to 4 hrs by fluorometric assay,B,,,BAO_0000190,BAO_0000219,cell-based format,O=S(=O)(Nc1cccc(-c2nc3ccccc3[nH]2)c1)c1ccccc1,,,CHEMBL4616594,Bioorg Med Chem,2020.0,"{'bei': '12.72', 'le': '0.24', 'lle': '0.41', 'sei': '5.94'}",,CHEMBL1277658,,CHEMBL1277658,4.44,0,http://www.openphacts.org/units/Nanomolar,3477460,=,1,1,=,,IC50,nM,,36000.0,CHEMBL321,Homo sapiens,Matrix metalloproteinase-9,9606,,,IC50,uM,UO_0000065,,36.0,,36000.0,O=S(=O)(Nc1cccc(-c2nc3ccccc3[nH]2)c1)c1ccccc1,inactive
,,20655541,[],CHEMBL4617067,Inhibition of recombinant human MMP9 catalytic domain (Phe107 to Pro449 residues) expressed in Escherichia coli cells using Mca-Pro-Leu-Gly-Leu-Dpa-Ala-Arg-NH2/TQ3-GABA-Pro-Cha-Abu-Smc-His-Ala-Dab(6'-TAMRA)-Ala-Lys-NH2 as fluorogenic substrate preincubated for 15 mins followed by substrate addition measured after 2 to 4 hrs by fluorometric assay,B,,,BAO_0000190,BAO_0000219,cell-based format,O=C(CCCc1ccccc1)Nc1cccc(-c2nc3ccccc3[nH]2)c1,,,CHEMBL4616594,Bioorg Med Chem,2020.0,"{'bei': '12.28', 'le': '0.22', 'lle': '-0.82', 'sei': '7.56'}",,CHEMBL4640244,,CHEMBL4640244,4.37,0,http://www.openphacts.org/units/Nanomolar,3477461,=,1,1,=,,IC50,nM,,43000.0,CHEMBL321,Homo sapiens,Matrix metalloproteinase-9,9606,,,IC50,uM,UO_0000065,,43.0,,43000.0,O=C(CCCc1ccccc1)Nc1cccc(-c2nc3ccccc3[nH]2)c1,inactive
,,20655543,[],CHEMBL4617067,Inhibition of recombinant human MMP9 catalytic domain (Phe107 to Pro449 residues) expressed in Escherichia coli cells using Mca-Pro-Leu-Gly-Leu-Dpa-Ala-Arg-NH2/TQ3-GABA-Pro-Cha-Abu-Smc-His-Ala-Dab(6'-TAMRA)-Ala-Lys-NH2 as fluorogenic substrate preincubated for 15 mins followed by substrate addition measured after 2 to 4 hrs by fluorometric assay,B,,,BAO_0000190,BAO_0000219,cell-based format,O=C(CCCc1ccccc1)Nc1ccc(-c2nc3ccc(Br)cc3[nH]2)cc1,,,CHEMBL4616594,Bioorg Med Chem,2020.0,"{'bei': '9.75', 'le': '0.21', 'lle': '-1.71', 'sei': '7.33'}",,CHEMBL4639945,,CHEMBL4639945,4.24,0,http://www.openphacts.org/units/Nanomolar,3477463,=,1,1,=,,IC50,nM,,58000.0,CHEMBL321,Homo sapiens,Matrix metalloproteinase-9,9606,,,IC50,uM,UO_0000065,,58.0,,58000.0,O=C(CCCc1ccccc1)Nc1ccc(-c2nc3ccc(Br)cc3[nH]2)cc1,inactive
,,20655544,[],CHEMBL4617067,Inhibition of recombinant human MMP9 catalytic domain (Phe107 to Pro449 residues) expressed in Escherichia coli cells using Mca-Pro-Leu-Gly-Leu-Dpa-Ala-Arg-NH2/TQ3-GABA-Pro-Cha-Abu-Smc-His-Ala-Dab(6'-TAMRA)-Ala-Lys-NH2 as fluorogenic substrate preincubated for 15 mins followed by substrate addition measured after 2 to 4 hrs by fluorometric assay,B,,,BAO_0000190,BAO_0000219,cell-based format,O=C(CCc1ccccc1)Nc1ccc(-c2nc3ccccc3[nH]2)cc1,,,CHEMBL4616594,Bioorg Med Chem,2020.0,"{'bei': '13.29', 'le': '0.24', 'lle': '-0.26', 'sei': '7.85'}",,CHEMBL4647266,,CHEMBL4647266,4.54,0,http://www.openphacts.org/units/Nanomolar,3477464,=,1,1,=,,IC50,nM,,29000.0,CHEMBL321,Homo sapiens,Matrix metalloproteinase-9,9606,,,IC50,uM,UO_0000065,,29.0,,29000.0,O=C(CCc1ccccc1)Nc1ccc(-c2nc3ccccc3[nH]2)cc1,inactive
,,20655545,[],CHEMBL4617067,Inhibition of recombinant human MMP9 catalytic domain (Phe107 to Pro449 residues) expressed in Escherichia coli cells using Mca-Pro-Leu-Gly-Leu-Dpa-Ala-Arg-NH2/TQ3-GABA-Pro-Cha-Abu-Smc-His-Ala-Dab(6'-TAMRA)-Ala-Lys-NH2 as fluorogenic substrate preincubated for 15 mins followed by substrate addition measured after 2 to 4 hrs by fluorometric assay,B,,,BAO_0000190,BAO_0000219,cell-based format,O=C(Nc1ccc(-c2nc3ccccc3[nH]2)cc1)c1ccccc1,,,CHEMBL4616594,Bioorg Med Chem,2020.0,"{'bei': '15.30', 'le': '0.27', 'lle': '0.32', 'sei': '8.30'}",,CHEMBL4285334,,CHEMBL4285334,4.80,0,http://www.openphacts.org/units/Nanomolar,3477465,=,1,1,=,,IC50,nM,,16000.0,CHEMBL321,Homo sapiens,Matrix metalloproteinase-9,9606,,,IC50,uM,UO_0000065,,16.0,,16000.0,O=C(Nc1ccc(-c2nc3ccccc3[nH]2)cc1)c1ccccc1,inactive
,,20655546,[],CHEMBL4617067,Inhibition of recombinant human MMP9 catalytic domain (Phe107 to Pro449 residues) expressed in Escherichia coli cells using Mca-Pro-Leu-Gly-Leu-Dpa-Ala-Arg-NH2/TQ3-GABA-Pro-Cha-Abu-Smc-His-Ala-Dab(6'-TAMRA)-Ala-Lys-NH2 as fluorogenic substrate preincubated for 15 mins followed by substrate addition measured after 2 to 4 hrs by fluorometric assay,B,,,BAO_0000190,BAO_0000219,cell-based format,O=C(Nc1ccc(-c2nc3ccccc3[nH]2)cc1)c1ccc(Br)cc1,,,CHEMBL4616594,Bioorg Med Chem,2020.0,"{'bei': '11.18', 'le': '0.24', 'lle': '-0.85', 'sei': '7.59'}",,CHEMBL4643922,,CHEMBL4643922,4.39,0,http://www.openphacts.org/units/Nanomolar,3477466,=,1,1,=,,IC50,nM,,41000.0,CHEMBL321,Homo sapiens,Matrix metalloproteinase-9,9606,,,IC50,uM,UO_0000065,,41.0,,41000.0,O=C(Nc1ccc(-c2nc3ccccc3[nH]2)cc1)c1ccc(Br)cc1,inactive
,,20655547,[],CHEMBL4617067,Inhibition of recombinant human MMP9 catalytic domain (Phe107 to Pro449 residues) expressed in Escherichia coli cells using Mca-Pro-Leu-Gly-Leu-Dpa-Ala-Arg-NH2/TQ3-GABA-Pro-Cha-Abu-Smc-His-Ala-Dab(6'-TAMRA)-Ala-Lys-NH2 as fluorogenic substrate preincubated for 15 mins followed by substrate addition measured after 2 to 4 hrs by fluorometric assay,B,,,BAO_0000190,BAO_0000219,cell-based format,Cc1ccc2nc(-c3ccc(NC(=O)CCc4ccccc4)cc3)[nH]c2c1,,,CHEMBL4616594,Bioorg Med Chem,2020.0,"{'bei': '11.88', 'le': '0.21', 'lle': '-0.89', 'sei': '7.31'}",,CHEMBL4640970,,CHEMBL4640970,4.22,0,http://www.openphacts.org/units/Nanomolar,3477467,=,1,1,=,,IC50,nM,,60000.0,CHEMBL321,Homo sapiens,Matrix metalloproteinase-9,9606,,,IC50,uM,UO_0000065,,60.0,,60000.0,Cc1ccc2nc(-c3ccc(NC(=O)CCc4ccccc4)cc3)[nH]c2c1,inactive
,,20655548,[],CHEMBL4617067,Inhibition of recombinant human MMP9 catalytic domain (Phe107 to Pro449 residues) expressed in Escherichia coli cells using Mca-Pro-Leu-Gly-Leu-Dpa-Ala-Arg-NH2/TQ3-GABA-Pro-Cha-Abu-Smc-His-Ala-Dab(6'-TAMRA)-Ala-Lys-NH2 as fluorogenic substrate preincubated for 15 mins followed by substrate addition measured after 2 to 4 hrs by fluorometric assay,B,,,BAO_0000190,BAO_0000219,cell-based format,Cc1ccc2nc(-c3ccc(NC(=O)c4ccccc4)cc3)[nH]c2c1,,,CHEMBL4616594,Bioorg Med Chem,2020.0,"{'bei': '13.89', 'le': '0.25', 'lle': '-0.24', 'sei': '7.87'}",,CHEMBL4636483,,CHEMBL4636483,4.55,0,http://www.openphacts.org/units/Nanomolar,3477468,=,1,1,=,,IC50,nM,,28400.0,CHEMBL321,Homo sapiens,Matrix metalloproteinase-9,9606,,,IC50,uM,UO_0000065,,28.4,,28400.0,Cc1ccc2nc(-c3ccc(NC(=O)c4ccccc4)cc3)[nH]c2c1,inactive
,,20655549,[],CHEMBL4617067,Inhibition of recombinant human MMP9 catalytic domain (Phe107 to Pro449 residues) expressed in Escherichia coli cells using Mca-Pro-Leu-Gly-Leu-Dpa-Ala-Arg-NH2/TQ3-GABA-Pro-Cha-Abu-Smc-His-Ala-Dab(6'-TAMRA)-Ala-Lys-NH2 as fluorogenic substrate preincubated for 15 mins followed by substrate addition measured after 2 to 4 hrs by fluorometric assay,B,,,BAO_0000190,BAO_0000219,cell-based format,Cc1ccc2nc(-c3ccc(NC(=O)c4ccc([N+](=O)[O-])cc4)cc3)[nH]c2c1,,,CHEMBL4616594,Bioorg Med Chem,2020.0,"{'bei': '13.35', 'le': '0.24', 'lle': '0.27', 'sei': '4.93'}",,CHEMBL4647123,,CHEMBL4647123,4.97,0,http://www.openphacts.org/units/Nanomolar,3477469,=,1,1,=,,IC50,nM,,10700.0,CHEMBL321,Homo sapiens,Matrix metalloproteinase-9,9606,,,IC50,uM,UO_0000065,,10.7,,10700.0,Cc1ccc2nc(-c3ccc(NC(=O)c4ccc([N+](=O)[O-])cc4)cc3)[nH]c2c1,inactive
,,20655550,[],CHEMBL4617067,Inhibition of recombinant human MMP9 catalytic domain (Phe107 to Pro449 residues) expressed in Escherichia coli cells using Mca-Pro-Leu-Gly-Leu-Dpa-Ala-Arg-NH2/TQ3-GABA-Pro-Cha-Abu-Smc-His-Ala-Dab(6'-TAMRA)-Ala-Lys-NH2 as fluorogenic substrate preincubated for 15 mins followed by substrate addition measured after 2 to 4 hrs by fluorometric assay,B,,,BAO_0000190,BAO_0000219,cell-based format,Cc1ccc2nc(-c3ccc(NC(=O)c4cccc([N+](=O)[O-])c4)cc3)[nH]c2c1,,,CHEMBL4616594,Bioorg Med Chem,2020.0,"{'bei': '12.99', 'le': '0.24', 'lle': '0.14', 'sei': '4.79'}",,CHEMBL4639311,,CHEMBL4639311,4.84,0,http://www.openphacts.org/units/Nanomolar,3477470,=,1,1,=,,IC50,nM,,14500.0,CHEMBL321,Homo sapiens,Matrix metalloproteinase-9,9606,,,IC50,uM,UO_0000065,,14.5,,14500.0,Cc1ccc2nc(-c3ccc(NC(=O)c4cccc([N+](=O)[O-])c4)cc3)[nH]c2c1,inactive
,,20655551,[],CHEMBL4617067,Inhibition of recombinant human MMP9 catalytic domain (Phe107 to Pro449 residues) expressed in Escherichia coli cells using Mca-Pro-Leu-Gly-Leu-Dpa-Ala-Arg-NH2/TQ3-GABA-Pro-Cha-Abu-Smc-His-Ala-Dab(6'-TAMRA)-Ala-Lys-NH2 as fluorogenic substrate preincubated for 15 mins followed by substrate addition measured after 2 to 4 hrs by fluorometric assay,B,,,BAO_0000190,BAO_0000219,cell-based format,O=C(Nc1ccc(-c2nc3ccc(Br)cc3[nH]2)cc1)c1ccc([N+](=O)[O-])cc1,,,CHEMBL4616594,Bioorg Med Chem,2020.0,"{'bei': '11.88', 'le': '0.25', 'lle': '0.04', 'sei': '5.15'}",,CHEMBL4634914,,CHEMBL4634914,5.19,0,http://www.openphacts.org/units/Nanomolar,3477471,=,1,1,=,,IC50,nM,,6400.0,CHEMBL321,Homo sapiens,Matrix metalloproteinase-9,9606,,,IC50,uM,UO_0000065,,6.4,,6400.0,O=C(Nc1ccc(-c2nc3ccc(Br)cc3[nH]2)cc1)c1ccc([N+](=O)[O-])cc1,intermediate
,,20655552,[],CHEMBL4617067,Inhibition of recombinant human MMP9 catalytic domain (Phe107 to Pro449 residues) expressed in Escherichia coli cells using Mca-Pro-Leu-Gly-Leu-Dpa-Ala-Arg-NH2/TQ3-GABA-Pro-Cha-Abu-Smc-His-Ala-Dab(6'-TAMRA)-Ala-Lys-NH2 as fluorogenic substrate preincubated for 15 mins followed by substrate addition measured after 2 to 4 hrs by fluorometric assay,B,,,BAO_0000190,BAO_0000219,cell-based format,O=C(Nc1ccc(-c2nc3ccc(Br)cc3[nH]2)cc1)c1ccccc1,,,CHEMBL4616594,Bioorg Med Chem,2020.0,"{'bei': '11.46', 'le': '0.25', 'lle': '-0.75', 'sei': '7.78'}",,CHEMBL4640667,,CHEMBL4640667,4.50,0,http://www.openphacts.org/units/Nanomolar,3477472,=,1,1,=,,IC50,nM,,32000.0,CHEMBL321,Homo sapiens,Matrix metalloproteinase-9,9606,,,IC50,uM,UO_0000065,,32.0,,32000.0,O=C(Nc1ccc(-c2nc3ccc(Br)cc3[nH]2)cc1)c1ccccc1,inactive
,,20655553,[],CHEMBL4617067,Inhibition of recombinant human MMP9 catalytic domain (Phe107 to Pro449 residues) expressed in Escherichia coli cells using Mca-Pro-Leu-Gly-Leu-Dpa-Ala-Arg-NH2/TQ3-GABA-Pro-Cha-Abu-Smc-His-Ala-Dab(6'-TAMRA)-Ala-Lys-NH2 as fluorogenic substrate preincubated for 15 mins followed by substrate addition measured after 2 to 4 hrs by fluorometric assay,B,,,BAO_0000190,BAO_0000219,cell-based format,O=C(CCc1ccccc1)Nc1ccc(-c2nc3ccc(Br)cc3[nH]2)cc1,,,CHEMBL4616594,Bioorg Med Chem,2020.0,"{'bei': '11.75', 'le': '0.25', 'lle': '-0.62', 'sei': '8.55'}",,CHEMBL4637824,,CHEMBL4637824,4.94,0,http://www.openphacts.org/units/Nanomolar,3477473,=,1,1,=,,IC50,nM,,11500.0,CHEMBL321,Homo sapiens,Matrix metalloproteinase-9,9606,,,IC50,uM,UO_0000065,,11.5,,11500.0,O=C(CCc1ccccc1)Nc1ccc(-c2nc3ccc(Br)cc3[nH]2)cc1,inactive
,,20655620,[],CHEMBL4617067,Inhibition of recombinant human MMP9 catalytic domain (Phe107 to Pro449 residues) expressed in Escherichia coli cells using Mca-Pro-Leu-Gly-Leu-Dpa-Ala-Arg-NH2/TQ3-GABA-Pro-Cha-Abu-Smc-His-Ala-Dab(6'-TAMRA)-Ala-Lys-NH2 as fluorogenic substrate preincubated for 15 mins followed by substrate addition measured after 2 to 4 hrs by fluorometric assay,B,,,BAO_0000190,BAO_0000219,cell-based format,COC(=O)c1ccc(-c2nc3ccc(Br)cc3[nH]2)cc1,,,CHEMBL4616594,Bioorg Med Chem,2020.0,"{'bei': '14.14', 'le': '0.32', 'lle': '0.90', 'sei': '8.52'}",,CHEMBL4635438,,CHEMBL4635438,4.68,0,http://www.openphacts.org/units/Nanomolar,3477475,=,1,1,=,,IC50,nM,,20700.0,CHEMBL321,Homo sapiens,Matrix metalloproteinase-9,9606,,,IC50,uM,UO_0000065,,20.7,,20700.0,COC(=O)c1ccc(-c2nc3ccc(Br)cc3[nH]2)cc1,inactive
,,20655621,[],CHEMBL4617067,Inhibition of recombinant human MMP9 catalytic domain (Phe107 to Pro449 residues) expressed in Escherichia coli cells using Mca-Pro-Leu-Gly-Leu-Dpa-Ala-Arg-NH2/TQ3-GABA-Pro-Cha-Abu-Smc-His-Ala-Dab(6'-TAMRA)-Ala-Lys-NH2 as fluorogenic substrate preincubated for 15 mins followed by substrate addition measured after 2 to 4 hrs by fluorometric assay,B,,,BAO_0000190,BAO_0000219,cell-based format,O=C(O)c1ccc(-c2nc3ccc(Br)cc3[nH]2)cc1,,,CHEMBL4616594,Bioorg Med Chem,2020.0,"{'bei': '14.41', 'le': '0.33', 'lle': '0.88', 'sei': '6.92'}",,CHEMBL4647857,,CHEMBL4647857,4.57,0,http://www.openphacts.org/units/Nanomolar,3477476,=,1,1,=,,IC50,nM,,27000.0,CHEMBL321,Homo sapiens,Matrix metalloproteinase-9,9606,,,IC50,uM,UO_0000065,,27.0,,27000.0,O=C(O)c1ccc(-c2nc3ccc(Br)cc3[nH]2)cc1,inactive
,,20655622,[],CHEMBL4617067,Inhibition of recombinant human MMP9 catalytic domain (Phe107 to Pro449 residues) expressed in Escherichia coli cells using Mca-Pro-Leu-Gly-Leu-Dpa-Ala-Arg-NH2/TQ3-GABA-Pro-Cha-Abu-Smc-His-Ala-Dab(6'-TAMRA)-Ala-Lys-NH2 as fluorogenic substrate preincubated for 15 mins followed by substrate addition measured after 2 to 4 hrs by fluorometric assay,B,,,BAO_0000190,BAO_0000219,cell-based format,Nc1ccc(-c2nc3ccc(Br)cc3[nH]2)cc1,,,CHEMBL4616594,Bioorg Med Chem,2020.0,"{'bei': '16.18', 'le': '0.37', 'lle': '1.09', 'sei': '8.53'}",,CHEMBL4646265,,CHEMBL4646265,4.66,0,http://www.openphacts.org/units/Nanomolar,3477477,=,1,1,=,,IC50,nM,,21700.0,CHEMBL321,Homo sapiens,Matrix metalloproteinase-9,9606,,,IC50,uM,UO_0000065,,21.7,,21700.0,Nc1ccc(-c2nc3ccc(Br)cc3[nH]2)cc1,inactive
,,20655623,[],CHEMBL4617067,Inhibition of recombinant human MMP9 catalytic domain (Phe107 to Pro449 residues) expressed in Escherichia coli cells using Mca-Pro-Leu-Gly-Leu-Dpa-Ala-Arg-NH2/TQ3-GABA-Pro-Cha-Abu-Smc-His-Ala-Dab(6'-TAMRA)-Ala-Lys-NH2 as fluorogenic substrate preincubated for 15 mins followed by substrate addition measured after 2 to 4 hrs by fluorometric assay,B,,,BAO_0000190,BAO_0000219,cell-based format,O=[N+]([O-])c1ccc(-c2nc3ccc(Br)cc3[nH]2)cc1,,,CHEMBL4616594,Bioorg Med Chem,2020.0,"{'bei': '15.72', 'le': '0.36', 'lle': '1.10', 'sei': '6.96'}",,CHEMBL4635076,,CHEMBL4635076,5.00,0,http://www.openphacts.org/units/Nanomolar,3477478,=,1,1,=,,IC50,nM,,10000.0,CHEMBL321,Homo sapiens,Matrix metalloproteinase-9,9606,,,IC50,uM,UO_0000065,,10.0,,10000.0,O=[N+]([O-])c1ccc(-c2nc3ccc(Br)cc3[nH]2)cc1,inactive
,,20655625,[],CHEMBL4617067,Inhibition of recombinant human MMP9 catalytic domain (Phe107 to Pro449 residues) expressed in Escherichia coli cells using Mca-Pro-Leu-Gly-Leu-Dpa-Ala-Arg-NH2/TQ3-GABA-Pro-Cha-Abu-Smc-His-Ala-Dab(6'-TAMRA)-Ala-Lys-NH2 as fluorogenic substrate preincubated for 15 mins followed by substrate addition measured after 2 to 4 hrs by fluorometric assay,B,,,BAO_0000190,BAO_0000219,cell-based format,Cc1ccc2nc(-c3ccc([N+](=O)[O-])cc3)[nH]c2c1,,,CHEMBL4616594,Bioorg Med Chem,2020.0,"{'bei': '18.39', 'le': '0.33', 'lle': '1.21', 'sei': '6.49'}",,CHEMBL4642399,,CHEMBL4642399,4.66,0,http://www.openphacts.org/units/Nanomolar,3477480,=,1,1,=,,IC50,nM,,22000.0,CHEMBL321,Homo sapiens,Matrix metalloproteinase-9,9606,,,IC50,uM,UO_0000065,,22.0,,22000.0,Cc1ccc2nc(-c3ccc([N+](=O)[O-])cc3)[nH]c2c1,inactive
,,20655626,[],CHEMBL4617067,Inhibition of recombinant human MMP9 catalytic domain (Phe107 to Pro449 residues) expressed in Escherichia coli cells using Mca-Pro-Leu-Gly-Leu-Dpa-Ala-Arg-NH2/TQ3-GABA-Pro-Cha-Abu-Smc-His-Ala-Dab(6'-TAMRA)-Ala-Lys-NH2 as fluorogenic substrate preincubated for 15 mins followed by substrate addition measured after 2 to 4 hrs by fluorometric assay,B,,,BAO_0000190,BAO_0000219,cell-based format,Cc1ccc2nc(-c3cccc([N+](=O)[O-])c3)[nH]c2c1,,,CHEMBL4616594,Bioorg Med Chem,2020.0,"{'bei': '17.52', 'le': '0.32', 'lle': '0.99', 'sei': '6.18'}",,CHEMBL4645291,,CHEMBL4645291,4.44,0,http://www.openphacts.org/units/Nanomolar,3477481,=,1,1,=,,IC50,nM,,36600.0,CHEMBL321,Homo sapiens,Matrix metalloproteinase-9,9606,,,IC50,uM,UO_0000065,,36.6,,36600.0,Cc1ccc2nc(-c3cccc([N+](=O)[O-])c3)[nH]c2c1,inactive
,,20655627,[],CHEMBL4617067,Inhibition of recombinant human MMP9 catalytic domain (Phe107 to Pro449 residues) expressed in Escherichia coli cells using Mca-Pro-Leu-Gly-Leu-Dpa-Ala-Arg-NH2/TQ3-GABA-Pro-Cha-Abu-Smc-His-Ala-Dab(6'-TAMRA)-Ala-Lys-NH2 as fluorogenic substrate preincubated for 15 mins followed by substrate addition measured after 2 to 4 hrs by fluorometric assay,B,,,BAO_0000190,BAO_0000219,cell-based format,O=[N+]([O-])c1ccc(-c2nc3ccccc3[nH]2)cc1,,,CHEMBL4616594,Bioorg Med Chem,2020.0,"{'bei': '17.76', 'le': '0.32', 'lle': '1.11', 'sei': '5.91'}",,CHEMBL473361,,CHEMBL473361,4.25,0,http://www.openphacts.org/units/Nanomolar,3477482,=,1,1,=,,IC50,nM,,56500.0,CHEMBL321,Homo sapiens,Matrix metalloproteinase-9,9606,,,IC50,uM,UO_0000065,,56.5,,56500.0,O=[N+]([O-])c1ccc(-c2nc3ccccc3[nH]2)cc1,inactive
,,20655628,[],CHEMBL4617067,Inhibition of recombinant human MMP9 catalytic domain (Phe107 to Pro449 residues) expressed in Escherichia coli cells using Mca-Pro-Leu-Gly-Leu-Dpa-Ala-Arg-NH2/TQ3-GABA-Pro-Cha-Abu-Smc-His-Ala-Dab(6'-TAMRA)-Ala-Lys-NH2 as fluorogenic substrate preincubated for 15 mins followed by substrate addition measured after 2 to 4 hrs by fluorometric assay,B,,,BAO_0000190,BAO_0000219,cell-based format,O=[N+]([O-])c1ccc(-c2nc3cc([N+](=O)[O-])ccc3[nH]2)cc1,,,CHEMBL4616594,Bioorg Med Chem,2020.0,"{'bei': '16.30', 'le': '0.30', 'lle': '1.58', 'sei': '4.03'}",,CHEMBL1483847,,CHEMBL1483847,4.63,0,http://www.openphacts.org/units/Nanomolar,3477483,=,1,1,=,,IC50,nM,,23300.0,CHEMBL321,Homo sapiens,Matrix metalloproteinase-9,9606,,,IC50,uM,UO_0000065,,23.3,,23300.0,O=[N+]([O-])c1ccc(-c2nc3cc([N+](=O)[O-])ccc3[nH]2)cc1,inactive
,,20655630,[],CHEMBL4617067,Inhibition of recombinant human MMP9 catalytic domain (Phe107 to Pro449 residues) expressed in Escherichia coli cells using Mca-Pro-Leu-Gly-Leu-Dpa-Ala-Arg-NH2/TQ3-GABA-Pro-Cha-Abu-Smc-His-Ala-Dab(6'-TAMRA)-Ala-Lys-NH2 as fluorogenic substrate preincubated for 15 mins followed by substrate addition measured after 2 to 4 hrs by fluorometric assay,B,,,BAO_0000190,BAO_0000219,cell-based format,O=[N+]([O-])c1ccc(-c2nc3ccccc3[nH]2)o1,,,CHEMBL4616594,Bioorg Med Chem,2020.0,"{'bei': '19.61', 'le': '0.36', 'lle': '1.76', 'sei': '5.29'}",,CHEMBL4646530,,CHEMBL4646530,4.50,0,http://www.openphacts.org/units/Nanomolar,3477485,=,1,1,=,,IC50,nM,,32000.0,CHEMBL321,Homo sapiens,Matrix metalloproteinase-9,9606,,,IC50,uM,UO_0000065,,32.0,,32000.0,O=[N+]([O-])c1ccc(-c2nc3ccccc3[nH]2)o1,inactive
,,20655665,[],CHEMBL4617067,Inhibition of recombinant human MMP9 catalytic domain (Phe107 to Pro449 residues) expressed in Escherichia coli cells using Mca-Pro-Leu-Gly-Leu-Dpa-Ala-Arg-NH2/TQ3-GABA-Pro-Cha-Abu-Smc-His-Ala-Dab(6'-TAMRA)-Ala-Lys-NH2 as fluorogenic substrate preincubated for 15 mins followed by substrate addition measured after 2 to 4 hrs by fluorometric assay,B,,,BAO_0000190,BAO_0000219,cell-based format,O=[N+]([O-])c1ccc(-c2nc3ccccc3o2)cc1,,,CHEMBL4616594,Bioorg Med Chem,2020.0,"{'bei': '18.50', 'le': '0.34', 'lle': '1.04', 'sei': '6.42'}",,CHEMBL1965818,,CHEMBL1965818,4.44,0,http://www.openphacts.org/units/Nanomolar,3477486,=,1,1,=,,IC50,nM,,36000.0,CHEMBL321,Homo sapiens,Matrix metalloproteinase-9,9606,,,IC50,uM,UO_0000065,,36.0,,36000.0,O=[N+]([O-])c1ccc(-c2nc3ccccc3o2)cc1,inactive
,,20655666,[],CHEMBL4617067,Inhibition of recombinant human MMP9 catalytic domain (Phe107 to Pro449 residues) expressed in Escherichia coli cells using Mca-Pro-Leu-Gly-Leu-Dpa-Ala-Arg-NH2/TQ3-GABA-Pro-Cha-Abu-Smc-His-Ala-Dab(6'-TAMRA)-Ala-Lys-NH2 as fluorogenic substrate preincubated for 15 mins followed by substrate addition measured after 2 to 4 hrs by fluorometric assay,B,,,BAO_0000190,BAO_0000219,cell-based format,O=[N+]([O-])c1ccc(-c2nc3ccccc3s2)cc1,,,CHEMBL4616594,Bioorg Med Chem,2020.0,"{'bei': '19.27', 'le': '0.37', 'lle': '1.07', 'sei': '8.82'}",,CHEMBL477841,,CHEMBL477841,4.94,0,http://www.openphacts.org/units/Nanomolar,3477487,=,1,1,=,,IC50,nM,,11500.0,CHEMBL321,Homo sapiens,Matrix metalloproteinase-9,9606,,,IC50,uM,UO_0000065,,11.5,,11500.0,O=[N+]([O-])c1ccc(-c2nc3ccccc3s2)cc1,inactive
,,20655667,[],CHEMBL4617067,Inhibition of recombinant human MMP9 catalytic domain (Phe107 to Pro449 residues) expressed in Escherichia coli cells using Mca-Pro-Leu-Gly-Leu-Dpa-Ala-Arg-NH2/TQ3-GABA-Pro-Cha-Abu-Smc-His-Ala-Dab(6'-TAMRA)-Ala-Lys-NH2 as fluorogenic substrate preincubated for 15 mins followed by substrate addition measured after 2 to 4 hrs by fluorometric assay,B,,,BAO_0000190,BAO_0000219,cell-based format,Nc1ccc(-c2nc3ccccc3s2)cc1,,,CHEMBL4616594,Bioorg Med Chem,2020.0,"{'bei': '18.13', 'le': '0.35', 'lle': '0.55', 'sei': '10.54'}",,CHEMBL93118,,CHEMBL93118,4.10,0,http://www.openphacts.org/units/Nanomolar,3477488,=,1,1,=,,IC50,nM,,79000.0,CHEMBL321,Homo sapiens,Matrix metalloproteinase-9,9606,,,IC50,uM,UO_0000065,,79.0,,79000.0,Nc1ccc(-c2nc3ccccc3s2)cc1,inactive
,,20655668,[],CHEMBL4617067,Inhibition of recombinant human MMP9 catalytic domain (Phe107 to Pro449 residues) expressed in Escherichia coli cells using Mca-Pro-Leu-Gly-Leu-Dpa-Ala-Arg-NH2/TQ3-GABA-Pro-Cha-Abu-Smc-His-Ala-Dab(6'-TAMRA)-Ala-Lys-NH2 as fluorogenic substrate preincubated for 15 mins followed by substrate addition measured after 2 to 4 hrs by fluorometric assay,B,,,BAO_0000190,BAO_0000219,cell-based format,O=C(Nc1ccc(-c2nc3ccccc3s2)cc1)c1ccccc1,,,CHEMBL4616594,Bioorg Med Chem,2020.0,"{'bei': '13.25', 'le': '0.25', 'lle': '-0.84', 'sei': '10.42'}",,CHEMBL421666,,CHEMBL421666,4.38,0,http://www.openphacts.org/units/Nanomolar,3477489,=,1,1,=,,IC50,nM,,42000.0,CHEMBL321,Homo sapiens,Matrix metalloproteinase-9,9606,,,IC50,uM,UO_0000065,,42.0,,42000.0,O=C(Nc1ccc(-c2nc3ccccc3s2)cc1)c1ccccc1,inactive
,,20655669,[],CHEMBL4617067,Inhibition of recombinant human MMP9 catalytic domain (Phe107 to Pro449 residues) expressed in Escherichia coli cells using Mca-Pro-Leu-Gly-Leu-Dpa-Ala-Arg-NH2/TQ3-GABA-Pro-Cha-Abu-Smc-His-Ala-Dab(6'-TAMRA)-Ala-Lys-NH2 as fluorogenic substrate preincubated for 15 mins followed by substrate addition measured after 2 to 4 hrs by fluorometric assay,B,,,BAO_0000190,BAO_0000219,cell-based format,Cc1ccc2nc(-c3ccc([N+](=O)[O-])cc3)oc2c1,,,CHEMBL4616594,Bioorg Med Chem,2020.0,"{'bei': '18.66', 'le': '0.34', 'lle': '1.03', 'sei': '6.86'}",,CHEMBL4648156,,CHEMBL4648156,4.75,0,http://www.openphacts.org/units/Nanomolar,3477492,=,1,1,=,,IC50,nM,,18000.0,CHEMBL321,Homo sapiens,Matrix metalloproteinase-9,9606,,,IC50,uM,UO_0000065,,18.0,,18000.0,Cc1ccc2nc(-c3ccc([N+](=O)[O-])cc3)oc2c1,inactive
,,20655670,[],CHEMBL4617067,Inhibition of recombinant human MMP9 catalytic domain (Phe107 to Pro449 residues) expressed in Escherichia coli cells using Mca-Pro-Leu-Gly-Leu-Dpa-Ala-Arg-NH2/TQ3-GABA-Pro-Cha-Abu-Smc-His-Ala-Dab(6'-TAMRA)-Ala-Lys-NH2 as fluorogenic substrate preincubated for 15 mins followed by substrate addition measured after 2 to 4 hrs by fluorometric assay,B,,,BAO_0000190,BAO_0000219,cell-based format,Cc1ccc2oc(-c3ccc([N+](=O)[O-])cc3)nc2c1,,,CHEMBL4616594,Bioorg Med Chem,2020.0,"{'bei': '18.98', 'le': '0.35', 'lle': '1.12', 'sei': '6.98'}",,CHEMBL522613,,CHEMBL522613,4.83,0,http://www.openphacts.org/units/Nanomolar,3477493,=,1,1,=,,IC50,nM,,14900.0,CHEMBL321,Homo sapiens,Matrix metalloproteinase-9,9606,,,IC50,uM,UO_0000065,,14.9,,14900.0,Cc1ccc2oc(-c3ccc([N+](=O)[O-])cc3)nc2c1,inactive
,,20655671,[],CHEMBL4617067,Inhibition of recombinant human MMP9 catalytic domain (Phe107 to Pro449 residues) expressed in Escherichia coli cells using Mca-Pro-Leu-Gly-Leu-Dpa-Ala-Arg-NH2/TQ3-GABA-Pro-Cha-Abu-Smc-His-Ala-Dab(6'-TAMRA)-Ala-Lys-NH2 as fluorogenic substrate preincubated for 15 mins followed by substrate addition measured after 2 to 4 hrs by fluorometric assay,B,,,BAO_0000190,BAO_0000219,cell-based format,Cc1ccc2oc(-c3ccc(NC(=O)c4ccc([N+](=O)[O-])cc4)cc3)nc2c1,,,CHEMBL4616594,Bioorg Med Chem,2020.0,"{'bei': '12.59', 'le': '0.23', 'lle': '-0.26', 'sei': '4.78'}",,CHEMBL4640215,,CHEMBL4640215,4.70,0,http://www.openphacts.org/units/Nanomolar,3477494,=,1,1,=,,IC50,nM,,20000.0,CHEMBL321,Homo sapiens,Matrix metalloproteinase-9,9606,,,IC50,uM,UO_0000065,,20.0,,20000.0,Cc1ccc2oc(-c3ccc(NC(=O)c4ccc([N+](=O)[O-])cc4)cc3)nc2c1,inactive
"{'action_type': 'INHIBITOR', 'description': 'Negatively effects (inhibits) the normal functioning of the protein e.g., prevention of enzymatic reaction or activation of downstream pathway', 'parent_type': 'NEGATIVE MODULATOR'}",,22396224,"[{'comments': None, 'relation': '=', 'result_flag': 0, 'standard_relation': '=', 'standard_text_value': None, 'standard_type': 'TIME', 'standard_units': 'hr', 'standard_value': '1.0', 'text_value': None, 'type': 'Time', 'units': 'hrs', 'value': '1.0'}]",CHEMBL4668451,Inhibition of human MMP9 measured at 5 mins interval for 1 hr by fluorescence method,B,,,BAO_0000190,BAO_0000357,single protein format,CCCCCC(=O)N1CC(F)(F)C[C@@H]1C(=O)N(C)[C@H](C(=O)N[C@@H](CCNC(=O)c1ccccc1)C(=O)NO)[C@@H](C)CC,,,CHEMBL4665676,J Med Chem,2020.0,"{'bei': '10.93', 'le': '0.21', 'lle': '4.02', 'sei': '4.39'}",,CHEMBL4780220,,CHEMBL4780220,6.51,0,http://www.openphacts.org/units/Nanomolar,3508265,=,1,1,=,,IC50,nM,,310.0,CHEMBL321,Homo sapiens,Matrix metalloproteinase-9,9606,,,IC50,nM,UO_0000065,,310.0,,310.0,CCCCCC(=O)N1CC(F)(F)C[C@@H]1C(=O)N(C)[C@H](C(=O)N[C@@H](CCNC(=O)c1ccccc1)C(=O)NO)[C@@H](C)CC,active
"{'action_type': 'INHIBITOR', 'description': 'Negatively effects (inhibits) the normal functioning of the protein e.g., prevention of enzymatic reaction or activation of downstream pathway', 'parent_type': 'NEGATIVE MODULATOR'}",,22396227,"[{'comments': None, 'relation': '=', 'result_flag': 0, 'standard_relation': '=', 'standard_text_value': None, 'standard_type': 'TIME', 'standard_units': 'hr', 'standard_value': '0.5', 'text_value': None, 'type': 'Time', 'units': 'min', 'value': '30.0'}]",CHEMBL4668454,Inhibition of human proMMP9 expressed in African green monkey COS-1 cells assessed as reduction in protein activation incubated for 30 mins prior to catMMP-3 addition for 30 mins and subsequent DQ gelatin addition and measured after 10 mins by fluorescence method,B,,,BAO_0000190,BAO_0000219,cell-based format,COc1ccccc1Nc1nc(-c2sc(NC(C)=O)nc2C)cs1,,,CHEMBL4665676,J Med Chem,2020.0,"{'bei': '17.63', 'le': '0.36', 'lle': '2.07', 'sei': '8.35'}",,CHEMBL4517346,,CHEMBL4517346,6.36,0,http://www.openphacts.org/units/Nanomolar,3508268,=,1,1,=,,IC50,nM,,440.0,CHEMBL321,Homo sapiens,Matrix metalloproteinase-9,9606,,,IC50,nM,UO_0000065,,440.0,,440.0,COc1ccccc1Nc1nc(-c2sc(NC(C)=O)nc2C)cs1,active
"{'action_type': 'INHIBITOR', 'description': 'Negatively effects (inhibits) the normal functioning of the protein e.g., prevention of enzymatic reaction or activation of downstream pathway', 'parent_type': 'NEGATIVE MODULATOR'}",,22400638,[],CHEMBL4669491,Inhibition of MMP9 (unknown origin) using Mca-Lys-Pro-Leu-GlyLeu-Dpa-Ala-Arg-NH2 as substrate by fluorometric assay,B,,,BAO_0000190,BAO_0000357,single protein format,CCCC[C@H](NC(=O)OC(C)(C)C)C(=O)N[C@@H]1C[C@H](C(=O)NO)N(S(=O)(=O)c2ccc(OC)cc2)C1,,,CHEMBL4665735,Bioorg Med Chem Lett,2020.0,"{'bei': '13.02', 'le': '0.26', 'lle': '5.35', 'sei': '4.21'}",,CHEMBL4791180,,CHEMBL4791180,6.88,0,http://www.openphacts.org/units/Nanomolar,3509283,=,1,1,=,,IC50,nM,,131.0,CHEMBL321,Homo sapiens,Matrix metalloproteinase-9,9606,,,IC50,nM,UO_0000065,,131.0,,131.0,CCCC[C@H](NC(=O)OC(C)(C)C)C(=O)N[C@@H]1C[C@H](C(=O)NO)N(S(=O)(=O)c2ccc(OC)cc2)C1,active
"{'action_type': 'INHIBITOR', 'description': 'Negatively effects (inhibits) the normal functioning of the protein e.g., prevention of enzymatic reaction or activation of downstream pathway', 'parent_type': 'NEGATIVE MODULATOR'}",,22400639,[],CHEMBL4669491,Inhibition of MMP9 (unknown origin) using Mca-Lys-Pro-Leu-GlyLeu-Dpa-Ala-Arg-NH2 as substrate by fluorometric assay,B,,,BAO_0000190,BAO_0000357,single protein format,COc1ccc(S(=O)(=O)N2C[C@H](NC(=O)CCCNC(=O)OC(C)(C)C)C[C@@H]2C(=O)NO)cc1,,,CHEMBL4665735,Bioorg Med Chem Lett,2020.0,"{'bei': '14.60', 'le': '0.29', 'lle': '6.56', 'sei': '4.47'}",,CHEMBL4741120,,CHEMBL4741120,7.31,0,http://www.openphacts.org/units/Nanomolar,3509284,=,1,1,=,,IC50,nM,,49.0,CHEMBL321,Homo sapiens,Matrix metalloproteinase-9,9606,,,IC50,nM,UO_0000065,,49.0,,49.0,COc1ccc(S(=O)(=O)N2C[C@H](NC(=O)CCCNC(=O)OC(C)(C)C)C[C@@H]2C(=O)NO)cc1,active
"{'action_type': 'INHIBITOR', 'description': 'Negatively effects (inhibits) the normal functioning of the protein e.g., prevention of enzymatic reaction or activation of downstream pathway', 'parent_type': 'NEGATIVE MODULATOR'}",,22400640,[],CHEMBL4669491,Inhibition of MMP9 (unknown origin) using Mca-Lys-Pro-Leu-GlyLeu-Dpa-Ala-Arg-NH2 as substrate by fluorometric assay,B,,,BAO_0000190,BAO_0000357,single protein format,COc1ccc(S(=O)(=O)N2C[C@H](NC(=O)[C@H](CCCN)NC(=O)OC(C)(C)C)C[C@@H]2C(=O)NO)cc1,,,CHEMBL4665735,Bioorg Med Chem Lett,2020.0,"{'bei': '10.32', 'le': '0.21', 'lle': '5.39', 'sei': '2.89'}",,CHEMBL4783080,,CHEMBL4783080,5.47,0,http://www.openphacts.org/units/Nanomolar,3509285,=,1,1,=,,IC50,nM,,3420.0,CHEMBL321,Homo sapiens,Matrix metalloproteinase-9,9606,,,IC50,nM,UO_0000065,,3420.0,,3420.0,COc1ccc(S(=O)(=O)N2C[C@H](NC(=O)[C@H](CCCN)NC(=O)OC(C)(C)C)C[C@@H]2C(=O)NO)cc1,intermediate
"{'action_type': 'INHIBITOR', 'description': 'Negatively effects (inhibits) the normal functioning of the protein e.g., prevention of enzymatic reaction or activation of downstream pathway', 'parent_type': 'NEGATIVE MODULATOR'}",,22400641,[],CHEMBL4669491,Inhibition of MMP9 (unknown origin) using Mca-Lys-Pro-Leu-GlyLeu-Dpa-Ala-Arg-NH2 as substrate by fluorometric assay,B,,,BAO_0000190,BAO_0000357,single protein format,COc1ccc(S(=O)(=O)N2C[C@H](NC(=O)[C@H](CCCCN)NC(=O)OC(C)(C)C)C[C@@H]2C(=O)NO)cc1,,,CHEMBL4665735,Bioorg Med Chem Lett,2020.0,"{'bei': '13.92', 'le': '0.28', 'lle': '7.10', 'sei': '4.00'}",,CHEMBL4753407,,CHEMBL4753407,7.57,0,http://www.openphacts.org/units/Nanomolar,3509286,=,1,1,=,,IC50,nM,,27.0,CHEMBL321,Homo sapiens,Matrix metalloproteinase-9,9606,,,IC50,nM,UO_0000065,,27.0,,27.0,COc1ccc(S(=O)(=O)N2C[C@H](NC(=O)[C@H](CCCCN)NC(=O)OC(C)(C)C)C[C@@H]2C(=O)NO)cc1,active
"{'action_type': 'INHIBITOR', 'description': 'Negatively effects (inhibits) the normal functioning of the protein e.g., prevention of enzymatic reaction or activation of downstream pathway', 'parent_type': 'NEGATIVE MODULATOR'}",,22400642,[],CHEMBL4669491,Inhibition of MMP9 (unknown origin) using Mca-Lys-Pro-Leu-GlyLeu-Dpa-Ala-Arg-NH2 as substrate by fluorometric assay,B,,,BAO_0000190,BAO_0000357,single protein format,COc1ccc([S+]([O-])N2C[C@H](NC(=O)C(C)(C)C)C[C@@H]2C(=O)NO)cc1,,,CHEMBL4665735,Bioorg Med Chem Lett,2020.0,"{'bei': '20.56', 'le': '0.41', 'lle': '7.06', 'sei': '6.92'}",,CHEMBL4789542,,CHEMBL4789542,7.89,0,http://www.openphacts.org/units/Nanomolar,3509287,=,1,1,=,,IC50,nM,,13.0,CHEMBL321,Homo sapiens,Matrix metalloproteinase-9,9606,,,IC50,nM,UO_0000065,,13.0,,13.0,COc1ccc([S+]([O-])N2C[C@H](NC(=O)C(C)(C)C)C[C@@H]2C(=O)NO)cc1,active
"{'action_type': 'INHIBITOR', 'description': 'Negatively effects (inhibits) the normal functioning of the protein e.g., prevention of enzymatic reaction or activation of downstream pathway', 'parent_type': 'NEGATIVE MODULATOR'}",,22400643,[],CHEMBL4669491,Inhibition of MMP9 (unknown origin) using Mca-Lys-Pro-Leu-GlyLeu-Dpa-Ala-Arg-NH2 as substrate by fluorometric assay,B,,,BAO_0000190,BAO_0000357,single protein format,CCCC[C@H](N)C(=O)N[C@@H]1C[C@H](C(=O)NO)N(S(=O)(=O)c2ccc(OC)cc2)C1,,,CHEMBL4665735,Bioorg Med Chem Lett,2020.0,"{'bei': '16.36', 'le': '0.33', 'lle': '7.04', 'sei': '4.64'}",,CHEMBL4790362,,CHEMBL4790362,7.01,0,http://www.openphacts.org/units/Nanomolar,3509288,=,1,1,=,,IC50,nM,,98.0,CHEMBL321,Homo sapiens,Matrix metalloproteinase-9,9606,,,IC50,nM,UO_0000065,,98.0,,98.0,CCCC[C@H](N)C(=O)N[C@@H]1C[C@H](C(=O)NO)N(S(=O)(=O)c2ccc(OC)cc2)C1,active
"{'action_type': 'INHIBITOR', 'description': 'Negatively effects (inhibits) the normal functioning of the protein e.g., prevention of enzymatic reaction or activation of downstream pathway', 'parent_type': 'NEGATIVE MODULATOR'}",,22400644,[],CHEMBL4669491,Inhibition of MMP9 (unknown origin) using Mca-Lys-Pro-Leu-GlyLeu-Dpa-Ala-Arg-NH2 as substrate by fluorometric assay,B,,,BAO_0000190,BAO_0000357,single protein format,COc1ccc(S(=O)(=O)N2C[C@H](NC(=O)CCCN)C[C@@H]2C(=O)NO)cc1,,,CHEMBL4665735,Bioorg Med Chem Lett,2020.0,"{'bei': '18.17', 'le': '0.37', 'lle': '8.09', 'sei': '4.82'}",,CHEMBL4756766,,CHEMBL4756766,7.28,0,http://www.openphacts.org/units/Nanomolar,3509289,=,1,1,=,,IC50,nM,,53.0,CHEMBL321,Homo sapiens,Matrix metalloproteinase-9,9606,,,IC50,nM,UO_0000065,,53.0,,53.0,COc1ccc(S(=O)(=O)N2C[C@H](NC(=O)CCCN)C[C@@H]2C(=O)NO)cc1,active
"{'action_type': 'INHIBITOR', 'description': 'Negatively effects (inhibits) the normal functioning of the protein e.g., prevention of enzymatic reaction or activation of downstream pathway', 'parent_type': 'NEGATIVE MODULATOR'}",,22400645,[],CHEMBL4669491,Inhibition of MMP9 (unknown origin) using Mca-Lys-Pro-Leu-GlyLeu-Dpa-Ala-Arg-NH2 as substrate by fluorometric assay,B,,,BAO_0000190,BAO_0000357,single protein format,COc1ccc(S(=O)(=O)N2C[C@H](NC(=O)[C@@H](N)CCCN)C[C@@H]2C(=O)NO)cc1,,,CHEMBL4665735,Bioorg Med Chem Lett,2020.0,"{'bei': '15.86', 'le': '0.32', 'lle': '8.30', 'sei': '3.85'}",,CHEMBL4765192,,CHEMBL4765192,6.81,0,http://www.openphacts.org/units/Nanomolar,3509290,=,1,1,=,,IC50,nM,,154.0,CHEMBL321,Homo sapiens,Matrix metalloproteinase-9,9606,,,IC50,nM,UO_0000065,,154.0,,154.0,COc1ccc(S(=O)(=O)N2C[C@H](NC(=O)[C@@H](N)CCCN)C[C@@H]2C(=O)NO)cc1,active
"{'action_type': 'INHIBITOR', 'description': 'Negatively effects (inhibits) the normal functioning of the protein e.g., prevention of enzymatic reaction or activation of downstream pathway', 'parent_type': 'NEGATIVE MODULATOR'}",,22400646,[],CHEMBL4669491,Inhibition of MMP9 (unknown origin) using Mca-Lys-Pro-Leu-GlyLeu-Dpa-Ala-Arg-NH2 as substrate by fluorometric assay,B,,,BAO_0000190,BAO_0000357,single protein format,COc1ccc(S(=O)(=O)N2C[C@H](NC(=O)[C@@H](N)CCCCN)C[C@@H]2C(=O)NO)cc1,,,CHEMBL4665735,Bioorg Med Chem Lett,2020.0,"{'bei': '18.59', 'le': '0.38', 'lle': '9.34', 'sei': '4.66'}",,CHEMBL4752635,,CHEMBL4752635,8.24,0,http://www.openphacts.org/units/Nanomolar,3509291,=,1,1,=,,IC50,nM,,5.7,CHEMBL321,Homo sapiens,Matrix metalloproteinase-9,9606,,,IC50,nM,UO_0000065,,5.7,,5.7,COc1ccc(S(=O)(=O)N2C[C@H](NC(=O)[C@@H](N)CCCCN)C[C@@H]2C(=O)NO)cc1,active
"{'action_type': 'INHIBITOR', 'description': 'Negatively effects (inhibits) the normal functioning of the protein e.g., prevention of enzymatic reaction or activation of downstream pathway', 'parent_type': 'NEGATIVE MODULATOR'}",,22400647,[],CHEMBL4669491,Inhibition of MMP9 (unknown origin) using Mca-Lys-Pro-Leu-GlyLeu-Dpa-Ala-Arg-NH2 as substrate by fluorometric assay,B,,,BAO_0000190,BAO_0000357,single protein format,COc1ccc(S(=O)(=O)N2CCC[C@@H]2C(=O)NO)cc1,,,CHEMBL4665735,Bioorg Med Chem Lett,2020.0,"{'bei': '25.50', 'le': '0.52', 'lle': '7.31', 'sei': '7.98'}",,CHEMBL4750308,,CHEMBL4750308,7.66,0,http://www.openphacts.org/units/Nanomolar,3509292,=,1,1,=,,IC50,nM,,22.0,CHEMBL321,Homo sapiens,Matrix metalloproteinase-9,9606,,,IC50,nM,UO_0000065,,22.0,,22.0,COc1ccc(S(=O)(=O)N2CCC[C@@H]2C(=O)NO)cc1,active
"{'action_type': 'INHIBITOR', 'description': 'Negatively effects (inhibits) the normal functioning of the protein e.g., prevention of enzymatic reaction or activation of downstream pathway', 'parent_type': 'NEGATIVE MODULATOR'}",,22436956,[],CHEMBL4677719,Inhibition of human MMP-9 by fluorometric assay,B,,,BAO_0000190,BAO_0000357,single protein format,CNC(=O)[C@H](Cc1c[nH]c2ccccc12)NC(=O)[C@@H](CC(=O)NO)CC(C)C,,,CHEMBL4673300,J Med Chem,2020.0,"{'bei': '25.10', 'le': '0.48', 'lle': '8.25', 'sei': '7.91'}",,CHEMBL19611,ILOMASTAT,CHEMBL19611,9.75,0,http://www.openphacts.org/units/Nanomolar,3516158,=,1,1,=,,IC50,nM,,0.177,CHEMBL321,Homo sapiens,Matrix metalloproteinase-9,9606,,,IC50,uM,UO_0000065,,0.000177,,0.177,CNC(=O)[C@H](Cc1c[nH]c2ccccc12)NC(=O)[C@@H](CC(=O)NO)CC(C)C,active
"{'action_type': 'INHIBITOR', 'description': 'Negatively effects (inhibits) the normal functioning of the protein e.g., prevention of enzymatic reaction or activation of downstream pathway', 'parent_type': 'NEGATIVE MODULATOR'}",,22436957,[],CHEMBL4677719,Inhibition of human MMP-9 by fluorometric assay,B,,,BAO_0000190,BAO_0000357,single protein format,O=C(NO)[C@@H](Cc1ccc2ccccc2c1)NS(=O)(=O)c1ccc2ccccc2c1,,,CHEMBL4673300,J Med Chem,2020.0,"{'bei': '16.68', 'le': '0.32', 'lle': '3.62', 'sei': '7.34'}",,CHEMBL261713,,CHEMBL261713,7.01,0,http://www.openphacts.org/units/Nanomolar,3516157,=,1,1,=,,IC50,nM,,97.2,CHEMBL321,Homo sapiens,Matrix metalloproteinase-9,9606,,,IC50,uM,UO_0000065,,0.0972,,97.2,O=C(NO)[C@@H](Cc1ccc2ccccc2c1)NS(=O)(=O)c1ccc2ccccc2c1,active
"{'action_type': 'INHIBITOR', 'description': 'Negatively effects (inhibits) the normal functioning of the protein e.g., prevention of enzymatic reaction or activation of downstream pathway', 'parent_type': 'NEGATIVE MODULATOR'}",,22457493,[],CHEMBL4682410,Inhibition of MMP-9 (unknown origin) by colorimetric assay,B,,,BAO_0000190,BAO_0000357,single protein format,O=C(Nc1ccc([N+](=O)[O-])cc1)C(c1ccccc1)N(C(=O)c1ccccc1I)c1ccccc1,,,CHEMBL4680119,Eur J Med Chem,2020.0,"{'bei': '14.46', 'le': '0.33', 'lle': '2.12', 'sei': '9.02'}",,CHEMBL4792262,,CHEMBL4792262,8.35,0,http://www.openphacts.org/units/Nanomolar,3519742,=,1,1,=,,IC50,nM,,4.49,CHEMBL321,Homo sapiens,Matrix metalloproteinase-9,9606,,,IC50,nM,UO_0000065,,4.49,,4.49,O=C(Nc1ccc([N+](=O)[O-])cc1)C(c1ccccc1)N(C(=O)c1ccccc1I)c1ccccc1,active
"{'action_type': 'INHIBITOR', 'description': 'Negatively effects (inhibits) the normal functioning of the protein e.g., prevention of enzymatic reaction or activation of downstream pathway', 'parent_type': 'NEGATIVE MODULATOR'}",,22457494,[],CHEMBL4682410,Inhibition of MMP-9 (unknown origin) by colorimetric assay,B,,,BAO_0000190,BAO_0000357,single protein format,O=C(Nc1ccc([N+](=O)[O-])cc1)C(c1ccc([N+](=O)[O-])cc1)N(C(=O)c1ccc(C(F)(F)F)cc1)c1ccccc1,,,CHEMBL4680119,Eur J Med Chem,2020.0,"{'bei': '14.40', 'le': '0.27', 'lle': '1.58', 'sei': '5.99'}",,CHEMBL4788683,,CHEMBL4788683,8.13,0,http://www.openphacts.org/units/Nanomolar,3519745,=,1,1,=,,IC50,nM,,7.46,CHEMBL321,Homo sapiens,Matrix metalloproteinase-9,9606,,,IC50,nM,UO_0000065,,7.46,,7.46,O=C(Nc1ccc([N+](=O)[O-])cc1)C(c1ccc([N+](=O)[O-])cc1)N(C(=O)c1ccc(C(F)(F)F)cc1)c1ccccc1,active
"{'action_type': 'INHIBITOR', 'description': 'Negatively effects (inhibits) the normal functioning of the protein e.g., prevention of enzymatic reaction or activation of downstream pathway', 'parent_type': 'NEGATIVE MODULATOR'}",,22457495,[],CHEMBL4682410,Inhibition of MMP-9 (unknown origin) by colorimetric assay,B,,,BAO_0000190,BAO_0000357,single protein format,O=C(Nc1ccc([N+](=O)[O-])cc1)C(c1ccccc1)N(Cc1ccccc1)C(=O)Cc1ccccc1,,,CHEMBL4680119,Eur J Med Chem,2020.0,"{'bei': '17.21', 'le': '0.31', 'lle': '2.70', 'sei': '8.92'}",,CHEMBL4780030,,CHEMBL4780030,8.26,0,http://www.openphacts.org/units/Nanomolar,3519732,=,1,1,=,,IC50,nM,,5.56,CHEMBL321,Homo sapiens,Matrix metalloproteinase-9,9606,,,IC50,nM,UO_0000065,,5.56,,5.56,O=C(Nc1ccc([N+](=O)[O-])cc1)C(c1ccccc1)N(Cc1ccccc1)C(=O)Cc1ccccc1,active
"{'action_type': 'INHIBITOR', 'description': 'Negatively effects (inhibits) the normal functioning of the protein e.g., prevention of enzymatic reaction or activation of downstream pathway', 'parent_type': 'NEGATIVE MODULATOR'}",,22457496,[],CHEMBL4682410,Inhibition of MMP-9 (unknown origin) by colorimetric assay,B,,,BAO_0000190,BAO_0000357,single protein format,COc1ccc(S(=O)(=O)N(CC(=O)NO)CC(C)C)cc1,,,CHEMBL4680119,Eur J Med Chem,2020.0,"{'bei': '22.46', 'le': '0.46', 'lle': '6.26', 'sei': '7.41'}",,CHEMBL311932,,CHEMBL311932,7.11,0,http://www.openphacts.org/units/Nanomolar,3519737,=,1,1,=,,IC50,nM,,78.5,CHEMBL321,Homo sapiens,Matrix metalloproteinase-9,9606,,,IC50,nM,UO_0000065,,78.5,,78.5,COc1ccc(S(=O)(=O)N(CC(=O)NO)CC(C)C)cc1,active
"{'action_type': 'INHIBITOR', 'description': 'Negatively effects (inhibits) the normal functioning of the protein e.g., prevention of enzymatic reaction or activation of downstream pathway', 'parent_type': 'NEGATIVE MODULATOR'}",,22916099,"[{'comments': None, 'relation': '=', 'result_flag': 0, 'standard_relation': '=', 'standard_text_value': None, 'standard_type': 'Time_Lower', 'standard_units': 'hrs', 'standard_value': '2.0', 'text_value': None, 'type': 'Time_Lower', 'units': 'hrs', 'value': '2.0'}, {'comments': None, 'relation': '=', 'result_flag': 0, 'standard_relation': '=', 'standard_text_value': None, 'standard_type': 'Time_Upper', 'standard_units': 'hrs', 'standard_value': '4.25', 'text_value': None, 'type': 'Time_Upper', 'units': 'hrs', 'value': '4.25'}]",CHEMBL4735574,Inhibition of recombinant human MMP9 (107 to 449 residues) using Mca-Pro-Leu-Gly-Leu-Dpa-Ala-Arg-NH2 expressed in Escherichia coli expression system as substrate incubated for 15 mins followed by substrate addition and measured after 2 to 4 hrs by fluorescence based assay,B,,,BAO_0000190,BAO_0000019,assay format,CCCCNc1cc(-c2ccccc2)cc2c1c(=O)[nH]c1ccccc12,,,CHEMBL4732123,Eur J Med Chem,2021.0,"{'bei': '11.69', 'le': '0.21', 'lle': '-1.56', 'sei': '8.92'}",,CHEMBL4794200,,CHEMBL4794200,4.00,0,http://www.openphacts.org/units/Nanomolar,3557961,=,1,1,=,,IC50,nM,,99500.0,CHEMBL321,Homo sapiens,Matrix metalloproteinase-9,9606,,,IC50,uM,UO_0000065,,99.5,,99500.0,CCCCNc1cc(-c2ccccc2)cc2c1c(=O)[nH]c1ccccc12,inactive
"{'action_type': 'INHIBITOR', 'description': 'Negatively effects (inhibits) the normal functioning of the protein e.g., prevention of enzymatic reaction or activation of downstream pathway', 'parent_type': 'NEGATIVE MODULATOR'}",,22916100,"[{'comments': None, 'relation': '=', 'result_flag': 0, 'standard_relation': '=', 'standard_text_value': None, 'standard_type': 'Time_Lower', 'standard_units': 'hrs', 'standard_value': '2.0', 'text_value': None, 'type': 'Time_Lower', 'units': 'hrs', 'value': '2.0'}, {'comments': None, 'relation': '=', 'result_flag': 0, 'standard_relation': '=', 'standard_text_value': None, 'standard_type': 'Time_Upper', 'standard_units': 'hrs', 'standard_value': '4.25', 'text_value': None, 'type': 'Time_Upper', 'units': 'hrs', 'value': '4.25'}]",CHEMBL4735574,Inhibition of recombinant human MMP9 (107 to 449 residues) using Mca-Pro-Leu-Gly-Leu-Dpa-Ala-Arg-NH2 expressed in Escherichia coli expression system as substrate incubated for 15 mins followed by substrate addition and measured after 2 to 4 hrs by fluorescence based assay,B,,,BAO_0000190,BAO_0000019,assay format,O=c1[nH]c2ccccc2c2cc(-c3ccccc3)cc(Nc3ccccc3)c12,,,CHEMBL4732123,Eur J Med Chem,2021.0,"{'bei': '11.77', 'le': '0.21', 'lle': '-1.82', 'sei': '9.51'}",,CHEMBL4741270,,CHEMBL4741270,4.27,0,http://www.openphacts.org/units/Nanomolar,3557962,=,1,1,=,,IC50,nM,,54000.0,CHEMBL321,Homo sapiens,Matrix metalloproteinase-9,9606,,,IC50,uM,UO_0000065,,54.0,,54000.0,O=c1[nH]c2ccccc2c2cc(-c3ccccc3)cc(Nc3ccccc3)c12,inactive
"{'action_type': 'INHIBITOR', 'description': 'Negatively effects (inhibits) the normal functioning of the protein e.g., prevention of enzymatic reaction or activation of downstream pathway', 'parent_type': 'NEGATIVE MODULATOR'}",,22916101,"[{'comments': None, 'relation': '=', 'result_flag': 0, 'standard_relation': '=', 'standard_text_value': None, 'standard_type': 'Time_Lower', 'standard_units': 'hrs', 'standard_value': '2.0', 'text_value': None, 'type': 'Time_Lower', 'units': 'hrs', 'value': '2.0'}, {'comments': None, 'relation': '=', 'result_flag': 0, 'standard_relation': '=', 'standard_text_value': None, 'standard_type': 'Time_Upper', 'standard_units': 'hrs', 'standard_value': '4.25', 'text_value': None, 'type': 'Time_Upper', 'units': 'hrs', 'value': '4.25'}]",CHEMBL4735574,Inhibition of recombinant human MMP9 (107 to 449 residues) using Mca-Pro-Leu-Gly-Leu-Dpa-Ala-Arg-NH2 expressed in Escherichia coli expression system as substrate incubated for 15 mins followed by substrate addition and measured after 2 to 4 hrs by fluorescence based assay,B,,,BAO_0000190,BAO_0000019,assay format,COc1ccc(Nc2cc(-c3ccccc3)cc3c2c(=O)[nH]c2ccccc23)cc1,,,CHEMBL4732123,Eur J Med Chem,2021.0,"{'bei': '11.87', 'le': '0.21', 'lle': '-1.44', 'sei': '8.61'}",,CHEMBL4756447,,CHEMBL4756447,4.66,0,http://www.openphacts.org/units/Nanomolar,3557963,=,1,1,=,,IC50,nM,,22000.0,CHEMBL321,Homo sapiens,Matrix metalloproteinase-9,9606,,,IC50,uM,UO_0000065,,22.0,,22000.0,COc1ccc(Nc2cc(-c3ccccc3)cc3c2c(=O)[nH]c2ccccc23)cc1,inactive
"{'action_type': 'INHIBITOR', 'description': 'Negatively effects (inhibits) the normal functioning of the protein e.g., prevention of enzymatic reaction or activation of downstream pathway', 'parent_type': 'NEGATIVE MODULATOR'}",,22916102,"[{'comments': None, 'relation': '=', 'result_flag': 0, 'standard_relation': '=', 'standard_text_value': None, 'standard_type': 'Time_Lower', 'standard_units': 'hrs', 'standard_value': '2.0', 'text_value': None, 'type': 'Time_Lower', 'units': 'hrs', 'value': '2.0'}, {'comments': None, 'relation': '=', 'result_flag': 0, 'standard_relation': '=', 'standard_text_value': None, 'standard_type': 'Time_Upper', 'standard_units': 'hrs', 'standard_value': '4.25', 'text_value': None, 'type': 'Time_Upper', 'units': 'hrs', 'value': '4.25'}]",CHEMBL4735574,Inhibition of recombinant human MMP9 (107 to 449 residues) using Mca-Pro-Leu-Gly-Leu-Dpa-Ala-Arg-NH2 expressed in Escherichia coli expression system as substrate incubated for 15 mins followed by substrate addition and measured after 2 to 4 hrs by fluorescence based assay,B,,,BAO_0000190,BAO_0000019,assay format,CN(C)c1ccc(Nc2cc(-c3ccccc3)cc3c2c(=O)[nH]c2ccccc23)cc1,,,CHEMBL4732123,Eur J Med Chem,2021.0,"{'bei': '10.00', 'le': '0.18', 'lle': '-2.10', 'sei': '8.43'}",,CHEMBL4780502,,CHEMBL4780502,4.06,0,http://www.openphacts.org/units/Nanomolar,3557964,=,1,1,=,,IC50,nM,,88000.0,CHEMBL321,Homo sapiens,Matrix metalloproteinase-9,9606,,,IC50,uM,UO_0000065,,88.0,,88000.0,CN(C)c1ccc(Nc2cc(-c3ccccc3)cc3c2c(=O)[nH]c2ccccc23)cc1,inactive
"{'action_type': 'INHIBITOR', 'description': 'Negatively effects (inhibits) the normal functioning of the protein e.g., prevention of enzymatic reaction or activation of downstream pathway', 'parent_type': 'NEGATIVE MODULATOR'}",,22916103,"[{'comments': None, 'relation': '=', 'result_flag': 0, 'standard_relation': '=', 'standard_text_value': None, 'standard_type': 'Time_Lower', 'standard_units': 'hrs', 'standard_value': '2.0', 'text_value': None, 'type': 'Time_Lower', 'units': 'hrs', 'value': '2.0'}, {'comments': None, 'relation': '=', 'result_flag': 0, 'standard_relation': '=', 'standard_text_value': None, 'standard_type': 'Time_Upper', 'standard_units': 'hrs', 'standard_value': '4.25', 'text_value': None, 'type': 'Time_Upper', 'units': 'hrs', 'value': '4.25'}]",CHEMBL4735574,Inhibition of recombinant human MMP9 (107 to 449 residues) using Mca-Pro-Leu-Gly-Leu-Dpa-Ala-Arg-NH2 expressed in Escherichia coli expression system as substrate incubated for 15 mins followed by substrate addition and measured after 2 to 4 hrs by fluorescence based assay,B,,,BAO_0000190,BAO_0000019,assay format,O=c1[nH]c2ccccc2c2cc(-c3ccccc3)cc(Nc3ccc(F)cc3)c12,,,CHEMBL4732123,Eur J Med Chem,2021.0,"{'bei': '10.53', 'le': '0.19', 'lle': '-2.23', 'sei': '8.92'}",,CHEMBL4777311,,CHEMBL4777311,4.00,0,http://www.openphacts.org/units/Nanomolar,3557965,=,1,1,=,,IC50,nM,,99000.0,CHEMBL321,Homo sapiens,Matrix metalloproteinase-9,9606,,,IC50,uM,UO_0000065,,99.0,,99000.0,O=c1[nH]c2ccccc2c2cc(-c3ccccc3)cc(Nc3ccc(F)cc3)c12,inactive
"{'action_type': 'INHIBITOR', 'description': 'Negatively effects (inhibits) the normal functioning of the protein e.g., prevention of enzymatic reaction or activation of downstream pathway', 'parent_type': 'NEGATIVE MODULATOR'}",,22916104,"[{'comments': None, 'relation': '=', 'result_flag': 0, 'standard_relation': '=', 'standard_text_value': None, 'standard_type': 'Time_Lower', 'standard_units': 'hrs', 'standard_value': '2.0', 'text_value': None, 'type': 'Time_Lower', 'units': 'hrs', 'value': '2.0'}, {'comments': None, 'relation': '=', 'result_flag': 0, 'standard_relation': '=', 'standard_text_value': None, 'standard_type': 'Time_Upper', 'standard_units': 'hrs', 'standard_value': '4.25', 'text_value': None, 'type': 'Time_Upper', 'units': 'hrs', 'value': '4.25'}]",CHEMBL4735574,Inhibition of recombinant human MMP9 (107 to 449 residues) using Mca-Pro-Leu-Gly-Leu-Dpa-Ala-Arg-NH2 expressed in Escherichia coli expression system as substrate incubated for 15 mins followed by substrate addition and measured after 2 to 4 hrs by fluorescence based assay,B,,,BAO_0000190,BAO_0000019,assay format,Nc1ccc(-c2cc(Nc3ccccc3)c3c(=O)[nH]c4ccccc4c3c2)cc1,,,CHEMBL4732123,Eur J Med Chem,2021.0,"{'bei': '12.06', 'le': '0.21', 'lle': '-1.12', 'sei': '6.42'}",,CHEMBL4800543,,CHEMBL4800543,4.55,0,http://www.openphacts.org/units/Nanomolar,3557966,=,1,1,=,,IC50,nM,,28000.0,CHEMBL321,Homo sapiens,Matrix metalloproteinase-9,9606,,,IC50,uM,UO_0000065,,28.0,,28000.0,Nc1ccc(-c2cc(Nc3ccccc3)c3c(=O)[nH]c4ccccc4c3c2)cc1,inactive
"{'action_type': 'INHIBITOR', 'description': 'Negatively effects (inhibits) the normal functioning of the protein e.g., prevention of enzymatic reaction or activation of downstream pathway', 'parent_type': 'NEGATIVE MODULATOR'}",,22916105,"[{'comments': None, 'relation': '=', 'result_flag': 0, 'standard_relation': '=', 'standard_text_value': None, 'standard_type': 'Time_Lower', 'standard_units': 'hrs', 'standard_value': '2.0', 'text_value': None, 'type': 'Time_Lower', 'units': 'hrs', 'value': '2.0'}, {'comments': None, 'relation': '=', 'result_flag': 0, 'standard_relation': '=', 'standard_text_value': None, 'standard_type': 'Time_Upper', 'standard_units': 'hrs', 'standard_value': '4.25', 'text_value': None, 'type': 'Time_Upper', 'units': 'hrs', 'value': '4.25'}]",CHEMBL4735574,Inhibition of recombinant human MMP9 (107 to 449 residues) using Mca-Pro-Leu-Gly-Leu-Dpa-Ala-Arg-NH2 expressed in Escherichia coli expression system as substrate incubated for 15 mins followed by substrate addition and measured after 2 to 4 hrs by fluorescence based assay,B,,,BAO_0000190,BAO_0000019,assay format,Cc1ccc(-c2cc(Nc3ccccc3)c3c(=O)[nH]c4ccccc4c3c2)cc1,,,CHEMBL4732123,Eur J Med Chem,2021.0,"{'bei': '11.76', 'le': '0.21', 'lle': '-1.97', 'sei': '9.86'}",,CHEMBL4747482,,CHEMBL4747482,4.43,0,http://www.openphacts.org/units/Nanomolar,3557967,=,1,1,=,,IC50,nM,,37500.0,CHEMBL321,Homo sapiens,Matrix metalloproteinase-9,9606,,,IC50,uM,UO_0000065,,37.5,,37500.0,Cc1ccc(-c2cc(Nc3ccccc3)c3c(=O)[nH]c4ccccc4c3c2)cc1,inactive
"{'action_type': 'INHIBITOR', 'description': 'Negatively effects (inhibits) the normal functioning of the protein e.g., prevention of enzymatic reaction or activation of downstream pathway', 'parent_type': 'NEGATIVE MODULATOR'}",,22916106,"[{'comments': None, 'relation': '=', 'result_flag': 0, 'standard_relation': '=', 'standard_text_value': None, 'standard_type': 'Time_Lower', 'standard_units': 'hrs', 'standard_value': '2.0', 'text_value': None, 'type': 'Time_Lower', 'units': 'hrs', 'value': '2.0'}, {'comments': None, 'relation': '=', 'result_flag': 0, 'standard_relation': '=', 'standard_text_value': None, 'standard_type': 'Time_Upper', 'standard_units': 'hrs', 'standard_value': '4.25', 'text_value': None, 'type': 'Time_Upper', 'units': 'hrs', 'value': '4.25'}]",CHEMBL4735574,Inhibition of recombinant human MMP9 (107 to 449 residues) using Mca-Pro-Leu-Gly-Leu-Dpa-Ala-Arg-NH2 expressed in Escherichia coli expression system as substrate incubated for 15 mins followed by substrate addition and measured after 2 to 4 hrs by fluorescence based assay,B,,,BAO_0000190,BAO_0000019,assay format,COc1ccc(-c2cc(Nc3ccccc3)c3c(=O)[nH]c4ccccc4c3c2)cc1,,,CHEMBL4732123,Eur J Med Chem,2021.0,"{'bei': '11.45', 'le': '0.20', 'lle': '-1.61', 'sei': '8.31'}",,CHEMBL4757741,,CHEMBL4757741,4.50,0,http://www.openphacts.org/units/Nanomolar,3557968,=,1,1,=,,IC50,nM,,32000.0,CHEMBL321,Homo sapiens,Matrix metalloproteinase-9,9606,,,IC50,uM,UO_0000065,,32.0,,32000.0,COc1ccc(-c2cc(Nc3ccccc3)c3c(=O)[nH]c4ccccc4c3c2)cc1,inactive
"{'action_type': 'INHIBITOR', 'description': 'Negatively effects (inhibits) the normal functioning of the protein e.g., prevention of enzymatic reaction or activation of downstream pathway', 'parent_type': 'NEGATIVE MODULATOR'}",,22916107,"[{'comments': None, 'relation': '=', 'result_flag': 0, 'standard_relation': '=', 'standard_text_value': None, 'standard_type': 'Time_Lower', 'standard_units': 'hrs', 'standard_value': '2.0', 'text_value': None, 'type': 'Time_Lower', 'units': 'hrs', 'value': '2.0'}, {'comments': None, 'relation': '=', 'result_flag': 0, 'standard_relation': '=', 'standard_text_value': None, 'standard_type': 'Time_Upper', 'standard_units': 'hrs', 'standard_value': '4.25', 'text_value': None, 'type': 'Time_Upper', 'units': 'hrs', 'value': '4.25'}]",CHEMBL4735574,Inhibition of recombinant human MMP9 (107 to 449 residues) using Mca-Pro-Leu-Gly-Leu-Dpa-Ala-Arg-NH2 expressed in Escherichia coli expression system as substrate incubated for 15 mins followed by substrate addition and measured after 2 to 4 hrs by fluorescence based assay,B,,,BAO_0000190,BAO_0000019,assay format,COc1ccc(Nc2cc(-c3ccccc3)cc3c2c(=O)[nH]c2c(OC)c(OC)ccc23)cc1,,,CHEMBL4732123,Eur J Med Chem,2021.0,"{'bei': '10.36', 'le': '0.19', 'lle': '-1.43', 'sei': '6.46'}",,CHEMBL4753504,,CHEMBL4753504,4.69,0,http://www.openphacts.org/units/Nanomolar,3557969,=,1,1,=,,IC50,nM,,20500.0,CHEMBL321,Homo sapiens,Matrix metalloproteinase-9,9606,,,IC50,uM,UO_0000065,,20.5,,20500.0,COc1ccc(Nc2cc(-c3ccccc3)cc3c2c(=O)[nH]c2c(OC)c(OC)ccc23)cc1,inactive
"{'action_type': 'INHIBITOR', 'description': 'Negatively effects (inhibits) the normal functioning of the protein e.g., prevention of enzymatic reaction or activation of downstream pathway', 'parent_type': 'NEGATIVE MODULATOR'}",,22916109,"[{'comments': None, 'relation': '=', 'result_flag': 0, 'standard_relation': '=', 'standard_text_value': None, 'standard_type': 'Time_Lower', 'standard_units': 'hrs', 'standard_value': '2.0', 'text_value': None, 'type': 'Time_Lower', 'units': 'hrs', 'value': '2.0'}, {'comments': None, 'relation': '=', 'result_flag': 0, 'standard_relation': '=', 'standard_text_value': None, 'standard_type': 'Time_Upper', 'standard_units': 'hrs', 'standard_value': '4.25', 'text_value': None, 'type': 'Time_Upper', 'units': 'hrs', 'value': '4.25'}]",CHEMBL4735574,Inhibition of recombinant human MMP9 (107 to 449 residues) using Mca-Pro-Leu-Gly-Leu-Dpa-Ala-Arg-NH2 expressed in Escherichia coli expression system as substrate incubated for 15 mins followed by substrate addition and measured after 2 to 4 hrs by fluorescence based assay,B,,,BAO_0000190,BAO_0000019,assay format,COc1ccc(Nc2cc(-c3cccs3)cc3c2c(=O)[nH]c2ccccc23)cc1,,,CHEMBL4732123,Eur J Med Chem,2021.0,"{'bei': '13.30', 'le': '0.25', 'lle': '-0.86', 'sei': '9.79'}",,CHEMBL4741456,,CHEMBL4741456,5.30,0,http://www.openphacts.org/units/Nanomolar,3557971,=,1,1,=,,IC50,nM,,5000.0,CHEMBL321,Homo sapiens,Matrix metalloproteinase-9,9606,,,IC50,uM,UO_0000065,,5.0,,5000.0,COc1ccc(Nc2cc(-c3cccs3)cc3c2c(=O)[nH]c2ccccc23)cc1,intermediate
"{'action_type': 'INHIBITOR', 'description': 'Negatively effects (inhibits) the normal functioning of the protein e.g., prevention of enzymatic reaction or activation of downstream pathway', 'parent_type': 'NEGATIVE MODULATOR'}",,22916110,"[{'comments': None, 'relation': '=', 'result_flag': 0, 'standard_relation': '=', 'standard_text_value': None, 'standard_type': 'Time_Lower', 'standard_units': 'hrs', 'standard_value': '2.0', 'text_value': None, 'type': 'Time_Lower', 'units': 'hrs', 'value': '2.0'}, {'comments': None, 'relation': '=', 'result_flag': 0, 'standard_relation': '=', 'standard_text_value': None, 'standard_type': 'Time_Upper', 'standard_units': 'hrs', 'standard_value': '4.25', 'text_value': None, 'type': 'Time_Upper', 'units': 'hrs', 'value': '4.25'}]",CHEMBL4735574,Inhibition of recombinant human MMP9 (107 to 449 residues) using Mca-Pro-Leu-Gly-Leu-Dpa-Ala-Arg-NH2 expressed in Escherichia coli expression system as substrate incubated for 15 mins followed by substrate addition and measured after 2 to 4 hrs by fluorescence based assay,B,,,BAO_0000190,BAO_0000019,assay format,COc1ccc(Nc2cc(-c3ccco3)cc3c2c(=O)[nH]c2ccccc23)cc1,,,CHEMBL4732123,Eur J Med Chem,2021.0,"{'bei': '13.19', 'le': '0.24', 'lle': '-0.64', 'sei': '7.50'}",,CHEMBL4777608,,CHEMBL4777608,5.05,0,http://www.openphacts.org/units/Nanomolar,3557972,=,1,1,=,,IC50,nM,,9000.0,CHEMBL321,Homo sapiens,Matrix metalloproteinase-9,9606,,,IC50,uM,UO_0000065,,9.0,,9000.0,COc1ccc(Nc2cc(-c3ccco3)cc3c2c(=O)[nH]c2ccccc23)cc1,intermediate
"{'action_type': 'INHIBITOR', 'description': 'Negatively effects (inhibits) the normal functioning of the protein e.g., prevention of enzymatic reaction or activation of downstream pathway', 'parent_type': 'NEGATIVE MODULATOR'}",,22916113,"[{'comments': None, 'relation': '=', 'result_flag': 0, 'standard_relation': '=', 'standard_text_value': None, 'standard_type': 'Time_Lower', 'standard_units': 'hrs', 'standard_value': '2.0', 'text_value': None, 'type': 'Time_Lower', 'units': 'hrs', 'value': '2.0'}, {'comments': None, 'relation': '=', 'result_flag': 0, 'standard_relation': '=', 'standard_text_value': None, 'standard_type': 'Time_Upper', 'standard_units': 'hrs', 'standard_value': '4.25', 'text_value': None, 'type': 'Time_Upper', 'units': 'hrs', 'value': '4.25'}]",CHEMBL4735574,Inhibition of recombinant human MMP9 (107 to 449 residues) using Mca-Pro-Leu-Gly-Leu-Dpa-Ala-Arg-NH2 expressed in Escherichia coli expression system as substrate incubated for 15 mins followed by substrate addition and measured after 2 to 4 hrs by fluorescence based assay,B,,,BAO_0000190,BAO_0000019,assay format,O=c1[nH]c2ccccc2c2cc(-c3cccs3)cc(Nc3ccccc3)c12,,,CHEMBL4732123,Eur J Med Chem,2021.0,"{'bei': '13.01', 'le': '0.24', 'lle': '-1.36', 'sei': '10.68'}",,CHEMBL4758787,,CHEMBL4758787,4.79,0,http://www.openphacts.org/units/Nanomolar,3557975,=,1,1,=,,IC50,nM,,16100.0,CHEMBL321,Homo sapiens,Matrix metalloproteinase-9,9606,,,IC50,uM,UO_0000065,,16.1,,16100.0,O=c1[nH]c2ccccc2c2cc(-c3cccs3)cc(Nc3ccccc3)c12,inactive
"{'action_type': 'INHIBITOR', 'description': 'Negatively effects (inhibits) the normal functioning of the protein e.g., prevention of enzymatic reaction or activation of downstream pathway', 'parent_type': 'NEGATIVE MODULATOR'}",,22916115,"[{'comments': None, 'relation': '=', 'result_flag': 0, 'standard_relation': '=', 'standard_text_value': None, 'standard_type': 'Time_Lower', 'standard_units': 'hrs', 'standard_value': '2.0', 'text_value': None, 'type': 'Time_Lower', 'units': 'hrs', 'value': '2.0'}, {'comments': None, 'relation': '=', 'result_flag': 0, 'standard_relation': '=', 'standard_text_value': None, 'standard_type': 'Time_Upper', 'standard_units': 'hrs', 'standard_value': '4.25', 'text_value': None, 'type': 'Time_Upper', 'units': 'hrs', 'value': '4.25'}]",CHEMBL4735574,Inhibition of recombinant human MMP9 (107 to 449 residues) using Mca-Pro-Leu-Gly-Leu-Dpa-Ala-Arg-NH2 expressed in Escherichia coli expression system as substrate incubated for 15 mins followed by substrate addition and measured after 2 to 4 hrs by fluorescence based assay,B,,,BAO_0000190,BAO_0000019,assay format,O=c1[nH]c2ccccc2c2cc(-c3cccs3)cc(Nc3ccc(F)cc3)c12,,,CHEMBL4732123,Eur J Med Chem,2021.0,"{'bei': '12.15', 'le': '0.23', 'lle': '-1.59', 'sei': '10.46'}",,CHEMBL4781893,,CHEMBL4781893,4.70,0,http://www.openphacts.org/units/Nanomolar,3557977,=,1,1,=,,IC50,nM,,20100.0,CHEMBL321,Homo sapiens,Matrix metalloproteinase-9,9606,,,IC50,uM,UO_0000065,,20.1,,20100.0,O=c1[nH]c2ccccc2c2cc(-c3cccs3)cc(Nc3ccc(F)cc3)c12,inactive
"{'action_type': 'INHIBITOR', 'description': 'Negatively effects (inhibits) the normal functioning of the protein e.g., prevention of enzymatic reaction or activation of downstream pathway', 'parent_type': 'NEGATIVE MODULATOR'}",,22916117,"[{'comments': None, 'relation': '=', 'result_flag': 0, 'standard_relation': '=', 'standard_text_value': None, 'standard_type': 'Time_Lower', 'standard_units': 'hrs', 'standard_value': '2.0', 'text_value': None, 'type': 'Time_Lower', 'units': 'hrs', 'value': '2.0'}, {'comments': None, 'relation': '=', 'result_flag': 0, 'standard_relation': '=', 'standard_text_value': None, 'standard_type': 'Time_Upper', 'standard_units': 'hrs', 'standard_value': '4.25', 'text_value': None, 'type': 'Time_Upper', 'units': 'hrs', 'value': '4.25'}]",CHEMBL4735574,Inhibition of recombinant human MMP9 (107 to 449 residues) using Mca-Pro-Leu-Gly-Leu-Dpa-Ala-Arg-NH2 expressed in Escherichia coli expression system as substrate incubated for 15 mins followed by substrate addition and measured after 2 to 4 hrs by fluorescence based assay,B,,,BAO_0000190,BAO_0000019,assay format,Cc1cc(C)cc(Nc2cc(-c3ccco3)cc3c2c(=O)[nH]c2ccccc23)c1,,,CHEMBL4732123,Eur J Med Chem,2021.0,"{'bei': '10.69', 'le': '0.19', 'lle': '-2.23', 'sei': '7.01'}",,CHEMBL4751596,,CHEMBL4751596,4.07,0,http://www.openphacts.org/units/Nanomolar,3557979,=,1,1,=,,IC50,nM,,86000.0,CHEMBL321,Homo sapiens,Matrix metalloproteinase-9,9606,,,IC50,uM,UO_0000065,,86.0,,86000.0,Cc1cc(C)cc(Nc2cc(-c3ccco3)cc3c2c(=O)[nH]c2ccccc23)c1,inactive
"{'action_type': 'INHIBITOR', 'description': 'Negatively effects (inhibits) the normal functioning of the protein e.g., prevention of enzymatic reaction or activation of downstream pathway', 'parent_type': 'NEGATIVE MODULATOR'}",,23231066,[],CHEMBL4826790,Inhibition of MMP9 (unknown origin) by colorimetric assay,B,,,BAO_0000190,BAO_0000357,single protein format,Cc1ccc(C(=O)NNC(=O)Cn2c(=O)c(Cc3ccccc3)nc3ccccc32)cc1,,,CHEMBL4825689,Eur J Med Chem,2021.0,"{'bei': '17.91', 'le': '0.33', 'lle': '4.88', 'sei': '8.20'}",,CHEMBL3408913,,CHEMBL3408913,7.64,0,http://www.openphacts.org/units/Nanomolar,3613668,=,1,1,=,,IC50,nM,,23.06,CHEMBL321,Homo sapiens,Matrix metalloproteinase-9,9606,,,IC50,nM,UO_0000065,,23.06,,23.06,Cc1ccc(C(=O)NNC(=O)Cn2c(=O)c(Cc3ccccc3)nc3ccccc32)cc1,active
"{'action_type': 'INHIBITOR', 'description': 'Negatively effects (inhibits) the normal functioning of the protein e.g., prevention of enzymatic reaction or activation of downstream pathway', 'parent_type': 'NEGATIVE MODULATOR'}",,23231067,[],CHEMBL4826790,Inhibition of MMP9 (unknown origin) by colorimetric assay,B,,,BAO_0000190,BAO_0000357,single protein format,NC(=S)NNC(=O)Cn1c(=O)c(Cc2ccccc2)nc2ccccc21,,,CHEMBL4825689,Eur J Med Chem,2021.0,"{'bei': '22.57', 'le': '0.44', 'lle': '7.44', 'sei': '8.13'}",,CHEMBL4871376,,CHEMBL4871376,8.29,0,http://www.openphacts.org/units/Nanomolar,3613675,=,1,1,=,,IC50,nM,,5.074,CHEMBL321,Homo sapiens,Matrix metalloproteinase-9,9606,,,IC50,nM,UO_0000065,,5.074,,5.074,NC(=S)NNC(=O)Cn1c(=O)c(Cc2ccccc2)nc2ccccc21,active
"{'action_type': 'INHIBITOR', 'description': 'Negatively effects (inhibits) the normal functioning of the protein e.g., prevention of enzymatic reaction or activation of downstream pathway', 'parent_type': 'NEGATIVE MODULATOR'}",,23231068,[],CHEMBL4826790,Inhibition of MMP9 (unknown origin) by colorimetric assay,B,,,BAO_0000190,BAO_0000357,single protein format,O=C(Cn1c(=O)c(Cc2ccccc2)nc2ccccc21)NNC(=S)Nc1ccccc1,,,CHEMBL4825689,Eur J Med Chem,2021.0,"{'bei': '18.21', 'le': '0.34', 'lle': '5.07', 'sei': '9.17'}",,CHEMBL4852596,,CHEMBL4852596,8.07,0,http://www.openphacts.org/units/Nanomolar,3613676,=,1,1,=,,IC50,nM,,8.407,CHEMBL321,Homo sapiens,Matrix metalloproteinase-9,9606,,,IC50,nM,UO_0000065,,8.407,,8.407,O=C(Cn1c(=O)c(Cc2ccccc2)nc2ccccc21)NNC(=S)Nc1ccccc1,active
"{'action_type': 'INHIBITOR', 'description': 'Negatively effects (inhibits) the normal functioning of the protein e.g., prevention of enzymatic reaction or activation of downstream pathway', 'parent_type': 'NEGATIVE MODULATOR'}",,23231069,[],CHEMBL4826790,Inhibition of MMP9 (unknown origin) by colorimetric assay,B,,,BAO_0000190,BAO_0000357,single protein format,CCOC(=O)NNC(=O)Cn1c(=O)c(Cc2ccccc2)nc2ccccc21,,,CHEMBL4825689,Eur J Med Chem,2021.0,"{'bei': '21.94', 'le': '0.41', 'lle': '6.59', 'sei': '8.16'}",,CHEMBL4862110,,CHEMBL4862110,8.35,0,http://www.openphacts.org/units/Nanomolar,3613678,=,1,1,=,,IC50,nM,,4.502,CHEMBL321,Homo sapiens,Matrix metalloproteinase-9,9606,,,IC50,nM,UO_0000065,,4.502,,4.502,CCOC(=O)NNC(=O)Cn1c(=O)c(Cc2ccccc2)nc2ccccc21,active
"{'action_type': 'INHIBITOR', 'description': 'Negatively effects (inhibits) the normal functioning of the protein e.g., prevention of enzymatic reaction or activation of downstream pathway', 'parent_type': 'NEGATIVE MODULATOR'}",,23231070,[],CHEMBL4826790,Inhibition of MMP9 (unknown origin) by colorimetric assay,B,,,BAO_0000190,BAO_0000357,single protein format,O=c1c(Cc2ccccc2)nc2ccccc2n1CC(O)CO,,,CHEMBL4825689,Eur J Med Chem,2021.0,"{'bei': '25.88', 'le': '0.48', 'lle': '6.69', 'sei': '10.66'}",,CHEMBL4878125,,CHEMBL4878125,8.03,0,http://www.openphacts.org/units/Nanomolar,3613686,=,1,1,=,,IC50,nM,,9.301,CHEMBL321,Homo sapiens,Matrix metalloproteinase-9,9606,,,IC50,nM,UO_0000065,,9.301,,9.301,O=c1c(Cc2ccccc2)nc2ccccc2n1CC(O)CO,active
"{'action_type': 'INHIBITOR', 'description': 'Negatively effects (inhibits) the normal functioning of the protein e.g., prevention of enzymatic reaction or activation of downstream pathway', 'parent_type': 'NEGATIVE MODULATOR'}",,23231071,[],CHEMBL4826790,Inhibition of MMP9 (unknown origin) by colorimetric assay,B,,,BAO_0000190,BAO_0000357,single protein format,O=c1c(O)c(-c2ccc(O)c(O)c2)oc2cc(O)cc(O)c12,,,CHEMBL4825689,Eur J Med Chem,2021.0,"{'bei': '22.37', 'le': '0.42', 'lle': '4.77', 'sei': '5.15'}",,CHEMBL50,QUERCETIN,CHEMBL50,6.76,0,http://www.openphacts.org/units/Nanomolar,3613688,=,1,1,=,,IC50,nM,,173.8,CHEMBL321,Homo sapiens,Matrix metalloproteinase-9,9606,,,IC50,nM,UO_0000065,,173.8,,173.8,O=c1c(O)c(-c2ccc(O)c(O)c2)oc2cc(O)cc(O)c12,active
"{'action_type': 'INHIBITOR', 'description': 'Negatively effects (inhibits) the normal functioning of the protein e.g., prevention of enzymatic reaction or activation of downstream pathway', 'parent_type': 'NEGATIVE MODULATOR'}",,23231072,[],CHEMBL4826790,Inhibition of MMP9 (unknown origin) by colorimetric assay,B,,,BAO_0000190,BAO_0000357,single protein format,COc1cc(/C=N/NC(N)=S)ccc1O,,,CHEMBL4825689,Eur J Med Chem,2021.0,"{'bei': '30.96', 'le': '0.64', 'lle': '6.41', 'sei': '8.73'}",,CHEMBL242104,,CHEMBL242104,6.97,0,http://www.openphacts.org/units/Nanomolar,3613691,=,1,1,=,,IC50,nM,,105.82,CHEMBL321,Homo sapiens,Matrix metalloproteinase-9,9606,,,IC50,nM,UO_0000065,,105.82,,105.82,COc1cc(/C=N/NC(N)=S)ccc1O,active
"{'action_type': 'INHIBITOR', 'description': 'Negatively effects (inhibits) the normal functioning of the protein e.g., prevention of enzymatic reaction or activation of downstream pathway', 'parent_type': 'NEGATIVE MODULATOR'}",,23231073,[],CHEMBL4826790,Inhibition of MMP9 (unknown origin) by colorimetric assay,B,,,BAO_0000190,BAO_0000357,single protein format,CNC(=O)C(Cc1ccccc1)NC(=O)C(CC(C)C)SC1CCCC1S,,,CHEMBL4825689,Eur J Med Chem,2021.0,"{'bei': '22.62', 'le': '0.47', 'lle': '5.78', 'sei': '15.88'}",,CHEMBL4854379,,CHEMBL4854379,9.24,0,http://www.openphacts.org/units/Nanomolar,3613692,=,1,1,=,,IC50,nM,,0.57,CHEMBL321,Homo sapiens,Matrix metalloproteinase-9,9606,,,IC50,nM,UO_0000065,,0.57,,0.57,CNC(=O)C(Cc1ccccc1)NC(=O)C(CC(C)C)SC1CCCC1S,active
"{'action_type': 'INHIBITOR', 'description': 'Negatively effects (inhibits) the normal functioning of the protein e.g., prevention of enzymatic reaction or activation of downstream pathway', 'parent_type': 'NEGATIVE MODULATOR'}",,23231074,[],CHEMBL4826790,Inhibition of MMP9 (unknown origin) by colorimetric assay,B,,,BAO_0000190,BAO_0000357,single protein format,CC(C)c1ccc(-n2nnc(-c3ccc(S(=O)(=O)NCC(=O)O)cc3)n2)cc1,,,CHEMBL4825689,Eur J Med Chem,2021.0,"{'bei': '17.33', 'le': '0.34', 'lle': '5.14', 'sei': '5.48'}",,CHEMBL4872688,,CHEMBL4872688,6.96,0,http://www.openphacts.org/units/Nanomolar,3613693,=,1,1,=,,IC50,nM,,110.0,CHEMBL321,Homo sapiens,Matrix metalloproteinase-9,9606,,,IC50,nM,UO_0000065,,110.0,,110.0,CC(C)c1ccc(-n2nnc(-c3ccc(S(=O)(=O)NCC(=O)O)cc3)n2)cc1,active
"{'action_type': 'INHIBITOR', 'description': 'Negatively effects (inhibits) the normal functioning of the protein e.g., prevention of enzymatic reaction or activation of downstream pathway', 'parent_type': 'NEGATIVE MODULATOR'}",,23240133,"[{'comments': None, 'relation': '=', 'result_flag': 0, 'standard_relation': '=', 'standard_text_value': None, 'standard_type': 'TIME', 'standard_units': 'hr', 'standard_value': '2.0', 'text_value': None, 'type': 'Time', 'units': 'hrs', 'value': '2.0'}]",CHEMBL4829056,Inhibition of recombinant human MMP9 using QXL520-gamma-Abu-Pro-Cha-Abu-Smc-His-Ala-Dab(5-FAM)-Ala-Lys-NH2 as substrate measured every 5 mins for 2 hrs by FRET assay,B,,,BAO_0000190,BAO_0000357,single protein format,[2H]C([2H])(NC(=O)c1cc(C(=O)NCc2ccc(F)c(C)c2)ncn1)c1ccc(C(=O)O)cc1,,,CHEMBL4828711,Eur J Med Chem,2021.0,"{'bei': '9.78', 'le': '0.18', 'lle': '1.65', 'sei': '3.41'}",,CHEMBL4869361,,CHEMBL4879122,4.13,0,http://www.openphacts.org/units/Nanomolar,3615422,=,1,1,=,,IC50,nM,,74000.0,CHEMBL321,Homo sapiens,Matrix metalloproteinase-9,9606,,,IC50,nM,UO_0000065,,74000.0,,74000.0,[2H]C([2H])(NC(=O)c1cc(C(=O)NCc2ccc(F)c(C)c2)ncn1)c1ccc(C(=O)O)cc1,inactive
,Not Active,23343301,[],CHEMBL4882418,Biochemical assay (FRET) with MMP9,B,,,BAO_0000190,BAO_0000357,single protein format,CCOC(=O)c1cc2cc(-c3cc(C(=O)NCc4ccc(C(=O)O)cc4)nn3C)ccc2[nH]1,,,CHEMBL4507281,,2021.0,"{'bei': '11.31', 'le': '0.21', 'lle': '1.68', 'sei': '4.00'}",,CHEMBL1939876,BI 4394,CHEMBL1939876,5.05,0,http://www.openphacts.org/units/Nanomolar,3359691,=,54,1,=,,IC50,nM,,8900.0,CHEMBL321,Homo sapiens,Matrix metalloproteinase-9,9606,,,IC50,uM,UO_0000065,,8.9,,8900.0,CCOC(=O)c1cc2cc(-c3cc(C(=O)NCc4ccc(C(=O)O)cc4)nn3C)ccc2[nH]1,intermediate
"{'action_type': 'INHIBITOR', 'description': 'Negatively effects (inhibits) the normal functioning of the protein e.g., prevention of enzymatic reaction or activation of downstream pathway', 'parent_type': 'NEGATIVE MODULATOR'}",,24745136,[],CHEMBL5118949,Inhibition of MMP-9 (unknown origin),B,,,BAO_0000190,BAO_0000357,single protein format,CNC(=O)[C@@H](CC(=O)[C@H](CC(C)C)[C@H](CSc1cccs1)C(=O)NO)Cc1ccccc1,,,CHEMBL5113513,J Med Chem,2022.0,"{'bei': '18.88', 'le': '0.38', 'lle': '4.81', 'sei': '9.42'}",,CHEMBL5205063,,CHEMBL5205063,9.00,0,http://www.openphacts.org/units/Nanomolar,3860238,=,1,1,=,,IC50,nM,,1.0,CHEMBL321,Homo sapiens,Matrix metalloproteinase-9,9606,,,IC50,nM,UO_0000065,,1.0,,1.0,CNC(=O)[C@@H](CC(=O)[C@H](CC(C)C)[C@H](CSc1cccs1)C(=O)NO)Cc1ccccc1,active
"{'action_type': 'INHIBITOR', 'description': 'Negatively effects (inhibits) the normal functioning of the protein e.g., prevention of enzymatic reaction or activation of downstream pathway', 'parent_type': 'NEGATIVE MODULATOR'}",,24745137,[],CHEMBL5118949,Inhibition of MMP-9 (unknown origin),B,,,BAO_0000190,BAO_0000357,single protein format,CC1(C)SCCN(S(=O)(=O)c2ccc(Oc3ccccc3)cc2)[C@H]1C(=O)NO,,,CHEMBL5113513,J Med Chem,2022.0,"{'bei': '22.68', 'le': '0.47', 'lle': '6.72', 'sei': '9.99'}",,CHEMBL473539,,CHEMBL473539,9.59,0,http://www.openphacts.org/units/Nanomolar,3860239,=,1,1,=,,IC50,nM,,0.26,CHEMBL321,Homo sapiens,Matrix metalloproteinase-9,9606,,,IC50,nM,UO_0000065,,0.26,,0.26,CC1(C)SCCN(S(=O)(=O)c2ccc(Oc3ccccc3)cc2)[C@H]1C(=O)NO,active
"{'action_type': 'INHIBITOR', 'description': 'Negatively effects (inhibits) the normal functioning of the protein e.g., prevention of enzymatic reaction or activation of downstream pathway', 'parent_type': 'NEGATIVE MODULATOR'}",,24745139,[],CHEMBL5118949,Inhibition of MMP-9 (unknown origin),B,,,BAO_0000190,BAO_0000357,single protein format,C=CC[C@H](C(=O)NO)C(CC(C)C)C(=O)N[C@@H](Cc1ccccc1)C(=O)NC,,,CHEMBL5113513,J Med Chem,2022.0,"{'bei': '21.88', 'le': '0.42', 'lle': '6.70', 'sei': '7.93'}",,CHEMBL5187653,,CHEMBL5187653,8.52,0,http://www.openphacts.org/units/Nanomolar,3860241,=,1,1,=,,IC50,nM,,3.0,CHEMBL321,Homo sapiens,Matrix metalloproteinase-9,9606,,,IC50,nM,UO_0000065,,3.0,,3.0,C=CC[C@H](C(=O)NO)C(CC(C)C)C(=O)N[C@@H](Cc1ccccc1)C(=O)NC,active
"{'action_type': 'INHIBITOR', 'description': 'Negatively effects (inhibits) the normal functioning of the protein e.g., prevention of enzymatic reaction or activation of downstream pathway', 'parent_type': 'NEGATIVE MODULATOR'}",,24745140,[],CHEMBL5118949,Inhibition of MMP-9 (unknown origin),B,,,BAO_0000190,BAO_0000357,single protein format,COc1ccc(S(=O)(=O)N(Cc2ccccc2)[C@@H](C(=O)NO)C(C)C)cc1,,,CHEMBL5113513,J Med Chem,2022.0,"{'bei': '20.63', 'le': '0.41', 'lle': '5.68', 'sei': '8.44'}",,CHEMBL85030,,CHEMBL85030,8.10,0,http://www.openphacts.org/units/Nanomolar,3860242,=,1,1,=,,IC50,nM,,8.0,CHEMBL321,Homo sapiens,Matrix metalloproteinase-9,9606,,,IC50,nM,UO_0000065,,8.0,,8.0,COc1ccc(S(=O)(=O)N(Cc2ccccc2)[C@@H](C(=O)NO)C(C)C)cc1,active
"{'action_type': 'INHIBITOR', 'description': 'Negatively effects (inhibits) the normal functioning of the protein e.g., prevention of enzymatic reaction or activation of downstream pathway', 'parent_type': 'NEGATIVE MODULATOR'}",,24745144,[],CHEMBL5118949,Inhibition of MMP-9 (unknown origin),B,,,BAO_0000190,BAO_0000357,single protein format,CNC(=O)[C@@H](NC(=O)[C@H](CC(C)C)NC(=O)[C@H](S)CCN1C(=O)N(C)C(C)(C)C1=O)C(C)(C)C,,,CHEMBL5113513,J Med Chem,2022.0,"{'bei': '15.21', 'le': '0.31', 'lle': '6.44', 'sei': '5.94'}",,CHEMBL5175662,,CHEMBL5175662,7.60,0,http://www.openphacts.org/units/Nanomolar,3860247,=,1,1,=,,IC50,nM,,25.0,CHEMBL321,Homo sapiens,Matrix metalloproteinase-9,9606,,,IC50,nM,UO_0000065,,25.0,,25.0,CNC(=O)[C@@H](NC(=O)[C@H](CC(C)C)NC(=O)[C@H](S)CCN1C(=O)N(C)C(C)(C)C1=O)C(C)(C)C,active
"{'action_type': 'INHIBITOR', 'description': 'Negatively effects (inhibits) the normal functioning of the protein e.g., prevention of enzymatic reaction or activation of downstream pathway', 'parent_type': 'NEGATIVE MODULATOR'}",,24745145,[],CHEMBL5118949,Inhibition of MMP-9 (unknown origin),B,,,BAO_0000190,BAO_0000357,single protein format,CO[C@H](C(=O)NO)[C@@H](CC(C)C)C(=O)N[C@H](C(=O)Nc1ccccn1)C(C)(C)C,,,CHEMBL5113513,J Med Chem,2022.0,"{'bei': '17.52', 'le': '0.34', 'lle': '5.42', 'sei': '5.52'}",,CHEMBL2107228,SOLIMASTAT,CHEMBL2107228,7.16,0,http://www.openphacts.org/units/Nanomolar,3860248,=,1,1,=,,IC50,nM,,70.0,CHEMBL321,Homo sapiens,Matrix metalloproteinase-9,9606,,,IC50,nM,UO_0000065,,70.0,,70.0,CO[C@H](C(=O)NO)[C@@H](CC(C)C)C(=O)N[C@H](C(=O)Nc1ccccn1)C(C)(C)C,active
"{'action_type': 'INHIBITOR', 'description': 'Negatively effects (inhibits) the normal functioning of the protein e.g., prevention of enzymatic reaction or activation of downstream pathway', 'parent_type': 'NEGATIVE MODULATOR'}",,24745148,[],CHEMBL5118949,Inhibition of MMP-9 (unknown origin),B,,,BAO_0000190,BAO_0000357,single protein format,CC(C)ON([C@@H](CCNC(=O)OCc1ccccc1)C(=O)NO)S(=O)(=O)c1ccc(-c2ccccc2)cc1,,,CHEMBL5113513,J Med Chem,2022.0,"{'bei': '14.39', 'le': '0.28', 'lle': '3.93', 'sei': '5.81'}",,CHEMBL5177819,,CHEMBL5177819,7.80,0,http://www.openphacts.org/units/Nanomolar,3860257,=,1,1,=,,IC50,nM,,16.0,CHEMBL321,Homo sapiens,Matrix metalloproteinase-9,9606,,,IC50,nM,UO_0000065,,16.0,,16.0,CC(C)ON([C@@H](CCNC(=O)OCc1ccccc1)C(=O)NO)S(=O)(=O)c1ccc(-c2ccccc2)cc1,active
"{'action_type': 'INHIBITOR', 'description': 'Negatively effects (inhibits) the normal functioning of the protein e.g., prevention of enzymatic reaction or activation of downstream pathway', 'parent_type': 'NEGATIVE MODULATOR'}",,24745149,[],CHEMBL5118949,Inhibition of MMP-9 (unknown origin),B,,,BAO_0000190,BAO_0000357,single protein format,O=C(CS(=O)(=O)c1ccc(-c2ccccc2)cc1)NO,,,CHEMBL5113513,J Med Chem,2022.0,"{'bei': '23.53', 'le': '0.47', 'lle': '5.22', 'sei': '8.21'}",,CHEMBL5172839,,CHEMBL5172839,6.85,0,http://www.openphacts.org/units/Nanomolar,3860258,=,1,1,=,,IC50,nM,,140.0,CHEMBL321,Homo sapiens,Matrix metalloproteinase-9,9606,,,IC50,nM,UO_0000065,,140.0,,140.0,O=C(CS(=O)(=O)c1ccc(-c2ccccc2)cc1)NO,active
"{'action_type': 'INHIBITOR', 'description': 'Negatively effects (inhibits) the normal functioning of the protein e.g., prevention of enzymatic reaction or activation of downstream pathway', 'parent_type': 'NEGATIVE MODULATOR'}",,24745152,[],CHEMBL5118949,Inhibition of MMP-9 (unknown origin),B,,,BAO_0000190,BAO_0000357,single protein format,NC(=O)CCC(NS(=O)(=O)c1ccc(-c2ccccc2)cc1)C(=O)O,,,CHEMBL5113513,J Med Chem,2022.0,"{'bei': '23.31', 'le': '0.46', 'lle': '7.10', 'sei': '6.67'}",,CHEMBL5206844,,CHEMBL5206844,8.45,0,http://www.openphacts.org/units/Nanomolar,3860262,=,1,1,=,,IC50,nM,,3.571,CHEMBL321,Homo sapiens,Matrix metalloproteinase-9,9606,,,IC50,nM,UO_0000065,,3.571,,3.571,NC(=O)CCC(NS(=O)(=O)c1ccc(-c2ccccc2)cc1)C(=O)O,active
"{'action_type': 'INHIBITOR', 'description': 'Negatively effects (inhibits) the normal functioning of the protein e.g., prevention of enzymatic reaction or activation of downstream pathway', 'parent_type': 'NEGATIVE MODULATOR'}",,24745153,[],CHEMBL5118949,Inhibition of MMP-9 (unknown origin),B,,,BAO_0000190,BAO_0000357,single protein format,CCNC(=O)CCC(NS(=O)(=O)c1ccc(-c2ccccc2)cc1)C(=O)O,,,CHEMBL5113513,J Med Chem,2022.0,"{'bei': '22.86', 'le': '0.45', 'lle': '6.92', 'sei': '7.93'}",,CHEMBL5205275,,CHEMBL5205275,8.92,0,http://www.openphacts.org/units/Nanomolar,3860263,=,1,1,=,,IC50,nM,,1.19,CHEMBL321,Homo sapiens,Matrix metalloproteinase-9,9606,,,IC50,nM,UO_0000065,,1.19,,1.19,CCNC(=O)CCC(NS(=O)(=O)c1ccc(-c2ccccc2)cc1)C(=O)O,active
"{'action_type': 'INHIBITOR', 'description': 'Negatively effects (inhibits) the normal functioning of the protein e.g., prevention of enzymatic reaction or activation of downstream pathway', 'parent_type': 'NEGATIVE MODULATOR'}",,24745154,[],CHEMBL5118949,Inhibition of MMP-9 (unknown origin),B,,,BAO_0000190,BAO_0000357,single protein format,O=C(CCC(NS(=O)(=O)c1ccc(-c2ccccc2)cc1)C(=O)O)NCc1ccccc1,,,CHEMBL5113513,J Med Chem,2022.0,"{'bei': '20.23', 'le': '0.39', 'lle': '5.97', 'sei': '8.13'}",,CHEMBL5174280,,CHEMBL5174280,9.15,0,http://www.openphacts.org/units/Nanomolar,3860264,=,1,1,=,,IC50,nM,,0.704,CHEMBL321,Homo sapiens,Matrix metalloproteinase-9,9606,,,IC50,nM,UO_0000065,,0.7040000000000001,,0.704,O=C(CCC(NS(=O)(=O)c1ccc(-c2ccccc2)cc1)C(=O)O)NCc1ccccc1,active
"{'action_type': 'INHIBITOR', 'description': 'Negatively effects (inhibits) the normal functioning of the protein e.g., prevention of enzymatic reaction or activation of downstream pathway', 'parent_type': 'NEGATIVE MODULATOR'}",,24745213,"[{'comments': None, 'relation': '<=', 'result_flag': 0, 'standard_relation': '<=', 'standard_text_value': None, 'standard_type': 'TIME', 'standard_units': 'hr', 'standard_value': '0.5', 'text_value': None, 'type': 'Time', 'units': 'min', 'value': '30.0'}]",CHEMBL5118956,Inhibition of MMP-9 (unknown origin) catalytic activity using Ac-PLG-[2-mercapto-4-methylpentanoyl]-LG-OC2H5 as substrate and measured upto 30 mins by microplate reader analysis,B,,,BAO_0000190,BAO_0000357,single protein format,CN(C)c1ccc(-c2cn(-c3ccc(S(=O)(=O)C4(C(=O)NO)CCOCC4)cc3)nn2)cc1,,,CHEMBL5113513,J Med Chem,2022.0,"{'bei': '15.60', 'le': '0.30', 'lle': '5.53', 'sei': '5.81'}",,CHEMBL5176328,,CHEMBL5176328,7.36,0,http://www.openphacts.org/units/Nanomolar,3860251,=,1,1,=,,IC50,nM,,43.9,CHEMBL321,Homo sapiens,Matrix metalloproteinase-9,9606,,,IC50,nM,UO_0000065,,43.9,,43.9,CN(C)c1ccc(-c2cn(-c3ccc(S(=O)(=O)C4(C(=O)NO)CCOCC4)cc3)nn2)cc1,active
"{'action_type': 'INHIBITOR', 'description': 'Negatively effects (inhibits) the normal functioning of the protein e.g., prevention of enzymatic reaction or activation of downstream pathway', 'parent_type': 'NEGATIVE MODULATOR'}",,24745214,"[{'comments': None, 'relation': '<=', 'result_flag': 0, 'standard_relation': '<=', 'standard_text_value': None, 'standard_type': 'TIME', 'standard_units': 'hr', 'standard_value': '0.5', 'text_value': None, 'type': 'Time', 'units': 'min', 'value': '30.0'}]",CHEMBL5118956,Inhibition of MMP-9 (unknown origin) catalytic activity using Ac-PLG-[2-mercapto-4-methylpentanoyl]-LG-OC2H5 as substrate and measured upto 30 mins by microplate reader analysis,B,,,BAO_0000190,BAO_0000357,single protein format,O=C(NO)C1(S(=O)(=O)c2ccc(-n3cc(-c4ccc(-c5ccccc5)cc4)nn3)cc2)CCOCC1,,,CHEMBL5113513,J Med Chem,2022.0,"{'bei': '13.89', 'le': '0.27', 'lle': '3.58', 'sei': '5.68'}",,CHEMBL5198463,,CHEMBL5198463,7.01,0,http://www.openphacts.org/units/Nanomolar,3860252,=,1,1,=,,IC50,nM,,98.0,CHEMBL321,Homo sapiens,Matrix metalloproteinase-9,9606,,,IC50,nM,UO_0000065,,98.0,,98.0,O=C(NO)C1(S(=O)(=O)c2ccc(-n3cc(-c4ccc(-c5ccccc5)cc4)nn3)cc2)CCOCC1,active
"{'action_type': 'INHIBITOR', 'description': 'Negatively effects (inhibits) the normal functioning of the protein e.g., prevention of enzymatic reaction or activation of downstream pathway', 'parent_type': 'NEGATIVE MODULATOR'}",,24745215,"[{'comments': None, 'relation': '<=', 'result_flag': 0, 'standard_relation': '<=', 'standard_text_value': None, 'standard_type': 'TIME', 'standard_units': 'hr', 'standard_value': '0.5', 'text_value': None, 'type': 'Time', 'units': 'min', 'value': '30.0'}]",CHEMBL5118956,Inhibition of MMP-9 (unknown origin) catalytic activity using Ac-PLG-[2-mercapto-4-methylpentanoyl]-LG-OC2H5 as substrate and measured upto 30 mins by microplate reader analysis,B,,,BAO_0000190,BAO_0000357,single protein format,COc1ccc(-c2cn(-c3ccc(S(=O)(=O)C4(C(=O)NO)CCOCC4)cc3)nn2)cc1,,,CHEMBL5113513,J Med Chem,2022.0,"{'bei': '17.33', 'le': '0.34', 'lle': '6.18', 'sei': '5.99'}",,CHEMBL5199189,,CHEMBL5199189,7.95,0,http://www.openphacts.org/units/Nanomolar,3860253,=,1,1,=,,IC50,nM,,11.3,CHEMBL321,Homo sapiens,Matrix metalloproteinase-9,9606,,,IC50,nM,UO_0000065,,11.3,,11.3,COc1ccc(-c2cn(-c3ccc(S(=O)(=O)C4(C(=O)NO)CCOCC4)cc3)nn2)cc1,active
"{'action_type': 'INHIBITOR', 'description': 'Negatively effects (inhibits) the normal functioning of the protein e.g., prevention of enzymatic reaction or activation of downstream pathway', 'parent_type': 'NEGATIVE MODULATOR'}",,24745217,"[{'comments': None, 'relation': '<=', 'result_flag': 0, 'standard_relation': '<=', 'standard_text_value': None, 'standard_type': 'TIME', 'standard_units': 'hr', 'standard_value': '0.5', 'text_value': None, 'type': 'Time', 'units': 'min', 'value': '30.0'}]",CHEMBL5118956,Inhibition of MMP-9 (unknown origin) catalytic activity using Ac-PLG-[2-mercapto-4-methylpentanoyl]-LG-OC2H5 as substrate and measured upto 30 mins by microplate reader analysis,B,,,BAO_0000190,BAO_0000357,single protein format,O=C(NO)C(Cc1ccccc1)NS(=O)(=O)c1ccc(-c2cn(-c3ccc(-c4ccccc4)cc3)nn2)cc1,,,CHEMBL5113513,J Med Chem,2022.0,"{'bei': '15.30', 'le': '0.29', 'lle': '4.26', 'sei': '6.54'}",,CHEMBL5182668,,CHEMBL5182668,8.26,0,http://www.openphacts.org/units/Nanomolar,3860255,=,1,1,=,,IC50,nM,,5.54,CHEMBL321,Homo sapiens,Matrix metalloproteinase-9,9606,,,IC50,nM,UO_0000065,,5.54,,5.54,O=C(NO)C(Cc1ccccc1)NS(=O)(=O)c1ccc(-c2cn(-c3ccc(-c4ccccc4)cc3)nn2)cc1,active
"{'action_type': 'INHIBITOR', 'description': 'Negatively effects (inhibits) the normal functioning of the protein e.g., prevention of enzymatic reaction or activation of downstream pathway', 'parent_type': 'NEGATIVE MODULATOR'}",,24745228,[],CHEMBL5118965,Inhibition of MMP-9 (unknown origin) using Mca-Pro-Leu-Gly-Leu-Dpa-Ala-Arg-NH2 as substrate by fluorimetric assay,B,,,BAO_0000190,BAO_0000357,single protein format,O=C(NCCCCC(NS(=O)(=O)c1ccc(-c2ccccc2)cc1)C(=O)O)OCc1ccccc1,,,CHEMBL5113513,J Med Chem,2022.0,"{'bei': '11.57', 'le': '0.22', 'lle': '1.56', 'sei': '4.72'}",,CHEMBL5171326,,CHEMBL5171326,5.75,0,http://www.openphacts.org/units/Nanomolar,3860265,=,1,1,=,,IC50,nM,,1800.0,CHEMBL321,Homo sapiens,Matrix metalloproteinase-9,9606,,,IC50,nM,UO_0000065,,1800.0,,1800.0,O=C(NCCCCC(NS(=O)(=O)c1ccc(-c2ccccc2)cc1)C(=O)O)OCc1ccccc1,intermediate
"{'action_type': 'INHIBITOR', 'description': 'Negatively effects (inhibits) the normal functioning of the protein e.g., prevention of enzymatic reaction or activation of downstream pathway', 'parent_type': 'NEGATIVE MODULATOR'}",,24745229,[],CHEMBL5118965,Inhibition of MMP-9 (unknown origin) using Mca-Pro-Leu-Gly-Leu-Dpa-Ala-Arg-NH2 as substrate by fluorimetric assay,B,,,BAO_0000190,BAO_0000357,single protein format,O=C(NCCCCC(NS(=O)(=O)c1ccc(-c2ccc(Cl)cc2)cc1)C(=O)O)OCc1ccccc1,,,CHEMBL5113513,J Med Chem,2022.0,"{'bei': '11.48', 'le': '0.23', 'lle': '1.26', 'sei': '5.01'}",,CHEMBL5194517,,CHEMBL5194517,6.10,0,http://www.openphacts.org/units/Nanomolar,3860266,=,1,1,=,,IC50,nM,,800.0,CHEMBL321,Homo sapiens,Matrix metalloproteinase-9,9606,,,IC50,nM,UO_0000065,,800.0,,800.0,O=C(NCCCCC(NS(=O)(=O)c1ccc(-c2ccc(Cl)cc2)cc1)C(=O)O)OCc1ccccc1,active
"{'action_type': 'INHIBITOR', 'description': 'Negatively effects (inhibits) the normal functioning of the protein e.g., prevention of enzymatic reaction or activation of downstream pathway', 'parent_type': 'NEGATIVE MODULATOR'}",,24745230,[],CHEMBL5118965,Inhibition of MMP-9 (unknown origin) using Mca-Pro-Leu-Gly-Leu-Dpa-Ala-Arg-NH2 as substrate by fluorimetric assay,B,,,BAO_0000190,BAO_0000357,single protein format,NCCCCC(NS(=O)(=O)c1ccc(-c2ccccc2)cc1)C(=O)O,,,CHEMBL5113513,J Med Chem,2022.0,"{'bei': '12.13', 'le': '0.24', 'lle': '2.19', 'sei': '4.02'}",,CHEMBL5205118,,CHEMBL5205118,4.40,0,http://www.openphacts.org/units/Nanomolar,3860267,=,1,1,=,,IC50,nM,,40000.0,CHEMBL321,Homo sapiens,Matrix metalloproteinase-9,9606,,,IC50,nM,UO_0000065,,40000.0,,40000.0,NCCCCC(NS(=O)(=O)c1ccc(-c2ccccc2)cc1)C(=O)O,inactive
"{'action_type': 'INHIBITOR', 'description': 'Negatively effects (inhibits) the normal functioning of the protein e.g., prevention of enzymatic reaction or activation of downstream pathway', 'parent_type': 'NEGATIVE MODULATOR'}",,24745247,[],CHEMBL5118970,Inhibition of recombinant human MMP-9 using peptide substrate by ELISA,B,,,BAO_0000190,BAO_0000357,single protein format,NC1CCCCC1NC(=O)P(=O)(O)O,,,CHEMBL5113513,J Med Chem,2022.0,"{'bei': '34.65', 'le': '0.75', 'lle': '7.56', 'sei': '6.83'}",,CHEMBL5196672,,CHEMBL5196672,7.70,0,http://www.openphacts.org/units/Nanomolar,3860270,=,1,1,=,,IC50,nM,,20.0,CHEMBL321,Homo sapiens,Matrix metalloproteinase-9,9606,,,IC50,nM,UO_0000065,,20.0,,20.0,NC1CCCCC1NC(=O)P(=O)(O)O,active
"{'action_type': 'INHIBITOR', 'description': 'Negatively effects (inhibits) the normal functioning of the protein e.g., prevention of enzymatic reaction or activation of downstream pathway', 'parent_type': 'NEGATIVE MODULATOR'}",,24786188,[],CHEMBL5130776,Inhibition of MMP9 in human U2OS cells by peptide microarray-based fluorescence assay,B,,,BAO_0000190,BAO_0000219,cell-based format,O=c1c2cc(O)c(O)cc2oc2cc(O)c([C@@H]3O[C@H](CO)[C@@H](O)[C@H](O)[C@H]3O)c(O)c12,,,CHEMBL5126637,J Nat Prod,2022.0,"{'bei': '15.63', 'le': '0.30', 'lle': '7.32', 'sei': '3.28'}",,CHEMBL464825,MANGIFERIN,CHEMBL464825,6.60,0,http://www.openphacts.org/units/Nanomolar,3868863,=,1,1,=,,IC50,nM,,250.0,CHEMBL321,Homo sapiens,Matrix metalloproteinase-9,9606,,,IC50,nM,UO_0000065,,250.0,,250.0,O=c1c2cc(O)c(O)cc2oc2cc(O)c([C@@H]3O[C@H](CO)[C@@H](O)[C@H](O)[C@H]3O)c(O)c12,active
"{'action_type': 'INHIBITOR', 'description': 'Negatively effects (inhibits) the normal functioning of the protein e.g., prevention of enzymatic reaction or activation of downstream pathway', 'parent_type': 'NEGATIVE MODULATOR'}",,24786189,[],CHEMBL5130776,Inhibition of MMP9 in human U2OS cells by peptide microarray-based fluorescence assay,B,,,BAO_0000190,BAO_0000219,cell-based format,O=C(/C=C/c1ccc(O)cc1)c1ccc(O)cc1O,,,CHEMBL5126637,J Nat Prod,2022.0,"{'bei': '31.22', 'le': '0.58', 'lle': '5.30', 'sei': '10.29'}",,CHEMBL129795,ISOLIQUIRITIGENIN,CHEMBL129795,8.00,0,http://www.openphacts.org/units/Nanomolar,3868865,=,1,1,=,,IC50,nM,,10.0,CHEMBL321,Homo sapiens,Matrix metalloproteinase-9,9606,,,IC50,nM,UO_0000065,,10.0,,10.0,O=C(/C=C/c1ccc(O)cc1)c1ccc(O)cc1O,active
"{'action_type': 'INHIBITOR', 'description': 'Negatively effects (inhibits) the normal functioning of the protein e.g., prevention of enzymatic reaction or activation of downstream pathway', 'parent_type': 'NEGATIVE MODULATOR'}",,24786190,[],CHEMBL5130776,Inhibition of MMP9 in human U2OS cells by peptide microarray-based fluorescence assay,B,,,BAO_0000190,BAO_0000219,cell-based format,CNC(=O)[C@@H](NC(=O)[C@H](CC(C)C)[C@H](O)C(=O)NO)C(C)(C)C,,,CHEMBL5126637,J Nat Prod,2022.0,"{'bei': '18.41', 'le': '0.36', 'lle': '6.31', 'sei': '4.77'}",,CHEMBL279785,MARIMASTAT,CHEMBL279785,6.10,0,http://www.openphacts.org/units/Nanomolar,3868866,=,1,1,=,,IC50,nM,,795.0,CHEMBL321,Homo sapiens,Matrix metalloproteinase-9,9606,,,IC50,nM,UO_0000065,,795.0,,795.0,CNC(=O)[C@@H](NC(=O)[C@H](CC(C)C)[C@H](O)C(=O)NO)C(C)(C)C,active
"{'action_type': 'INHIBITOR', 'description': 'Negatively effects (inhibits) the normal functioning of the protein e.g., prevention of enzymatic reaction or activation of downstream pathway', 'parent_type': 'NEGATIVE MODULATOR'}",,24930076,"[{'comments': None, 'relation': '=', 'result_flag': 0, 'standard_relation': '=', 'standard_text_value': None, 'standard_type': 'TIME', 'standard_units': 'hr', 'standard_value': '0.25', 'text_value': None, 'type': 'Time', 'units': 'min', 'value': '15.0'}]",CHEMBL5168846,Inhibition of recombinant human MMP9 using MOCAc-Pro-Leu-Gly-Leu-A2pr(Dnp)-Ala-Arg-NH2 as substrate preincubated for 15 mins followed by substrate addition by fluroscence based assay,B,,,BAO_0000190,BAO_0000357,single protein format,CNC(=O)[C@H](Cc1c[nH]c2ccccc12)NC(=O)[C@@H](CC(=O)NO)CC(C)C,,,CHEMBL5154944,J Med Chem,2022.0,"{'bei': '23.19', 'le': '0.44', 'lle': '7.51', 'sei': '7.31'}",,CHEMBL19611,ILOMASTAT,CHEMBL19611,9.01,0,http://www.openphacts.org/units/Nanomolar,3896830,=,1,1,=,,IC50,nM,,0.98,CHEMBL321,Homo sapiens,Matrix metalloproteinase-9,9606,,,IC50,nM,UO_0000065,,0.98,,0.98,CNC(=O)[C@H](Cc1c[nH]c2ccccc12)NC(=O)[C@@H](CC(=O)NO)CC(C)C,active
"{'action_type': 'INHIBITOR', 'description': 'Negatively effects (inhibits) the normal functioning of the protein e.g., prevention of enzymatic reaction or activation of downstream pathway', 'parent_type': 'NEGATIVE MODULATOR'}",,24930078,"[{'comments': None, 'relation': '=', 'result_flag': 0, 'standard_relation': '=', 'standard_text_value': None, 'standard_type': 'TIME', 'standard_units': 'hr', 'standard_value': '0.25', 'text_value': None, 'type': 'Time', 'units': 'min', 'value': '15.0'}]",CHEMBL5168846,Inhibition of recombinant human MMP9 using MOCAc-Pro-Leu-Gly-Leu-A2pr(Dnp)-Ala-Arg-NH2 as substrate preincubated for 15 mins followed by substrate addition by fluroscence based assay,B,,,BAO_0000190,BAO_0000357,single protein format,CC[C@H](C)[C@@H](C(=O)N1CCC[C@H]1CC(N)=O)N(C)C(=O)[C@H](CC(C)C)NC(=O)[C@H](C)NC(=O)[C@H](CC(=O)O)NC(=O)[C@H](CC(N)=O)NC(=O)CCCNS(=O)(=O)c1ccc(Oc2ccccc2)cc1,,,CHEMBL5154944,J Med Chem,2022.0,"{'bei': '6.84', 'le': '0.13', 'lle': '6.11', 'sei': '2.01'}",,CHEMBL5182207,,CHEMBL5182207,6.74,0,http://www.openphacts.org/units/Nanomolar,3896843,=,1,1,=,,IC50,nM,,181.0,CHEMBL321,Homo sapiens,Matrix metalloproteinase-9,9606,,,IC50,nM,UO_0000065,,181.0,,181.0,CC[C@H](C)[C@@H](C(=O)N1CCC[C@H]1CC(N)=O)N(C)C(=O)[C@H](CC(C)C)NC(=O)[C@H](C)NC(=O)[C@H](CC(=O)O)NC(=O)[C@H](CC(N)=O)NC(=O)CCCNS(=O)(=O)c1ccc(Oc2ccccc2)cc1,active
,,24956826,"[{'comments': None, 'relation': '=', 'result_flag': 0, 'standard_relation': '=', 'standard_text_value': None, 'standard_type': 'Selectivity number of off-targets', 'standard_units': None, 'standard_value': '4.0', 'text_value': None, 'type': 'Selectivity number of off-targets', 'units': None, 'value': '4.0'}, {'comments': None, 'relation': '=', 'result_flag': 0, 'standard_relation': '=', 'standard_text_value': None, 'standard_type': 'Selectivity number of targets', 'standard_units': None, 'standard_value': '68.0', 'text_value': None, 'type': 'Selectivity number of targets', 'units': None, 'value': '68.0'}, {'comments': None, 'relation': None, 'result_flag': 0, 'standard_relation': None, 'standard_text_value': 'Screened at 10 µM (in vitro)', 'standard_type': 'Selectivity Remarks', 'standard_units': None, 'standard_value': None, 'text_value': 'Screened at 10 µM (in vitro)', 'type': 'Selectivity Remarks', 'units': None, 'value': None}, {'comments': None, 'relation': None, 'result_flag': 0, 'standard_relation': None, 'standard_text_value': 'https://www.sgc-ffm.uni-frankfurt.de/#!specificprobeoverview/BAY-7598', 'standard_type': 'Selectivity Source Knowledge', 'standard_units': None, 'standard_value': None, 'text_value': 'https://www.sgc-ffm.uni-frankfurt.de/#!specificprobeoverview/BAY-7598', 'type': 'Selectivity Source Knowledge', 'units': None, 'value': None}]",CHEMBL5213672,"Selectivity interaction (Lead profiling screen (Eurofins, enzymes, transporters, GPCRs, ion chanels)) EUB0000728a MMP9",B,,,BAO_0000190,BAO_0000357,single protein format,O=C(O)[C@H]1[C@H](Cn2nnc3ccccc3c2=O)CC[C@@H]1C(=O)c1ccc(OCCC2CCOCC2)cc1,,,CHEMBL5212743,,2023.0,"{'bei': '12.53', 'le': '0.23', 'lle': '2.74', 'sei': '5.25'}",,CHEMBL4585243,BAY-7598,CHEMBL4585243,6.34,0,http://www.openphacts.org/units/Nanomolar,3898342,=,65,1,=,,IC50,nM,,460.0,CHEMBL321,Homo sapiens,Matrix metalloproteinase-9,9606,,,IC50,nM,UO_0000065,,460.0,,460.0,O=C(O)[C@H]1[C@H](Cn2nnc3ccccc3c2=O)CC[C@@H]1C(=O)c1ccc(OCCC2CCOCC2)cc1,active
,,24956970,"[{'comments': None, 'relation': None, 'result_flag': 0, 'standard_relation': None, 'standard_text_value': 'MMP13 collagen degradation assay (Rapid collagen assay from Condrex, full length MMP13): IC50 = 11 nM, PMID: 22017539;', 'standard_type': 'Selectivity Comments', 'standard_units': None, 'standard_value': None, 'text_value': 'MMP13 collagen degradation assay (Rapid collagen assay from Condrex, full length MMP13): IC50 = 11 nM, PMID: 22017539;', 'type': 'Selectivity Comments', 'units': None, 'value': None}, {'comments': None, 'relation': '=', 'result_flag': 0, 'standard_relation': '=', 'standard_text_value': None, 'standard_type': 'Selectivity number of off-targets', 'standard_units': None, 'standard_value': '0.0', 'text_value': None, 'type': 'Selectivity number of off-targets', 'units': None, 'value': '0.0'}, {'comments': None, 'relation': '=', 'result_flag': 0, 'standard_relation': '=', 'standard_text_value': None, 'standard_type': 'Selectivity number of targets', 'standard_units': None, 'standard_value': '10.0', 'text_value': None, 'type': 'Selectivity number of targets', 'units': None, 'value': '10.0'}, {'comments': None, 'relation': None, 'result_flag': 0, 'standard_relation': None, 'standard_text_value': 'In-vitro potency (highly selective)', 'standard_type': 'Selectivity Remarks', 'standard_units': None, 'standard_value': None, 'text_value': 'In-vitro potency (highly selective)', 'type': 'Selectivity Remarks', 'units': None, 'value': None}, {'comments': None, 'relation': None, 'result_flag': 0, 'standard_relation': None, 'standard_text_value': 'https://doi.org/10.1021/jm201129m, https://www.sgc-ffm.uni-frankfurt.de/#!specificprobeoverview/BI-4394', 'standard_type': 'Selectivity Source Knowledge', 'standard_units': None, 'standard_value': None, 'text_value': 'https://doi.org/10.1021/jm201129m, https://www.sgc-ffm.uni-frankfurt.de/#!specificprobeoverview/BI-4394', 'type': 'Selectivity Source Knowledge', 'units': None, 'value': None}]",CHEMBL5213707,Selectivity interaction (MMPs panel (FRET assay)) EUB0000730a MMP9,B,,,BAO_0000190,BAO_0000357,single protein format,CCOC(=O)c1cc2cc(-c3cc(C(=O)NCc4ccc(C(=O)O)cc4)nn3C)ccc2[nH]1,,,CHEMBL5212743,,2023.0,"{'bei': '11.31', 'le': '0.21', 'lle': '1.68', 'sei': '4.00'}",,CHEMBL1939876,BI 4394,CHEMBL1939876,5.05,0,http://www.openphacts.org/units/Nanomolar,3898360,=,65,1,=,,IC50,nM,,8900.0,CHEMBL321,Homo sapiens,Matrix metalloproteinase-9,9606,,,IC50,uM,UO_0000065,,8.9,,8900.0,CCOC(=O)c1cc2cc(-c3cc(C(=O)NCc4ccc(C(=O)O)cc4)nn3C)ccc2[nH]1,intermediate
"{'action_type': 'INHIBITOR', 'description': 'Negatively effects (inhibits) the normal functioning of the protein e.g., prevention of enzymatic reaction or activation of downstream pathway', 'parent_type': 'NEGATIVE MODULATOR'}",,24972831,[],CHEMBL5223591,Inhibition of MMP-9 (unknown origin),B,,,BAO_0000190,BAO_0000357,single protein format,COc1ccc(-c2ccc(S(=O)(=O)N(OC(C)C)[C@H](CCC3C(=O)c4ccccc4C3=O)C(=O)NO)cc2)cc1,,,CHEMBL5223078,J Med Chem,2021.0,"{'bei': '16.53', 'le': '0.32', 'lle': '5.33', 'sei': '6.72'}",,CHEMBL5268799,,CHEMBL5268799,9.37,0,http://www.openphacts.org/units/Nanomolar,3902416,=,1,1,=,,IC50,nM,,0.43,CHEMBL321,Homo sapiens,Matrix metalloproteinase-9,9606,,,IC50,nM,UO_0000065,,0.43,,0.43,COc1ccc(-c2ccc(S(=O)(=O)N(OC(C)C)[C@H](CCC3C(=O)c4ccccc4C3=O)C(=O)NO)cc2)cc1,active
"{'action_type': 'INHIBITOR', 'description': 'Negatively effects (inhibits) the normal functioning of the protein e.g., prevention of enzymatic reaction or activation of downstream pathway', 'parent_type': 'NEGATIVE MODULATOR'}",,24972833,[],CHEMBL5223591,Inhibition of MMP-9 (unknown origin),B,,,BAO_0000190,BAO_0000357,single protein format,CCc1ccc(C#Cc2ccc(S(=O)(=O)N[C@H](C(=O)O)C(C)C)s2)cc1,,,CHEMBL5223078,J Med Chem,2021.0,"{'bei': '21.34', 'le': '0.44', 'lle': '5.26', 'sei': '10.01'}",,CHEMBL5281153,,CHEMBL5281153,8.36,0,http://www.openphacts.org/units/Nanomolar,3902418,=,1,1,=,,IC50,nM,,4.4,CHEMBL321,Homo sapiens,Matrix metalloproteinase-9,9606,,,IC50,nM,UO_0000065,,4.4,,4.4,CCc1ccc(C#Cc2ccc(S(=O)(=O)N[C@H](C(=O)O)C(C)C)s2)cc1,active
"{'action_type': 'INHIBITOR', 'description': 'Negatively effects (inhibits) the normal functioning of the protein e.g., prevention of enzymatic reaction or activation of downstream pathway', 'parent_type': 'NEGATIVE MODULATOR'}",,24972835,[],CHEMBL5223591,Inhibition of MMP-9 (unknown origin),B,,,BAO_0000190,BAO_0000357,single protein format,O=S(=O)(CC1CS1)c1ccc(Oc2ccccc2)cc1,,,CHEMBL5223078,J Med Chem,2021.0,"{'bei': '20.88', 'le': '0.44', 'lle': '3.03', 'sei': '14.75'}",,CHEMBL483857,,CHEMBL483857,6.40,0,http://www.openphacts.org/units/Nanomolar,3902420,=,1,1,=,,IC50,nM,,400.0,CHEMBL321,Homo sapiens,Matrix metalloproteinase-9,9606,,,IC50,nM,UO_0000065,,400.0,,400.0,O=S(=O)(CC1CS1)c1ccc(Oc2ccccc2)cc1,active
"{'action_type': 'INHIBITOR', 'description': 'Negatively effects (inhibits) the normal functioning of the protein e.g., prevention of enzymatic reaction or activation of downstream pathway', 'parent_type': 'NEGATIVE MODULATOR'}",,24989469,"[{'comments': None, 'relation': '=', 'result_flag': 0, 'standard_relation': '=', 'standard_text_value': None, 'standard_type': 'TIME', 'standard_units': 'hr', 'standard_value': '3.25', 'text_value': None, 'type': 'TIME', 'units': 'min', 'value': '195.0'}]",CHEMBL5229261,Inhibition of human recombinant MMP-9 expressed in CHO cells using Mca-Lys-Pro-Leu-Gly-Leu-Dap(Dnp)-Ala-Arg-NH2 as substrate preincubated with enzyme for 3 hrs followed by substrate addition and measured every 10 secs for 15 mins by fluorescence based analysis,B,,,BAO_0000190,BAO_0000219,cell-based format,O=C(CCCNC(=O)c1cccc(C(=O)NCCCC(=O)NCCC[C@@H](NS(=O)(=O)c2ccc(OCc3cc(Br)cc(Br)c3)cc2)C(=O)NO)c1)NCCC[C@@H](NS(=O)(=O)c1ccc(OCc2cc(Br)cc(Br)c2)cc1)C(=O)NO,,,CHEMBL5226358,ACS Med Chem Lett,2021.0,"{'bei': '3.91', 'le': None, 'lle': None, 'sei': None}",,CHEMBL5267938,,CHEMBL5267938,5.48,0,http://www.openphacts.org/units/Nanomolar,3907482,=,1,1,=,,IC50,nM,,3320.0,CHEMBL321,Homo sapiens,Matrix metalloproteinase-9,9606,,,IC50,nM,UO_0000065,,3320.0,,3320.0,O=C(CCCNC(=O)c1cccc(C(=O)NCCCC(=O)NCCC[C@@H](NS(=O)(=O)c2ccc(OCc3cc(Br)cc(Br)c3)cc2)C(=O)NO)c1)NCCC[C@@H](NS(=O)(=O)c1ccc(OCc2cc(Br)cc(Br)c2)cc1)C(=O)NO,intermediate
"{'action_type': 'INHIBITOR', 'description': 'Negatively effects (inhibits) the normal functioning of the protein e.g., prevention of enzymatic reaction or activation of downstream pathway', 'parent_type': 'NEGATIVE MODULATOR'}",,24989470,"[{'comments': None, 'relation': '=', 'result_flag': 0, 'standard_relation': '=', 'standard_text_value': None, 'standard_type': 'TIME', 'standard_units': 'hr', 'standard_value': '3.25', 'text_value': None, 'type': 'TIME', 'units': 'min', 'value': '195.0'}]",CHEMBL5229261,Inhibition of human recombinant MMP-9 expressed in CHO cells using Mca-Lys-Pro-Leu-Gly-Leu-Dap(Dnp)-Ala-Arg-NH2 as substrate preincubated with enzyme for 3 hrs followed by substrate addition and measured every 10 secs for 15 mins by fluorescence based analysis,B,,,BAO_0000190,BAO_0000219,cell-based format,O=C(NCCC[C@@H](NS(=O)(=O)c1ccc(OCc2cc(Br)cc(Br)c2)cc1)C(=O)NO)c1cccc(C(=O)NCCC[C@@H](NS(=O)(=O)c2ccc(OCc3cc(Br)cc(Br)c3)cc2)C(=O)NO)c1,,,CHEMBL5226358,ACS Med Chem Lett,2021.0,"{'bei': '4.10', 'le': None, 'lle': None, 'sei': None}",,CHEMBL5283335,,CHEMBL5283335,5.06,0,http://www.openphacts.org/units/Nanomolar,3907483,=,1,1,=,,IC50,nM,,8800.0,CHEMBL321,Homo sapiens,Matrix metalloproteinase-9,9606,,,IC50,nM,UO_0000065,,8800.0,,8800.0,O=C(NCCC[C@@H](NS(=O)(=O)c1ccc(OCc2cc(Br)cc(Br)c2)cc1)C(=O)NO)c1cccc(C(=O)NCCC[C@@H](NS(=O)(=O)c2ccc(OCc3cc(Br)cc(Br)c3)cc2)C(=O)NO)c1,intermediate
"{'action_type': 'INHIBITOR', 'description': 'Negatively effects (inhibits) the normal functioning of the protein e.g., prevention of enzymatic reaction or activation of downstream pathway', 'parent_type': 'NEGATIVE MODULATOR'}",,24989471,"[{'comments': None, 'relation': '=', 'result_flag': 0, 'standard_relation': '=', 'standard_text_value': None, 'standard_type': 'TIME', 'standard_units': 'hr', 'standard_value': '3.25', 'text_value': None, 'type': 'TIME', 'units': 'min', 'value': '195.0'}]",CHEMBL5229261,Inhibition of human recombinant MMP-9 expressed in CHO cells using Mca-Lys-Pro-Leu-Gly-Leu-Dap(Dnp)-Ala-Arg-NH2 as substrate preincubated with enzyme for 3 hrs followed by substrate addition and measured every 10 secs for 15 mins by fluorescence based analysis,B,,,BAO_0000190,BAO_0000219,cell-based format,O=C(NCCC[C@@H](NS(=O)(=O)c1ccc(OCc2cc(Br)cc(Br)c2)cc1)C(=O)NO)NCCC[C@@H](NS(=O)(=O)c1ccc(OCc2cc(Br)cc(Br)c2)cc1)C(=O)NO,,,CHEMBL5226358,ACS Med Chem Lett,2021.0,"{'bei': '4.32', 'le': None, 'lle': None, 'sei': None}",,CHEMBL5276957,,CHEMBL5276957,4.87,0,http://www.openphacts.org/units/Nanomolar,3907484,=,1,1,=,,IC50,nM,,13500.0,CHEMBL321,Homo sapiens,Matrix metalloproteinase-9,9606,,,IC50,nM,UO_0000065,,13500.0,,13500.0,O=C(NCCC[C@@H](NS(=O)(=O)c1ccc(OCc2cc(Br)cc(Br)c2)cc1)C(=O)NO)NCCC[C@@H](NS(=O)(=O)c1ccc(OCc2cc(Br)cc(Br)c2)cc1)C(=O)NO,inactive
"{'action_type': 'INHIBITOR', 'description': 'Negatively effects (inhibits) the normal functioning of the protein e.g., prevention of enzymatic reaction or activation of downstream pathway', 'parent_type': 'NEGATIVE MODULATOR'}",,24995184,[],CHEMBL5231484,Inhibition of MMP-9 (unknown origin),B,,,BAO_0000190,BAO_0000357,single protein format,O=C1NC(=O)C(O)(CC(=O)c2ccc(NS(=O)(=O)c3ccc(C(F)(F)F)cc3)cc2)C(=O)N1,,,CHEMBL5230116,Eur J Med Chem,2020.0,"{'bei': '16.65', 'le': '0.33', 'lle': '6.90', 'sei': '5.09'}",,CHEMBL5287803,,CHEMBL5287803,8.08,0,http://www.openphacts.org/units/Nanomolar,3909059,=,1,1,=,,IC50,nM,,8.24,CHEMBL321,Homo sapiens,Matrix metalloproteinase-9,9606,,,IC50,nM,UO_0000065,,8.24,,8.24,O=C1NC(=O)C(O)(CC(=O)c2ccc(NS(=O)(=O)c3ccc(C(F)(F)F)cc3)cc2)C(=O)N1,active
"{'action_type': 'INHIBITOR', 'description': 'Negatively effects (inhibits) the normal functioning of the protein e.g., prevention of enzymatic reaction or activation of downstream pathway', 'parent_type': 'NEGATIVE MODULATOR'}",,24998203,[],CHEMBL5232269,Inhibition of MMP-9 (unknown origin),B,,,BAO_0000190,BAO_0000357,single protein format,CNC(=O)[C@@H](NC(=O)[C@H](CC(C)C)NC(=O)[C@@H](S)CCN1C(=O)N(C)C(C)(C)C1=O)C(C)(C)C,,,CHEMBL5230143,Eur J Med Chem,2021.0,"{'bei': '15.15', 'le': '0.30', 'lle': '6.41', 'sei': '5.92'}",,CHEMBL76222,REBIMASTAT,CHEMBL76222,7.57,0,http://www.openphacts.org/units/Nanomolar,3910088,=,1,1,=,,IC50,nM,,27.0,CHEMBL321,Homo sapiens,Matrix metalloproteinase-9,9606,,,IC50,nM,UO_0000065,,27.0,,27.0,CNC(=O)[C@@H](NC(=O)[C@H](CC(C)C)NC(=O)[C@@H](S)CCN1C(=O)N(C)C(C)(C)C1=O)C(C)(C)C,active
"{'action_type': 'INHIBITOR', 'description': 'Negatively effects (inhibits) the normal functioning of the protein e.g., prevention of enzymatic reaction or activation of downstream pathway', 'parent_type': 'NEGATIVE MODULATOR'}",,24998204,[],CHEMBL5232269,Inhibition of MMP-9 (unknown origin),B,,,BAO_0000190,BAO_0000357,single protein format,O=C(O)CCC(NC(=O)Cc1ccc(Br)cc1)C(=O)NCc1ccc([N+](=O)[O-])cc1,,,CHEMBL5230143,Eur J Med Chem,2021.0,"{'bei': '11.11', 'le': '0.24', 'lle': '2.75', 'sei': '3.83'}",,CHEMBL5277375,,CHEMBL5277375,5.32,0,http://www.openphacts.org/units/Nanomolar,3910100,=,1,1,=,,IC50,nM,,4830.0,CHEMBL321,Homo sapiens,Matrix metalloproteinase-9,9606,,,IC50,uM,UO_0000065,,4.83,,4830.0,O=C(O)CCC(NC(=O)Cc1ccc(Br)cc1)C(=O)NCc1ccc([N+](=O)[O-])cc1,intermediate
"{'action_type': 'INHIBITOR', 'description': 'Negatively effects (inhibits) the normal functioning of the protein e.g., prevention of enzymatic reaction or activation of downstream pathway', 'parent_type': 'NEGATIVE MODULATOR'}",,25004567,[],CHEMBL5234258,Inhibition of MMP-9 (unknown origin),B,,,BAO_0000190,BAO_0000357,single protein format,CNC(=O)[C@H](Cc1ccccc1)NC(=O)[C@H](CC(C)C)[C@H](CSc1cccs1)C(=O)NO,,,CHEMBL5233239,Eur J Med Chem,2020.0,"{'bei': '18.84', 'le': '0.38', 'lle': '5.90', 'sei': '8.37'}",,CHEMBL279786,BATIMASTAT,CHEMBL279786,9.00,0,http://www.openphacts.org/units/Nanomolar,3912493,=,1,1,=,,IC50,nM,,1.0,CHEMBL321,Homo sapiens,Matrix metalloproteinase-9,9606,,,IC50,nM,UO_0000065,,1.0,,1.0,CNC(=O)[C@H](Cc1ccccc1)NC(=O)[C@H](CC(C)C)[C@H](CSc1cccs1)C(=O)NO,active
"{'action_type': 'INHIBITOR', 'description': 'Negatively effects (inhibits) the normal functioning of the protein e.g., prevention of enzymatic reaction or activation of downstream pathway', 'parent_type': 'NEGATIVE MODULATOR'}",,25004569,[],CHEMBL5234258,Inhibition of MMP-9 (unknown origin),B,,,BAO_0000190,BAO_0000357,single protein format,COc1ccc(S(=O)(=O)N(Cc2cccnc2)[C@@H](C(=O)NO)C(C)C)cc1,,,CHEMBL5233239,Eur J Med Chem,2020.0,"{'bei': '20.58', 'le': '0.41', 'lle': '6.29', 'sei': '7.44'}",,CHEMBL267178,,CHEMBL267178,8.10,0,http://www.openphacts.org/units/Nanomolar,3912495,=,1,1,=,,IC50,nM,,8.0,CHEMBL321,Homo sapiens,Matrix metalloproteinase-9,9606,,,IC50,nM,UO_0000065,,8.0,,8.0,COc1ccc(S(=O)(=O)N(Cc2cccnc2)[C@@H](C(=O)NO)C(C)C)cc1,active
"{'action_type': 'INHIBITOR', 'description': 'Negatively effects (inhibits) the normal functioning of the protein e.g., prevention of enzymatic reaction or activation of downstream pathway', 'parent_type': 'NEGATIVE MODULATOR'}",,25004570,[],CHEMBL5234258,Inhibition of MMP-9 (unknown origin),B,,,BAO_0000190,BAO_0000357,single protein format,CC(C)CC(C(=O)N(C)C(Cc1ccccc1)C(=O)O)C(CSc1ccccc1)C(=O)NO,,,CHEMBL5233239,Eur J Med Chem,2020.0,"{'bei': '16.59', 'le': '0.32', 'lle': '4.12', 'sei': '7.33'}",,CHEMBL458649,,CHEMBL458649,7.84,0,http://www.openphacts.org/units/Nanomolar,3912497,=,1,1,=,,IC50,nM,,14.4,CHEMBL321,Homo sapiens,Matrix metalloproteinase-9,9606,,,IC50,nM,UO_0000065,,14.4,,14.4,CC(C)CC(C(=O)N(C)C(Cc1ccccc1)C(=O)O)C(CSc1ccccc1)C(=O)NO,active
"{'action_type': 'INHIBITOR', 'description': 'Negatively effects (inhibits) the normal functioning of the protein e.g., prevention of enzymatic reaction or activation of downstream pathway', 'parent_type': 'NEGATIVE MODULATOR'}",,25004574,[],CHEMBL5234258,Inhibition of MMP-9 (unknown origin),B,,,BAO_0000190,BAO_0000357,single protein format,CN(C)c1ccc(-c2cn(-c3ccc(S(=O)(=O)NC(Cc4ccccc4)C(=O)NO)cc3)nn2)cc1,,,CHEMBL5233239,Eur J Med Chem,2020.0,"{'bei': '17.72', 'le': '0.34', 'lle': '6.57', 'sei': '6.93'}",,CHEMBL5274327,,CHEMBL5274327,8.97,0,http://www.openphacts.org/units/Nanomolar,3912482,=,1,1,=,,IC50,nM,,1.06,CHEMBL321,Homo sapiens,Matrix metalloproteinase-9,9606,,,IC50,nM,UO_0000065,,1.06,,1.06,CN(C)c1ccc(-c2cn(-c3ccc(S(=O)(=O)NC(Cc4ccccc4)C(=O)NO)cc3)nn2)cc1,active
"{'action_type': 'INHIBITOR', 'description': 'Negatively effects (inhibits) the normal functioning of the protein e.g., prevention of enzymatic reaction or activation of downstream pathway', 'parent_type': 'NEGATIVE MODULATOR'}",,25004576,[],CHEMBL5234258,Inhibition of MMP-9 (unknown origin),B,,,BAO_0000190,BAO_0000357,single protein format,COc1ccc(S(=O)(=O)N2CN(Cc3ccccc3)C(=O)CC2C(=O)NO)cc1,,,CHEMBL5233239,Eur J Med Chem,2020.0,"{'bei': '19.47', 'le': '0.38', 'lle': '7.22', 'sei': '7.03'}",,CHEMBL437017,,CHEMBL437017,8.17,0,http://www.openphacts.org/units/Nanomolar,3912468,=,1,1,=,,IC50,nM,,6.8,CHEMBL321,Homo sapiens,Matrix metalloproteinase-9,9606,,,IC50,nM,UO_0000065,,6.8,,6.8,COc1ccc(S(=O)(=O)N2CN(Cc3ccccc3)C(=O)CC2C(=O)NO)cc1,active
"{'action_type': 'INHIBITOR', 'description': 'Negatively effects (inhibits) the normal functioning of the protein e.g., prevention of enzymatic reaction or activation of downstream pathway', 'parent_type': 'NEGATIVE MODULATOR'}",,25004578,[],CHEMBL5234258,Inhibition of MMP-9 (unknown origin),B,,,BAO_0000190,BAO_0000357,single protein format,COc1ccc(S(=O)(=O)N(Cc2ccccn2)c2c(C)cc(-c3cccc(C(F)(F)F)c3)cc2C(=O)NO)cc1,,,CHEMBL5233239,Eur J Med Chem,2020.0,"{'bei': '15.75', 'le': '0.31', 'lle': '3.40', 'sei': '8.27'}",,CHEMBL5269115,,CHEMBL5269115,9.00,0,http://www.openphacts.org/units/Nanomolar,3912470,=,1,1,=,,IC50,nM,,1.0,CHEMBL321,Homo sapiens,Matrix metalloproteinase-9,9606,,,IC50,nM,UO_0000065,,1.0,,1.0,COc1ccc(S(=O)(=O)N(Cc2ccccn2)c2c(C)cc(-c3cccc(C(F)(F)F)c3)cc2C(=O)NO)cc1,active
"{'action_type': 'INHIBITOR', 'description': 'Negatively effects (inhibits) the normal functioning of the protein e.g., prevention of enzymatic reaction or activation of downstream pathway', 'parent_type': 'NEGATIVE MODULATOR'}",,25004579,[],CHEMBL5234258,Inhibition of MMP-9 (unknown origin),B,,,BAO_0000190,BAO_0000357,single protein format,COc1ccc(S(=O)(=O)N(c2c(C)cc(-c3cccc(C(F)(F)F)c3)cc2C(=O)NO)N(C)C)cc1,,,CHEMBL5233239,Eur J Med Chem,2020.0,"{'bei': '16.62', 'le': '0.33', 'lle': '4.22', 'sei': '8.77'}",,CHEMBL5278767,,CHEMBL5278767,8.70,0,http://www.openphacts.org/units/Nanomolar,3912471,=,1,1,=,,IC50,nM,,2.0,CHEMBL321,Homo sapiens,Matrix metalloproteinase-9,9606,,,IC50,nM,UO_0000065,,2.0,,2.0,COc1ccc(S(=O)(=O)N(c2c(C)cc(-c3cccc(C(F)(F)F)c3)cc2C(=O)NO)N(C)C)cc1,active
"{'action_type': 'INHIBITOR', 'description': 'Negatively effects (inhibits) the normal functioning of the protein e.g., prevention of enzymatic reaction or activation of downstream pathway', 'parent_type': 'NEGATIVE MODULATOR'}",,25004580,[],CHEMBL5234258,Inhibition of MMP-9 (unknown origin),B,,,BAO_0000190,BAO_0000357,single protein format,COc1ccc(S(=O)(=O)N(C)c2c(C)cc(Cc3ccc(CN(C)C)cc3)cc2C(=O)NO)cc1,,,CHEMBL5233239,Eur J Med Chem,2020.0,"{'bei': '17.13', 'le': '0.33', 'lle': '4.92', 'sei': '8.59'}",,CHEMBL5272175,,CHEMBL5272175,8.52,0,http://www.openphacts.org/units/Nanomolar,3912472,=,1,1,=,,IC50,nM,,3.0,CHEMBL321,Homo sapiens,Matrix metalloproteinase-9,9606,,,IC50,nM,UO_0000065,,3.0,,3.0,COc1ccc(S(=O)(=O)N(C)c2c(C)cc(Cc3ccc(CN(C)C)cc3)cc2C(=O)NO)cc1,active
"{'action_type': 'INHIBITOR', 'description': 'Negatively effects (inhibits) the normal functioning of the protein e.g., prevention of enzymatic reaction or activation of downstream pathway', 'parent_type': 'NEGATIVE MODULATOR'}",,25004581,[],CHEMBL5234258,Inhibition of MMP-9 (unknown origin),B,,,BAO_0000190,BAO_0000357,single protein format,COc1ccc(S(=O)(=O)N(C)c2c(CN3CCOCC3)cc(C)cc2C(=O)NO)cc1,,,CHEMBL5233239,Eur J Med Chem,2020.0,"{'bei': '18.47', 'le': '0.37', 'lle': '6.52', 'sei': '7.66'}",,CHEMBL5278204,,CHEMBL5278204,8.30,0,http://www.openphacts.org/units/Nanomolar,3912473,=,1,1,=,,IC50,nM,,5.0,CHEMBL321,Homo sapiens,Matrix metalloproteinase-9,9606,,,IC50,nM,UO_0000065,,5.0,,5.0,COc1ccc(S(=O)(=O)N(C)c2c(CN3CCOCC3)cc(C)cc2C(=O)NO)cc1,active
"{'action_type': 'INHIBITOR', 'description': 'Negatively effects (inhibits) the normal functioning of the protein e.g., prevention of enzymatic reaction or activation of downstream pathway', 'parent_type': 'NEGATIVE MODULATOR'}",,25004583,[],CHEMBL5234258,Inhibition of MMP-9 (unknown origin),B,,,BAO_0000190,BAO_0000357,single protein format,COc1ccc(S(=O)(=O)N(Cc2ccccc2)c2c(C(=O)NO)ccc3c(C(C)(C)C)cccc23)cc1,,,CHEMBL5233239,Eur J Med Chem,2020.0,"{'bei': '15.51', 'le': '0.30', 'lle': '2.39', 'sei': '8.39'}",,CHEMBL5281827,,CHEMBL5281827,8.05,0,http://www.openphacts.org/units/Nanomolar,3912476,=,1,1,=,,IC50,nM,,9.0,CHEMBL321,Homo sapiens,Matrix metalloproteinase-9,9606,,,IC50,nM,UO_0000065,,9.0,,9.0,COc1ccc(S(=O)(=O)N(Cc2ccccc2)c2c(C(=O)NO)ccc3c(C(C)(C)C)cccc23)cc1,active
"{'action_type': 'INHIBITOR', 'description': 'Negatively effects (inhibits) the normal functioning of the protein e.g., prevention of enzymatic reaction or activation of downstream pathway', 'parent_type': 'NEGATIVE MODULATOR'}",,25004584,[],CHEMBL5234258,Inhibition of MMP-9 (unknown origin),B,,,BAO_0000190,BAO_0000357,single protein format,CCCCOc1ccc(S(=O)(=O)C2(C(=O)NO)CCN(Cc3ccccc3)CC2)cc1,,,CHEMBL5233239,Eur J Med Chem,2020.0,"{'bei': '19.09', 'le': '0.38', 'lle': '5.34', 'sei': '8.88'}",,CHEMBL309492,,CHEMBL309492,8.52,0,http://www.openphacts.org/units/Nanomolar,3912477,=,1,1,=,,IC50,nM,,3.0,CHEMBL321,Homo sapiens,Matrix metalloproteinase-9,9606,,,IC50,nM,UO_0000065,,3.0,,3.0,CCCCOc1ccc(S(=O)(=O)C2(C(=O)NO)CCN(Cc3ccccc3)CC2)cc1,active
"{'action_type': 'INHIBITOR', 'description': 'Negatively effects (inhibits) the normal functioning of the protein e.g., prevention of enzymatic reaction or activation of downstream pathway', 'parent_type': 'NEGATIVE MODULATOR'}",,25004621,"[{'comments': None, 'relation': '=', 'result_flag': 0, 'standard_relation': '=', 'standard_text_value': None, 'standard_type': 'TIME', 'standard_units': 'hr', 'standard_value': '0.5', 'text_value': None, 'type': 'TIME', 'units': 'min', 'value': '30.0'}]",CHEMBL5234265,"Inhibition of MMP-9 (unknown origin) using 7-methoxycoumarin-4-yl)acetyl-Pro-Leu-Gly-Leu-(3-(2,4-dinitrophenyl)-L-2,3-diaminopropionyl)Ala-Arg-NH2 as fluorometric substrate preincubated for 30 mins followed by substrate addition by fluorometric analysis",B,,,BAO_0000190,BAO_0000357,single protein format,COc1ccc(S(=O)(=O)N(Cc2ccccc2)[C@@H](C(=O)NO)C(C)C)cc1,,,CHEMBL5233239,Eur J Med Chem,2020.0,"{'bei': '19.28', 'le': '0.38', 'lle': '5.15', 'sei': '7.89'}",,CHEMBL85030,,CHEMBL85030,7.57,0,http://www.openphacts.org/units/Nanomolar,3912498,=,1,1,=,,IC50,nM,,27.0,CHEMBL321,Homo sapiens,Matrix metalloproteinase-9,9606,,,IC50,nM,UO_0000065,,27.0,,27.0,COc1ccc(S(=O)(=O)N(Cc2ccccc2)[C@@H](C(=O)NO)C(C)C)cc1,active
"{'action_type': 'INHIBITOR', 'description': 'Negatively effects (inhibits) the normal functioning of the protein e.g., prevention of enzymatic reaction or activation of downstream pathway', 'parent_type': 'NEGATIVE MODULATOR'}",,25004627,"[{'comments': None, 'relation': '=', 'result_flag': 0, 'standard_relation': '=', 'standard_text_value': None, 'standard_type': 'TIME', 'standard_units': 'hr', 'standard_value': '2.0', 'text_value': None, 'type': 'TIME', 'units': 'hrs', 'value': '2.0'}]",CHEMBL5234269,Inhibition of MMP-9 (unknown origin) assessed as inhibition constant using Mca-Pro-Leu-Gly-Dpa-Ala-Arg-NH2 substrate preincubated for 1 hr followed by substrate addition and measured after 1 hr by fluorimetric analysis,B,,,BAO_0000190,BAO_0000357,single protein format,CCCCCCCCCC[C@@H](CC(=O)NO)C(=O)N[C@H](C(=O)NC)c1ccccc1,,,CHEMBL5233239,Eur J Med Chem,2020.0,"{'bei': '23.12', 'le': '0.44', 'lle': '6.07', 'sei': '9.02'}",,CHEMBL5285908,,CHEMBL5285908,9.70,0,http://www.openphacts.org/units/Nanomolar,3912502,=,1,1,=,,IC50,nM,,0.2,CHEMBL321,Homo sapiens,Matrix metalloproteinase-9,9606,,,IC50,nM,UO_0000065,,0.2,,0.2,CCCCCCCCCC[C@@H](CC(=O)NO)C(=O)N[C@H](C(=O)NC)c1ccccc1,active
"{'action_type': 'INHIBITOR', 'description': 'Negatively effects (inhibits) the normal functioning of the protein e.g., prevention of enzymatic reaction or activation of downstream pathway', 'parent_type': 'NEGATIVE MODULATOR'}",,25004629,[],CHEMBL5234271,Inhibition of human MMP-9,B,,,BAO_0000190,BAO_0000357,single protein format,CCCN(C(CSC)C(=O)NO)S(=O)(=O)c1ccc(OC)cc1,,,CHEMBL5233239,Eur J Med Chem,2020.0,"{'bei': '26.76', 'le': '0.58', 'lle': '8.37', 'sei': '10.11'}",,CHEMBL5283673,,CHEMBL5283673,9.70,0,http://www.openphacts.org/units/Nanomolar,3912503,=,1,1,=,,IC50,nM,,0.2,CHEMBL321,Homo sapiens,Matrix metalloproteinase-9,9606,,,IC50,nM,UO_0000065,,0.2,,0.2,CCCN(C(CSC)C(=O)NO)S(=O)(=O)c1ccc(OC)cc1,active
"{'action_type': 'INHIBITOR', 'description': 'Negatively effects (inhibits) the normal functioning of the protein e.g., prevention of enzymatic reaction or activation of downstream pathway', 'parent_type': 'NEGATIVE MODULATOR'}",,25004636,[],CHEMBL5234275,Inhibition of human MMP9 using Dnp-Pro-Cha-Gly-Cys(Me)-His-Ala-Lys(Nma)-NH2 substrate by fluorimetric analysis,B,,,BAO_0000190,BAO_0000357,single protein format,COc1ccc(S(=O)(=O)N2CC(C)(C)C(CCSCc3ccccc3)C2C(=O)NO)cc1,,,CHEMBL5233239,Eur J Med Chem,2020.0,"{'bei': '18.90', 'le': '0.39', 'lle': '5.51', 'sei': '9.43'}",,CHEMBL5289570,,CHEMBL5289570,9.05,0,http://www.openphacts.org/units/Nanomolar,3912480,=,1,1,=,,IC50,nM,,0.9,CHEMBL321,Homo sapiens,Matrix metalloproteinase-9,9606,,,IC50,nM,UO_0000065,,0.9,,0.9,COc1ccc(S(=O)(=O)N2CC(C)(C)C(CCSCc3ccccc3)C2C(=O)NO)cc1,active
"{'action_type': 'INHIBITOR', 'description': 'Negatively effects (inhibits) the normal functioning of the protein e.g., prevention of enzymatic reaction or activation of downstream pathway', 'parent_type': 'NEGATIVE MODULATOR'}",,25004643,"[{'comments': None, 'relation': '<=', 'result_flag': 0, 'standard_relation': '<=', 'standard_text_value': None, 'standard_type': 'TIME', 'standard_units': 'hr', 'standard_value': '0.3333', 'text_value': None, 'type': 'TIME', 'units': 'min', 'value': '20.0'}]",CHEMBL5234281,Inhibition of MMP-9 (unknown origin) using Ac-PLG-[2-mercapto-4-methylpentanoyl]-LG-OC2H5) as substrate measured upto 20 mins by microplate reader analysis,B,,,BAO_0000190,BAO_0000357,single protein format,O=C(NO)C1(S(=O)(=O)c2ccc(-n3cc(-c4ccc(-c5cncnc5)cc4)nn3)cc2)CCOCC1,,,CHEMBL5233239,Eur J Med Chem,2020.0,"{'bei': '17.96', 'le': '0.35', 'lle': '6.88', 'sei': '6.10'}",,CHEMBL5275421,,CHEMBL5275421,9.10,0,http://www.openphacts.org/units/Nanomolar,3912481,=,1,1,=,,IC50,nM,,0.8,CHEMBL321,Homo sapiens,Matrix metalloproteinase-9,9606,,,IC50,nM,UO_0000065,,0.8,,0.8,O=C(NO)C1(S(=O)(=O)c2ccc(-n3cc(-c4ccc(-c5cncnc5)cc4)nn3)cc2)CCOCC1,active
"{'action_type': 'INHIBITOR', 'description': 'Negatively effects (inhibits) the normal functioning of the protein e.g., prevention of enzymatic reaction or activation of downstream pathway', 'parent_type': 'NEGATIVE MODULATOR'}",,25004647,"[{'comments': None, 'relation': '=', 'result_flag': 0, 'standard_relation': '=', 'standard_text_value': None, 'standard_type': 'TIME', 'standard_units': 'hr', 'standard_value': '1.5', 'text_value': None, 'type': 'TIME', 'units': 'hrs', 'value': '1.5'}]",CHEMBL5234285,Inhibition of human MMP9 incubated for 1 hrs followed by chromogenic substrate addition and measured after 30 mins by microplate photometer analysis,B,,,BAO_0000190,BAO_0000357,single protein format,O=C(O)CC[C@@H](NC(=O)Cc1ccc(Br)cc1)C(=O)NCc1ccc([N+](=O)[O-])cc1,,,CHEMBL5233239,Eur J Med Chem,2020.0,"{'bei': '11.11', 'le': '0.24', 'lle': '2.75', 'sei': '3.83'}",,CHEMBL4634160,,CHEMBL4634160,5.32,0,http://www.openphacts.org/units/Nanomolar,3912485,=,1,1,=,,IC50,nM,,4830.0,CHEMBL321,Homo sapiens,Matrix metalloproteinase-9,9606,,,IC50,nM,UO_0000065,,4830.0,,4830.0,O=C(O)CC[C@@H](NC(=O)Cc1ccc(Br)cc1)C(=O)NCc1ccc([N+](=O)[O-])cc1,intermediate
"{'action_type': 'INHIBITOR', 'description': 'Negatively effects (inhibits) the normal functioning of the protein e.g., prevention of enzymatic reaction or activation of downstream pathway', 'parent_type': 'NEGATIVE MODULATOR'}",,25004648,"[{'comments': None, 'relation': '=', 'result_flag': 0, 'standard_relation': '=', 'standard_text_value': None, 'standard_type': 'TIME', 'standard_units': 'hr', 'standard_value': '16.5', 'text_value': None, 'type': 'TIME', 'units': 'hrs', 'value': '16.5'}]",CHEMBL5234286,"Inhibition of recombinant human MMP9 using (7-methoxycoumarin-4-yl)-acetyl-Pro-Leu-Gly-Leu-[3-(2,4-dinitrophenyl)-L-2,3-diaminopropionyl]-Ala-Arg-NH2 as substrate incubated for 0.5 hrs followed by substrate addition and measured for 16 hrs by fluorescence microplate reader analysis",B,,,BAO_0000190,BAO_0000357,single protein format,CCN([C@@H](C(=O)O)C(C)C)S(=O)(=O)c1ccc(-c2nc(-c3ccc(C)s3)no2)cc1,,,CHEMBL5233239,Eur J Med Chem,2020.0,"{'bei': '16.55', 'le': '0.34', 'lle': '3.55', 'sei': '6.55'}",,CHEMBL5267731,,CHEMBL5267731,7.44,0,http://www.openphacts.org/units/Nanomolar,3912486,=,1,1,=,,IC50,nM,,36.4,CHEMBL321,Homo sapiens,Matrix metalloproteinase-9,9606,,,IC50,nM,UO_0000065,,36.4,,36.4,CCN([C@@H](C(=O)O)C(C)C)S(=O)(=O)c1ccc(-c2nc(-c3ccc(C)s3)no2)cc1,active
"{'action_type': 'INHIBITOR', 'description': 'Negatively effects (inhibits) the normal functioning of the protein e.g., prevention of enzymatic reaction or activation of downstream pathway', 'parent_type': 'NEGATIVE MODULATOR'}",,25004650,[],CHEMBL5234288,Inhibition of MMP-9 (unknown origin) by fluorimetric assay,B,,,BAO_0000190,BAO_0000357,single protein format,O=CN(O)C(CS(=O)(=O)c1ccc(Oc2ccc(OC(F)(F)F)cc2)cc1)[C@@H](O)CO,,,CHEMBL5233239,Eur J Med Chem,2020.0,"{'bei': '21.56', 'le': '0.44', 'lle': '8.32', 'sei': '7.51'}",,CHEMBL5270698,,CHEMBL5270698,10.04,0,http://www.openphacts.org/units/Nanomolar,3912487,=,1,1,=,,IC50,nM,,0.092,CHEMBL321,Homo sapiens,Matrix metalloproteinase-9,9606,,,IC50,nM,UO_0000065,,0.092,,0.092,O=CN(O)C(CS(=O)(=O)c1ccc(Oc2ccc(OC(F)(F)F)cc2)cc1)[C@@H](O)CO,active
"{'action_type': 'INHIBITOR', 'description': 'Negatively effects (inhibits) the normal functioning of the protein e.g., prevention of enzymatic reaction or activation of downstream pathway', 'parent_type': 'NEGATIVE MODULATOR'}",,25004651,[],CHEMBL5234288,Inhibition of MMP-9 (unknown origin) by fluorimetric assay,B,,,BAO_0000190,BAO_0000357,single protein format,CC1(C)NC(=O)N(C[C@H](CS(=O)(=O)c2ccc(-c3ccc(OC(F)(F)F)cc3)cc2)N(O)C(=O)O)C1=O,,,CHEMBL5233239,Eur J Med Chem,2020.0,"{'bei': '17.36', 'le': '0.35', 'lle': '6.38', 'sei': '6.17'}",,CHEMBL5278145,,CHEMBL5278145,9.47,0,http://www.openphacts.org/units/Nanomolar,3912475,=,1,1,=,,IC50,nM,,0.34,CHEMBL321,Homo sapiens,Matrix metalloproteinase-9,9606,,,IC50,nM,UO_0000065,,0.34,,0.34,CC1(C)NC(=O)N(C[C@H](CS(=O)(=O)c2ccc(-c3ccc(OC(F)(F)F)cc3)cc2)N(O)C(=O)O)C1=O,active
"{'action_type': 'INHIBITOR', 'description': 'Negatively effects (inhibits) the normal functioning of the protein e.g., prevention of enzymatic reaction or activation of downstream pathway', 'parent_type': 'NEGATIVE MODULATOR'}",,25004654,"[{'comments': None, 'relation': '=', 'result_flag': 0, 'standard_relation': '=', 'standard_text_value': None, 'standard_type': 'TIME', 'standard_units': 'hr', 'standard_value': '3.5', 'text_value': None, 'type': 'TIME', 'units': 'hrs', 'value': '3.5'}]",CHEMBL5234290,Inhibition of MMP-9 (unknown origin) using Ac-Pro-Leu-Gly-SCH(CH2 CH(CH3)2)CO-Leu-Gly-OCH2CH3 as substrate preincubated of 0.5 hrs followed by substrate addition and measured after 3 hrs by fluorescence analysis,B,,,BAO_0000190,BAO_0000357,single protein format,Cc1ccc(C#Cc2ccc(S(=O)(=O)N[C@H](C(=O)O)C(C)C)s2)cc1,,,CHEMBL5233239,Eur J Med Chem,2020.0,"{'bei': '20.81', 'le': '0.43', 'lle': '5.01', 'sei': '9.41'}",,CHEMBL5287905,,CHEMBL5287905,7.85,0,http://www.openphacts.org/units/Nanomolar,3912489,=,1,1,=,,IC50,nM,,14.0,CHEMBL321,Homo sapiens,Matrix metalloproteinase-9,9606,,,IC50,nM,UO_0000065,,14.0,,14.0,Cc1ccc(C#Cc2ccc(S(=O)(=O)N[C@H](C(=O)O)C(C)C)s2)cc1,active
"{'action_type': 'INHIBITOR', 'description': 'Negatively effects (inhibits) the normal functioning of the protein e.g., prevention of enzymatic reaction or activation of downstream pathway', 'parent_type': 'NEGATIVE MODULATOR'}",,25004667,"[{'comments': None, 'relation': '=', 'result_flag': 0, 'standard_relation': '=', 'standard_text_value': None, 'standard_type': 'TIME_Lower', 'standard_units': 'min', 'standard_value': '20.0', 'text_value': None, 'type': 'TIME_Lower', 'units': 'min', 'value': '20.0'}, {'comments': None, 'relation': '=', 'result_flag': 0, 'standard_relation': '=', 'standard_text_value': None, 'standard_type': 'TIME_Upper', 'standard_units': 'min', 'standard_value': '30.0', 'text_value': None, 'type': 'TIME_Upper', 'units': 'min', 'value': '30.0'}]",CHEMBL5234297,Inhibition of recombinant human MMP9 using Mca-Pro-Leu-Dpa-Ala-Arg-NH2 as substrate incubated for 20 to 30 mins by fluorescence microplate reader analysis,B,,,BAO_0000190,BAO_0000357,single protein format,COc1ccc(S(=O)(=O)N2CCCC(C)(C)CC2C(=O)NO)cc1,,,CHEMBL5233239,Eur J Med Chem,2020.0,"{'bei': '26.09', 'le': '0.53', 'lle': '7.53', 'sei': '9.69'}",,CHEMBL5284688,,CHEMBL5284688,9.30,0,http://www.openphacts.org/units/Nanomolar,3912490,=,1,1,=,,IC50,nM,,0.5,CHEMBL321,Homo sapiens,Matrix metalloproteinase-9,9606,,,IC50,nM,UO_0000065,,0.5,,0.5,COc1ccc(S(=O)(=O)N2CCCC(C)(C)CC2C(=O)NO)cc1,active
"{'action_type': 'INHIBITOR', 'description': 'Negatively effects (inhibits) the normal functioning of the protein e.g., prevention of enzymatic reaction or activation of downstream pathway', 'parent_type': 'NEGATIVE MODULATOR'}",,25004669,"[{'comments': None, 'relation': '=', 'result_flag': 0, 'standard_relation': '=', 'standard_text_value': None, 'standard_type': 'TIME_Lower', 'standard_units': 'min', 'standard_value': '20.0', 'text_value': None, 'type': 'TIME_Lower', 'units': 'min', 'value': '20.0'}, {'comments': None, 'relation': '=', 'result_flag': 0, 'standard_relation': '=', 'standard_text_value': None, 'standard_type': 'TIME_Upper', 'standard_units': 'min', 'standard_value': '30.0', 'text_value': None, 'type': 'TIME_Upper', 'units': 'min', 'value': '30.0'}]",CHEMBL5234297,Inhibition of recombinant human MMP9 using Mca-Pro-Leu-Dpa-Ala-Arg-NH2 as substrate incubated for 20 to 30 mins by fluorescence microplate reader analysis,B,,,BAO_0000190,BAO_0000357,single protein format,COc1ccc(S(=O)(=O)N2CCN(c3cccnc3)CC2C(=O)NO)cc1,,,CHEMBL5233239,Eur J Med Chem,2020.0,"{'bei': '19.10', 'le': '0.38', 'lle': '7.01', 'sei': '6.69'}",,CHEMBL5283286,,CHEMBL5283286,7.50,0,http://www.openphacts.org/units/Nanomolar,3912492,=,1,1,=,,IC50,nM,,32.0,CHEMBL321,Homo sapiens,Matrix metalloproteinase-9,9606,,,IC50,nM,UO_0000065,,32.0,,32.0,COc1ccc(S(=O)(=O)N2CCN(c3cccnc3)CC2C(=O)NO)cc1,active
"{'action_type': 'INHIBITOR', 'description': 'Negatively effects (inhibits) the normal functioning of the protein e.g., prevention of enzymatic reaction or activation of downstream pathway', 'parent_type': 'NEGATIVE MODULATOR'}",,25004692,"[{'comments': None, 'relation': '=', 'result_flag': 0, 'standard_relation': '=', 'standard_text_value': None, 'standard_type': 'TIME', 'standard_units': 'hr', 'standard_value': '6.5', 'text_value': None, 'type': 'TIME', 'units': 'hrs', 'value': '6.5'}]",CHEMBL5234311,Inhibition of human MMP9 using Dnp-Pro-Cha-Gly-Cys(ME)-His-Ala-Lys(Nma)-NH2 as substrate preincubated for 0.5 hrs followed by substrate addition and measured after 6 hrs by fluorimeter analysis,B,,,BAO_0000190,BAO_0000357,single protein format,O=C(O)[C@H]1[C@H](CN2C(=O)c3ccccc3C2=O)CC[C@@H]1SCc1ccc(-c2ccc(Cl)cc2)cc1,,,CHEMBL5233239,Eur J Med Chem,2020.0,"{'bei': '15.58', 'le': '0.31', 'lle': '1.87', 'sei': '10.56'}",,CHEMBL5276809,,CHEMBL5276809,7.89,0,http://www.openphacts.org/units/Nanomolar,3912478,=,1,1,=,,IC50,nM,,13.0,CHEMBL321,Homo sapiens,Matrix metalloproteinase-9,9606,,,IC50,nM,UO_0000065,,13.0,,13.0,O=C(O)[C@H]1[C@H](CN2C(=O)c3ccccc3C2=O)CC[C@@H]1SCc1ccc(-c2ccc(Cl)cc2)cc1,active
"{'action_type': 'INHIBITOR', 'description': 'Negatively effects (inhibits) the normal functioning of the protein e.g., prevention of enzymatic reaction or activation of downstream pathway', 'parent_type': 'NEGATIVE MODULATOR'}",,25029770,[],CHEMBL5241284,Inhibition of MMP9 (unknown origin),B,,,BAO_0000190,BAO_0000357,single protein format,Cc1ccc(-c2cc(-c3ccc(S(=O)(=O)N[C@H](C(=O)O)C(C)C)cc3)no2)s1,,,CHEMBL5241057,Eur J Med Chem,2021.0,"{'bei': '22.52', 'le': '0.46', 'lle': '5.70', 'sei': '8.65'}",,CHEMBL5288452,,CHEMBL5288452,9.47,0,http://www.openphacts.org/units/Nanomolar,3918622,=,1,1,=,,IC50,nM,,0.34,CHEMBL321,Homo sapiens,Matrix metalloproteinase-9,9606,,,IC50,nM,UO_0000065,,0.34,,0.34,Cc1ccc(-c2cc(-c3ccc(S(=O)(=O)N[C@H](C(=O)O)C(C)C)cc3)no2)s1,active
"{'action_type': 'INHIBITOR', 'description': 'Negatively effects (inhibits) the normal functioning of the protein e.g., prevention of enzymatic reaction or activation of downstream pathway', 'parent_type': 'NEGATIVE MODULATOR'}",,25029771,[],CHEMBL5241284,Inhibition of MMP9 (unknown origin),B,,,BAO_0000190,BAO_0000357,single protein format,CCc1ccc(-c2cc(-c3ccc(S(=O)(=O)N[C@H](C(=O)O)C(C)C)cc3)no2)s1,,,CHEMBL5241057,Eur J Med Chem,2021.0,"{'bei': '21.95', 'le': '0.45', 'lle': '5.52', 'sei': '8.71'}",,CHEMBL5280430,,CHEMBL5280430,9.54,0,http://www.openphacts.org/units/Nanomolar,3918623,=,1,1,=,,IC50,nM,,0.29,CHEMBL321,Homo sapiens,Matrix metalloproteinase-9,9606,,,IC50,nM,UO_0000065,,0.29,,0.29,CCc1ccc(-c2cc(-c3ccc(S(=O)(=O)N[C@H](C(=O)O)C(C)C)cc3)no2)s1,active
"{'action_type': 'INHIBITOR', 'description': 'Negatively effects (inhibits) the normal functioning of the protein e.g., prevention of enzymatic reaction or activation of downstream pathway', 'parent_type': 'NEGATIVE MODULATOR'}",,25029772,[],CHEMBL5241284,Inhibition of MMP9 (unknown origin),B,,,BAO_0000190,BAO_0000357,single protein format,COc1ccc(S(=O)(=O)N2[C@H](C(=O)NO)C[C@@H]3CCN(C(=O)CCc4ccccc4)C[C@@H]32)cc1,,,CHEMBL5241057,Eur J Med Chem,2021.0,"{'bei': '15.15', 'le': '0.30', 'lle': '5.58', 'sei': '6.35'}",,CHEMBL5283653,,CHEMBL5283653,7.39,0,http://www.openphacts.org/units/Nanomolar,3918624,=,1,1,=,,IC50,nM,,41.0,CHEMBL321,Homo sapiens,Matrix metalloproteinase-9,9606,,,IC50,nM,UO_0000065,,41.0,,41.0,COc1ccc(S(=O)(=O)N2[C@H](C(=O)NO)C[C@@H]3CCN(C(=O)CCc4ccccc4)C[C@@H]32)cc1,active
"{'action_type': 'INHIBITOR', 'description': 'Negatively effects (inhibits) the normal functioning of the protein e.g., prevention of enzymatic reaction or activation of downstream pathway', 'parent_type': 'NEGATIVE MODULATOR'}",,25029773,[],CHEMBL5241284,Inhibition of MMP9 (unknown origin),B,,,BAO_0000190,BAO_0000357,single protein format,CN(C)c1ccc(-c2cn(-c3ccc(S(=O)(=O)NC(Cc4ccccc4)C(=O)NO)cc3)nn2)cc1,,,CHEMBL5241057,Eur J Med Chem,2021.0,"{'bei': '17.77', 'le': '0.34', 'lle': '6.60', 'sei': '6.95'}",,CHEMBL5274327,,CHEMBL5274327,9.00,0,http://www.openphacts.org/units/Nanomolar,3918628,=,1,1,=,,IC50,nM,,1.0,CHEMBL321,Homo sapiens,Matrix metalloproteinase-9,9606,,,IC50,nM,UO_0000065,,1.0,,1.0,CN(C)c1ccc(-c2cn(-c3ccc(S(=O)(=O)NC(Cc4ccccc4)C(=O)NO)cc3)nn2)cc1,active
"{'action_type': 'INHIBITOR', 'description': 'Negatively effects (inhibits) the normal functioning of the protein e.g., prevention of enzymatic reaction or activation of downstream pathway', 'parent_type': 'NEGATIVE MODULATOR'}",,25029775,[],CHEMBL5241284,Inhibition of MMP9 (unknown origin),B,,,BAO_0000190,BAO_0000357,single protein format,C[C@@H]1O[C@@H](O[C@H]2[C@H](O[C@H]3CC[C@@]4(C)C(CC[C@]5(C)C4CC=C4C6CC(C)(C)CC[C@]6(C(=O)O)CC[C@]45C)[C@]3(C)COC(=O)[C@]3(O)C[C@@H](O)[C@@H](O)[C@H](OC(=O)/C=C/c4ccc(O)c(O)c4)C3)OC[C@H](O)[C@@H]2O)[C@H](O)[C@H](O)[C@H]1O,,,CHEMBL5241057,Eur J Med Chem,2021.0,"{'bei': '4.74', 'le': None, 'lle': None, 'sei': None}",,CHEMBL5277508,,CHEMBL5277508,5.15,0,http://www.openphacts.org/units/Nanomolar,3918646,=,1,1,=,,IC50,nM,,7050.0,CHEMBL321,Homo sapiens,Matrix metalloproteinase-9,9606,,,IC50,nM,UO_0000065,,7050.0,,7050.0,C[C@@H]1O[C@@H](O[C@H]2[C@H](O[C@H]3CC[C@@]4(C)C(CC[C@]5(C)C4CC=C4C6CC(C)(C)CC[C@]6(C(=O)O)CC[C@]45C)[C@]3(C)COC(=O)[C@]3(O)C[C@@H](O)[C@@H](O)[C@H](OC(=O)/C=C/c4ccc(O)c(O)c4)C3)OC[C@H](O)[C@@H]2O)[C@H](O)[C@H](O)[C@H]1O,intermediate
"{'action_type': 'INHIBITOR', 'description': 'Negatively effects (inhibits) the normal functioning of the protein e.g., prevention of enzymatic reaction or activation of downstream pathway', 'parent_type': 'NEGATIVE MODULATOR'}",,25029782,[],CHEMBL5241287,Inhibition of MMP9 (unknown origin) assessed as dissociation constant,B,,,BAO_0000190,BAO_0000357,single protein format,O=C(CCCSc1nc(=O)c2ccccc2[nH]1)Nc1nc2ccccc2[nH]1,,,CHEMBL5241057,Eur J Med Chem,2021.0,"{'bei': '17.19', 'le': '0.33', 'lle': '3.21', 'sei': '6.30'}",,CHEMBL5284605,,CHEMBL5284605,6.52,0,http://www.openphacts.org/units/Nanomolar,3918641,=,1,1,=,,IC50,nM,,300.0,CHEMBL321,Homo sapiens,Matrix metalloproteinase-9,9606,,,IC50,nM,UO_0000065,,300.0,,300.0,O=C(CCCSc1nc(=O)c2ccccc2[nH]1)Nc1nc2ccccc2[nH]1,active
"{'action_type': 'INHIBITOR', 'description': 'Negatively effects (inhibits) the normal functioning of the protein e.g., prevention of enzymatic reaction or activation of downstream pathway', 'parent_type': 'NEGATIVE MODULATOR'}",,25029788,[],CHEMBL5241289,Inhibition of MMP9 (unknown origin) assessed as inhibition constant,B,,,BAO_0000190,BAO_0000357,single protein format,CS(=O)(=O)Nc1ccc(Oc2ccc(S(=O)(=O)CC3CS3)cc2)cc1,,,CHEMBL5241057,Eur J Med Chem,2021.0,"{'bei': '17.76', 'le': '0.39', 'lle': '4.36', 'sei': '7.93'}",,CHEMBL445971,,CHEMBL445971,7.10,0,http://www.openphacts.org/units/Nanomolar,3918625,=,1,1,=,,IC50,nM,,80.0,CHEMBL321,Homo sapiens,Matrix metalloproteinase-9,9606,,,IC50,nM,UO_0000065,,80.0,,80.0,CS(=O)(=O)Nc1ccc(Oc2ccc(S(=O)(=O)CC3CS3)cc2)cc1,active
"{'action_type': 'INHIBITOR', 'description': 'Negatively effects (inhibits) the normal functioning of the protein e.g., prevention of enzymatic reaction or activation of downstream pathway', 'parent_type': 'NEGATIVE MODULATOR'}",,25029789,[],CHEMBL5241289,Inhibition of MMP9 (unknown origin) assessed as inhibition constant,B,,,BAO_0000190,BAO_0000357,single protein format,CN([C@H]1CN(C(N)=O)C[C@@H]1S)S(=O)(=O)c1ccc(Oc2ccccc2)cc1,,,CHEMBL5241057,Eur J Med Chem,2021.0,"{'bei': '21.81', 'le': '0.45', 'lle': '6.73', 'sei': '9.56'}",,CHEMBL2380401,,CHEMBL2380401,8.89,0,http://www.openphacts.org/units/Nanomolar,3918630,=,1,1,=,,IC50,nM,,1.3,CHEMBL321,Homo sapiens,Matrix metalloproteinase-9,9606,,,IC50,nM,UO_0000065,,1.3,,1.3,CN([C@H]1CN(C(N)=O)C[C@@H]1S)S(=O)(=O)c1ccc(Oc2ccccc2)cc1,active
"{'action_type': 'INHIBITOR', 'description': 'Negatively effects (inhibits) the normal functioning of the protein e.g., prevention of enzymatic reaction or activation of downstream pathway', 'parent_type': 'NEGATIVE MODULATOR'}",,25029790,[],CHEMBL5241289,Inhibition of MMP9 (unknown origin) assessed as inhibition constant,B,,,BAO_0000190,BAO_0000357,single protein format,Cl.NCCCCCC(=O)N1C[C@H](NS(=O)(=O)c2ccc(Oc3ccccc3)cc2)[C@@H](S)C1,,,CHEMBL5241057,Eur J Med Chem,2021.0,"{'bei': '18.63', 'le': '0.38', 'lle': '5.85', 'sei': '8.49'}",,CHEMBL2380403,,CHEMBL3039655,8.64,0,http://www.openphacts.org/units/Nanomolar,3918631,=,1,1,=,,IC50,nM,,2.3,CHEMBL321,Homo sapiens,Matrix metalloproteinase-9,9606,,,IC50,nM,UO_0000065,,2.3,,2.3,NCCCCCC(=O)N1C[C@H](NS(=O)(=O)c2ccc(Oc3ccccc3)cc2)[C@@H](S)C1,active
"{'action_type': 'INHIBITOR', 'description': 'Negatively effects (inhibits) the normal functioning of the protein e.g., prevention of enzymatic reaction or activation of downstream pathway', 'parent_type': 'NEGATIVE MODULATOR'}",,25036641,[],CHEMBL5243549,Inhibition of human MMP-9,B,,,BAO_0000190,BAO_0000357,single protein format,O=C(NCc1ccc(-c2ccccc2)cc1)c1cccc(=O)n1O,,,CHEMBL5241119,RSC Med Chem,2022.0,"{'bei': '14.37', 'le': '0.26', 'lle': '1.92', 'sei': '6.45'}",,CHEMBL2435340,,CHEMBL2435340,4.60,0,http://www.openphacts.org/units/Nanomolar,3921100,=,1,1,=,,IC50,nM,,25000.0,CHEMBL321,Homo sapiens,Matrix metalloproteinase-9,9606,,,IC50,uM,UO_0000065,,25.0,,25000.0,O=C(NCc1ccc(-c2ccccc2)cc1)c1cccc(=O)n1O,inactive
"{'action_type': 'INHIBITOR', 'description': 'Negatively effects (inhibits) the normal functioning of the protein e.g., prevention of enzymatic reaction or activation of downstream pathway', 'parent_type': 'NEGATIVE MODULATOR'}",,25036642,[],CHEMBL5243549,Inhibition of human MMP-9,B,,,BAO_0000190,BAO_0000357,single protein format,O=C(NCc1ccc(-c2ccccc2)cc1)c1occc(=O)c1O,,,CHEMBL5241119,RSC Med Chem,2022.0,"{'bei': '14.32', 'le': '0.26', 'lle': '1.66', 'sei': '5.79'}",,CHEMBL5274715,,CHEMBL5274715,4.60,0,http://www.openphacts.org/units/Nanomolar,3921101,=,1,1,=,,IC50,nM,,25000.0,CHEMBL321,Homo sapiens,Matrix metalloproteinase-9,9606,,,IC50,uM,UO_0000065,,25.0,,25000.0,O=C(NCc1ccc(-c2ccccc2)cc1)c1occc(=O)c1O,inactive
"{'action_type': 'INHIBITOR', 'description': 'Negatively effects (inhibits) the normal functioning of the protein e.g., prevention of enzymatic reaction or activation of downstream pathway', 'parent_type': 'NEGATIVE MODULATOR'}",,25036643,[],CHEMBL5243549,Inhibition of human MMP-9,B,,,BAO_0000190,BAO_0000357,single protein format,Cc1cc(=O)c(O)c(C(=O)NCc2ccc(-c3ccccc3)cc2)o1,,,CHEMBL5241119,RSC Med Chem,2022.0,"{'bei': '13.72', 'le': '0.25', 'lle': '1.35', 'sei': '5.79'}",,CHEMBL255374,,CHEMBL255374,4.60,0,http://www.openphacts.org/units/Nanomolar,3921102,=,1,1,=,,IC50,nM,,25000.0,CHEMBL321,Homo sapiens,Matrix metalloproteinase-9,9606,,,IC50,uM,UO_0000065,,25.0,,25000.0,Cc1cc(=O)c(O)c(C(=O)NCc2ccc(-c3ccccc3)cc2)o1,inactive
"{'action_type': 'INHIBITOR', 'description': 'Negatively effects (inhibits) the normal functioning of the protein e.g., prevention of enzymatic reaction or activation of downstream pathway', 'parent_type': 'NEGATIVE MODULATOR'}",,25036644,[],CHEMBL5243549,Inhibition of human MMP-9,B,,,BAO_0000190,BAO_0000357,single protein format,Cn1ccc(=O)c(O)c1C(=O)NCc1ccc(-c2ccccc2)cc1,,,CHEMBL5241119,RSC Med Chem,2022.0,"{'bei': '13.76', 'le': '0.25', 'lle': '1.91', 'sei': '6.45'}",,CHEMBL5272043,,CHEMBL5272043,4.60,0,http://www.openphacts.org/units/Nanomolar,3921103,=,1,1,=,,IC50,nM,,25000.0,CHEMBL321,Homo sapiens,Matrix metalloproteinase-9,9606,,,IC50,uM,UO_0000065,,25.0,,25000.0,Cn1ccc(=O)c(O)c1C(=O)NCc1ccc(-c2ccccc2)cc1,inactive
"{'action_type': 'INHIBITOR', 'description': 'Negatively effects (inhibits) the normal functioning of the protein e.g., prevention of enzymatic reaction or activation of downstream pathway', 'parent_type': 'NEGATIVE MODULATOR'}",,25036645,[],CHEMBL5243549,Inhibition of human MMP-9,B,,,BAO_0000190,BAO_0000357,single protein format,Cc1cc(=O)c(O)c(C(=O)NCc2ccc(-c3ccccc3)cc2)n1C,,,CHEMBL5241119,RSC Med Chem,2022.0,"{'bei': '13.21', 'le': '0.24', 'lle': '1.60', 'sei': '6.45'}",,CHEMBL5275186,,CHEMBL5275186,4.60,0,http://www.openphacts.org/units/Nanomolar,3921104,=,1,1,=,,IC50,nM,,25000.0,CHEMBL321,Homo sapiens,Matrix metalloproteinase-9,9606,,,IC50,uM,UO_0000065,,25.0,,25000.0,Cc1cc(=O)c(O)c(C(=O)NCc2ccc(-c3ccccc3)cc2)n1C,inactive
"{'action_type': 'INHIBITOR', 'description': 'Negatively effects (inhibits) the normal functioning of the protein e.g., prevention of enzymatic reaction or activation of downstream pathway', 'parent_type': 'NEGATIVE MODULATOR'}",,25036684,[],CHEMBL5243568,Inhibition of MMP-9 (unknown origin),B,,,BAO_0000190,BAO_0000357,single protein format,Cc1c(O)c(=S)ccn1Cc1ccc(-c2ccccc2)cc1,,,CHEMBL5241119,RSC Med Chem,2022.0,"{'bei': '18.54', 'le': '0.35', 'lle': '0.75', 'sei': '22.65'}",,CHEMBL2146996,,CHEMBL2146996,5.70,0,http://www.openphacts.org/units/Nanomolar,3921118,=,1,1,=,,IC50,nM,,2000.0,CHEMBL321,Homo sapiens,Matrix metalloproteinase-9,9606,,,IC50,uM,UO_0000065,,2.0,,2000.0,Cc1c(O)c(=S)ccn1Cc1ccc(-c2ccccc2)cc1,intermediate
"{'action_type': 'INHIBITOR', 'description': 'Negatively effects (inhibits) the normal functioning of the protein e.g., prevention of enzymatic reaction or activation of downstream pathway', 'parent_type': 'NEGATIVE MODULATOR'}",,25058172,"[{'comments': None, 'relation': '=', 'result_flag': 0, 'standard_relation': '=', 'standard_text_value': None, 'standard_type': 'TIME', 'standard_units': 'hr', 'standard_value': '0.5', 'text_value': None, 'type': 'TIME', 'units': 'min', 'value': '30.0'}]",CHEMBL5249442,Inhibition of MMP-9 (unknown origin) using Mca-Pro-Leu-Gly-Leu-Dpa-Ala-Arg-NH2 as substrate preincubated for 30 mins followed by substrate addition by fluorometric assay,B,,,BAO_0000190,BAO_0000357,single protein format,CCOP(=O)(OCC)C(Nc1ccc(CC(=O)OCCOc2cc(/C=C\c3cc(OC)c(OC)c(OC)c3)ccc2OC)cc1)c1ccc(OC)cc1,,,CHEMBL5247601,Eur J Med Chem,2022.0,"{'bei': '6.20', 'le': '0.12', 'lle': '-3.79', 'sei': '3.60'}",,CHEMBL5272906,,CHEMBL5272906,4.65,0,http://www.openphacts.org/units/Nanomolar,3927414,=,1,1,=,,IC50,nM,,22370.0,CHEMBL321,Homo sapiens,Matrix metalloproteinase-9,9606,,,IC50,uM,UO_0000065,,22.37,,22370.0,CCOP(=O)(OCC)C(Nc1ccc(CC(=O)OCCOc2cc(/C=C\c3cc(OC)c(OC)c(OC)c3)ccc2OC)cc1)c1ccc(OC)cc1,inactive
"{'action_type': 'INHIBITOR', 'description': 'Negatively effects (inhibits) the normal functioning of the protein e.g., prevention of enzymatic reaction or activation of downstream pathway', 'parent_type': 'NEGATIVE MODULATOR'}",,25058173,"[{'comments': None, 'relation': '=', 'result_flag': 0, 'standard_relation': '=', 'standard_text_value': None, 'standard_type': 'TIME', 'standard_units': 'hr', 'standard_value': '0.5', 'text_value': None, 'type': 'TIME', 'units': 'min', 'value': '30.0'}]",CHEMBL5249442,Inhibition of MMP-9 (unknown origin) using Mca-Pro-Leu-Gly-Leu-Dpa-Ala-Arg-NH2 as substrate preincubated for 30 mins followed by substrate addition by fluorometric assay,B,,,BAO_0000190,BAO_0000357,single protein format,CCOP(=O)(OCC)C(Nc1ccc(CC(=O)OCCOc2cc(/C=C\c3cc(OC)c(OC)c(OC)c3)ccc2OC)cc1)c1ccc(C)cc1,,,CHEMBL5247601,Eur J Med Chem,2022.0,"{'bei': '6.02', 'le': '0.12', 'lle': '-4.32', 'sei': '3.68'}",,CHEMBL5285794,,CHEMBL5285794,4.42,0,http://www.openphacts.org/units/Nanomolar,3927415,=,1,1,=,,IC50,nM,,38190.0,CHEMBL321,Homo sapiens,Matrix metalloproteinase-9,9606,,,IC50,uM,UO_0000065,,38.19,,38190.0,CCOP(=O)(OCC)C(Nc1ccc(CC(=O)OCCOc2cc(/C=C\c3cc(OC)c(OC)c(OC)c3)ccc2OC)cc1)c1ccc(C)cc1,inactive
"{'action_type': 'INHIBITOR', 'description': 'Negatively effects (inhibits) the normal functioning of the protein e.g., prevention of enzymatic reaction or activation of downstream pathway', 'parent_type': 'NEGATIVE MODULATOR'}",,25058174,"[{'comments': None, 'relation': '=', 'result_flag': 0, 'standard_relation': '=', 'standard_text_value': None, 'standard_type': 'TIME', 'standard_units': 'hr', 'standard_value': '0.5', 'text_value': None, 'type': 'TIME', 'units': 'min', 'value': '30.0'}]",CHEMBL5249442,Inhibition of MMP-9 (unknown origin) using Mca-Pro-Leu-Gly-Leu-Dpa-Ala-Arg-NH2 as substrate preincubated for 30 mins followed by substrate addition by fluorometric assay,B,,,BAO_0000190,BAO_0000357,single protein format,CCOP(=O)(OCC)C(Nc1ccc(CC(=O)OCCOc2cc(/C=C\c3cc(OC)c(OC)c(OC)c3)ccc2OC)cc1)c1cccc(OC)c1,,,CHEMBL5247601,Eur J Med Chem,2022.0,"{'bei': '6.01', 'le': '0.12', 'lle': '-3.94', 'sei': '3.49'}",,CHEMBL5286002,,CHEMBL5286002,4.50,0,http://www.openphacts.org/units/Nanomolar,3927416,=,1,1,=,,IC50,nM,,31300.0,CHEMBL321,Homo sapiens,Matrix metalloproteinase-9,9606,,,IC50,uM,UO_0000065,,31.3,,31300.0,CCOP(=O)(OCC)C(Nc1ccc(CC(=O)OCCOc2cc(/C=C\c3cc(OC)c(OC)c(OC)c3)ccc2OC)cc1)c1cccc(OC)c1,inactive
"{'action_type': 'INHIBITOR', 'description': 'Negatively effects (inhibits) the normal functioning of the protein e.g., prevention of enzymatic reaction or activation of downstream pathway', 'parent_type': 'NEGATIVE MODULATOR'}",,25058175,"[{'comments': None, 'relation': '=', 'result_flag': 0, 'standard_relation': '=', 'standard_text_value': None, 'standard_type': 'TIME', 'standard_units': 'hr', 'standard_value': '0.5', 'text_value': None, 'type': 'TIME', 'units': 'min', 'value': '30.0'}]",CHEMBL5249442,Inhibition of MMP-9 (unknown origin) using Mca-Pro-Leu-Gly-Leu-Dpa-Ala-Arg-NH2 as substrate preincubated for 30 mins followed by substrate addition by fluorometric assay,B,,,BAO_0000190,BAO_0000357,single protein format,CCOP(=O)(OCC)C(Nc1ccc(CCCC(=O)OCCOc2cc(/C=C\c3cc(OC)c(OC)c(OC)c3)ccc2OC)cc1)c1ccc(OC)cc1,,,CHEMBL5247601,Eur J Med Chem,2022.0,"{'bei': '5.84', 'le': '0.11', 'lle': '-4.68', 'sei': '3.51'}",,CHEMBL5268402,,CHEMBL5268402,4.54,0,http://www.openphacts.org/units/Nanomolar,3927422,=,1,1,=,,IC50,nM,,28690.0,CHEMBL321,Homo sapiens,Matrix metalloproteinase-9,9606,,,IC50,uM,UO_0000065,,28.69,,28690.0,CCOP(=O)(OCC)C(Nc1ccc(CCCC(=O)OCCOc2cc(/C=C\c3cc(OC)c(OC)c(OC)c3)ccc2OC)cc1)c1ccc(OC)cc1,inactive
"{'action_type': 'INHIBITOR', 'description': 'Negatively effects (inhibits) the normal functioning of the protein e.g., prevention of enzymatic reaction or activation of downstream pathway', 'parent_type': 'NEGATIVE MODULATOR'}",,25094800,"[{'comments': None, 'relation': '=', 'result_flag': 0, 'standard_relation': '=', 'standard_text_value': None, 'standard_type': 'TIME', 'standard_units': 'hr', 'standard_value': '0.5833', 'text_value': None, 'type': 'TIME', 'units': 'min', 'value': '35.0'}]",CHEMBL5259724,Inhibition of MMP-9 (unknown origin) using QXL520-gamma-Abu-Pro-Cha-Abu-Smc-His-Ala-Dab(5-FAM)-Ala-Lys-NH2 as fluorogenic substrate preincubated for 10 mins followed by substrate addition and measured for 25 mins by microplate reader assay,B,,,BAO_0000190,BAO_0000357,single protein format,Oc1c(Cl)cc(Cl)c2cccnc12,,,CHEMBL5257103,Bioorg Med Chem,2023.0,"{'bei': '22.42', 'le': '0.50', 'lle': '1.55', 'sei': '14.49'}",,CHEMBL1200596,CHLOROXINE,CHEMBL1200596,4.80,0,http://www.openphacts.org/units/Nanomolar,3934830,=,1,1,=,,IC50,nM,,15900.0,CHEMBL321,Homo sapiens,Matrix metalloproteinase-9,9606,,,IC50,uM,UO_0000065,,15.9,,15900.0,Oc1c(Cl)cc(Cl)c2cccnc12,inactive
"{'action_type': 'INHIBITOR', 'description': 'Negatively effects (inhibits) the normal functioning of the protein e.g., prevention of enzymatic reaction or activation of downstream pathway', 'parent_type': 'NEGATIVE MODULATOR'}",,25481384,"[{'comments': None, 'relation': '=', 'result_flag': 0, 'standard_relation': '=', 'standard_text_value': None, 'standard_type': 'TIME', 'standard_units': 'hr', 'standard_value': '0.6667', 'text_value': None, 'type': 'TIME', 'units': 'min', 'value': '40.0'}]",CHEMBL5327370,"Inhibition of human recombinant MMP-9 (20 to 707 residues) Gln279Arg mutant expressed in CHO cells using (7-methoxycoumarin-4-y1)-acetyl-Pro-Leu-Gly-Leu-[3-(2,4-dinitropheny1)-L-2,3-diaminopropionyl]-Ala-Arg-NH2 as substrate preincubated with enzyme for 30 mins followed by substrate addition and measured after 10 mins by fluorescence based analysis",B,P14780,Q279R,BAO_0000190,BAO_0000219,cell-based format,Cc1ccc(-c2noc(-c3ccc(S(=O)(=O)N[C@@H](C(=O)O)C(C)C)cc3)n2)s1,,,CHEMBL5325449,Bioorg Med Chem,2023.0,"{'bei': '18.71', 'le': '0.38', 'lle': '4.73', 'sei': '6.44'}",,CHEMBL5436337,,CHEMBL5436337,7.89,0,http://www.openphacts.org/units/Nanomolar,3963869,=,1,1,=,,IC50,nM,,13.0,CHEMBL321,Homo sapiens,Matrix metalloproteinase-9,9606,,,IC50,nM,UO_0000065,,13.0,,13.0,Cc1ccc(-c2noc(-c3ccc(S(=O)(=O)N[C@@H](C(=O)O)C(C)C)cc3)n2)s1,active
"{'action_type': 'INHIBITOR', 'description': 'Negatively effects (inhibits) the normal functioning of the protein e.g., prevention of enzymatic reaction or activation of downstream pathway', 'parent_type': 'NEGATIVE MODULATOR'}",,25481385,"[{'comments': None, 'relation': '=', 'result_flag': 0, 'standard_relation': '=', 'standard_text_value': None, 'standard_type': 'TIME', 'standard_units': 'hr', 'standard_value': '0.6667', 'text_value': None, 'type': 'TIME', 'units': 'min', 'value': '40.0'}]",CHEMBL5327370,"Inhibition of human recombinant MMP-9 (20 to 707 residues) Gln279Arg mutant expressed in CHO cells using (7-methoxycoumarin-4-y1)-acetyl-Pro-Leu-Gly-Leu-[3-(2,4-dinitropheny1)-L-2,3-diaminopropionyl]-Ala-Arg-NH2 as substrate preincubated with enzyme for 30 mins followed by substrate addition and measured after 10 mins by fluorescence based analysis",B,P14780,Q279R,BAO_0000190,BAO_0000219,cell-based format,CC(C)[C@@H](NS(=O)(=O)c1ccc(-c2nc(-c3ccc(Cn4cc(CCCF)nn4)s3)no2)cc1)C(=O)O,,,CHEMBL5325449,Bioorg Med Chem,2023.0,"{'bei': '12.74', 'le': '0.26', 'lle': '3.60', 'sei': '4.57'}",,CHEMBL5429762,,CHEMBL5429762,6.99,0,http://www.openphacts.org/units/Nanomolar,3963870,=,1,1,=,,IC50,nM,,102.0,CHEMBL321,Homo sapiens,Matrix metalloproteinase-9,9606,,,IC50,nM,UO_0000065,,102.0,,102.0,CC(C)[C@@H](NS(=O)(=O)c1ccc(-c2nc(-c3ccc(Cn4cc(CCCF)nn4)s3)no2)cc1)C(=O)O,active
"{'action_type': 'INHIBITOR', 'description': 'Negatively effects (inhibits) the normal functioning of the protein e.g., prevention of enzymatic reaction or activation of downstream pathway', 'parent_type': 'NEGATIVE MODULATOR'}",,25481386,"[{'comments': None, 'relation': '=', 'result_flag': 0, 'standard_relation': '=', 'standard_text_value': None, 'standard_type': 'TIME', 'standard_units': 'hr', 'standard_value': '0.6667', 'text_value': None, 'type': 'TIME', 'units': 'min', 'value': '40.0'}]",CHEMBL5327370,"Inhibition of human recombinant MMP-9 (20 to 707 residues) Gln279Arg mutant expressed in CHO cells using (7-methoxycoumarin-4-y1)-acetyl-Pro-Leu-Gly-Leu-[3-(2,4-dinitropheny1)-L-2,3-diaminopropionyl]-Ala-Arg-NH2 as substrate preincubated with enzyme for 30 mins followed by substrate addition and measured after 10 mins by fluorescence based analysis",B,P14780,Q279R,BAO_0000190,BAO_0000219,cell-based format,CC(C)[C@@H](NS(=O)(=O)c1ccc(-c2nc(-c3ccc(Cn4cc(CCCCCF)nn4)s3)no2)cc1)C(=O)O,,,CHEMBL5325449,Bioorg Med Chem,2023.0,"{'bei': '10.40', 'le': '0.21', 'lle': '1.83', 'sei': '3.92'}",,CHEMBL5428131,,CHEMBL5428131,6.00,0,http://www.openphacts.org/units/Nanomolar,3963871,=,1,1,=,,IC50,nM,,1000.0,CHEMBL321,Homo sapiens,Matrix metalloproteinase-9,9606,,,IC50,nM,UO_0000065,,1000.0,,1000.0,CC(C)[C@@H](NS(=O)(=O)c1ccc(-c2nc(-c3ccc(Cn4cc(CCCCCF)nn4)s3)no2)cc1)C(=O)O,active
"{'action_type': 'INHIBITOR', 'description': 'Negatively effects (inhibits) the normal functioning of the protein e.g., prevention of enzymatic reaction or activation of downstream pathway', 'parent_type': 'NEGATIVE MODULATOR'}",,25481387,"[{'comments': None, 'relation': '=', 'result_flag': 0, 'standard_relation': '=', 'standard_text_value': None, 'standard_type': 'TIME', 'standard_units': 'hr', 'standard_value': '0.6667', 'text_value': None, 'type': 'TIME', 'units': 'min', 'value': '40.0'}]",CHEMBL5327370,"Inhibition of human recombinant MMP-9 (20 to 707 residues) Gln279Arg mutant expressed in CHO cells using (7-methoxycoumarin-4-y1)-acetyl-Pro-Leu-Gly-Leu-[3-(2,4-dinitropheny1)-L-2,3-diaminopropionyl]-Ala-Arg-NH2 as substrate preincubated with enzyme for 30 mins followed by substrate addition and measured after 10 mins by fluorescence based analysis",B,P14780,Q279R,BAO_0000190,BAO_0000219,cell-based format,Cc1ccc(-c2noc(-c3ccc(S(=O)(=O)N(C)[C@@H](C(=O)O)C(C)C)cc3)n2)s1,,,CHEMBL5325449,Bioorg Med Chem,2023.0,"{'bei': '17.09', 'le': '0.35', 'lle': '3.94', 'sei': '6.55'}",,CHEMBL5401833,,CHEMBL5401833,7.44,0,http://www.openphacts.org/units/Nanomolar,3963872,=,1,1,=,,IC50,nM,,36.0,CHEMBL321,Homo sapiens,Matrix metalloproteinase-9,9606,,,IC50,nM,UO_0000065,,36.0,,36.0,Cc1ccc(-c2noc(-c3ccc(S(=O)(=O)N(C)[C@@H](C(=O)O)C(C)C)cc3)n2)s1,active
"{'action_type': 'INHIBITOR', 'description': 'Negatively effects (inhibits) the normal functioning of the protein e.g., prevention of enzymatic reaction or activation of downstream pathway', 'parent_type': 'NEGATIVE MODULATOR'}",,25481388,"[{'comments': None, 'relation': '=', 'result_flag': 0, 'standard_relation': '=', 'standard_text_value': None, 'standard_type': 'TIME', 'standard_units': 'hr', 'standard_value': '0.6667', 'text_value': None, 'type': 'TIME', 'units': 'min', 'value': '40.0'}]",CHEMBL5327370,"Inhibition of human recombinant MMP-9 (20 to 707 residues) Gln279Arg mutant expressed in CHO cells using (7-methoxycoumarin-4-y1)-acetyl-Pro-Leu-Gly-Leu-[3-(2,4-dinitropheny1)-L-2,3-diaminopropionyl]-Ala-Arg-NH2 as substrate preincubated with enzyme for 30 mins followed by substrate addition and measured after 10 mins by fluorescence based analysis",B,P14780,Q279R,BAO_0000190,BAO_0000219,cell-based format,CCN([C@@H](C(=O)O)C(C)C)S(=O)(=O)c1ccc(-c2nc(-c3ccc(C)s3)no2)cc1,,,CHEMBL5325449,Bioorg Med Chem,2023.0,"{'bei': '16.64', 'le': '0.34', 'lle': '3.59', 'sei': '6.59'}",,CHEMBL5267731,,CHEMBL5267731,7.48,0,http://www.openphacts.org/units/Nanomolar,3963873,=,1,1,=,,IC50,nM,,33.0,CHEMBL321,Homo sapiens,Matrix metalloproteinase-9,9606,,,IC50,nM,UO_0000065,,33.0,,33.0,CCN([C@@H](C(=O)O)C(C)C)S(=O)(=O)c1ccc(-c2nc(-c3ccc(C)s3)no2)cc1,active
"{'action_type': 'INHIBITOR', 'description': 'Negatively effects (inhibits) the normal functioning of the protein e.g., prevention of enzymatic reaction or activation of downstream pathway', 'parent_type': 'NEGATIVE MODULATOR'}",,25481389,"[{'comments': None, 'relation': '=', 'result_flag': 0, 'standard_relation': '=', 'standard_text_value': None, 'standard_type': 'TIME', 'standard_units': 'hr', 'standard_value': '0.6667', 'text_value': None, 'type': 'TIME', 'units': 'min', 'value': '40.0'}]",CHEMBL5327370,"Inhibition of human recombinant MMP-9 (20 to 707 residues) Gln279Arg mutant expressed in CHO cells using (7-methoxycoumarin-4-y1)-acetyl-Pro-Leu-Gly-Leu-[3-(2,4-dinitropheny1)-L-2,3-diaminopropionyl]-Ala-Arg-NH2 as substrate preincubated with enzyme for 30 mins followed by substrate addition and measured after 10 mins by fluorescence based analysis",B,P14780,Q279R,BAO_0000190,BAO_0000219,cell-based format,Cc1ccc(-c2noc(-c3ccc(S(=O)(=O)N(CCF)[C@@H](C(=O)O)C(C)C)cc3)n2)s1,,,CHEMBL5325449,Bioorg Med Chem,2023.0,"{'bei': '15.97', 'le': '0.33', 'lle': '3.63', 'sei': '6.57'}",,CHEMBL5424250,,CHEMBL5424250,7.47,0,http://www.openphacts.org/units/Nanomolar,3963874,=,1,1,=,,IC50,nM,,34.0,CHEMBL321,Homo sapiens,Matrix metalloproteinase-9,9606,,,IC50,nM,UO_0000065,,34.0,,34.0,Cc1ccc(-c2noc(-c3ccc(S(=O)(=O)N(CCF)[C@@H](C(=O)O)C(C)C)cc3)n2)s1,active
"{'action_type': 'INHIBITOR', 'description': 'Negatively effects (inhibits) the normal functioning of the protein e.g., prevention of enzymatic reaction or activation of downstream pathway', 'parent_type': 'NEGATIVE MODULATOR'}",,25481390,"[{'comments': None, 'relation': '=', 'result_flag': 0, 'standard_relation': '=', 'standard_text_value': None, 'standard_type': 'TIME', 'standard_units': 'hr', 'standard_value': '0.6667', 'text_value': None, 'type': 'TIME', 'units': 'min', 'value': '40.0'}]",CHEMBL5327370,"Inhibition of human recombinant MMP-9 (20 to 707 residues) Gln279Arg mutant expressed in CHO cells using (7-methoxycoumarin-4-y1)-acetyl-Pro-Leu-Gly-Leu-[3-(2,4-dinitropheny1)-L-2,3-diaminopropionyl]-Ala-Arg-NH2 as substrate preincubated with enzyme for 30 mins followed by substrate addition and measured after 10 mins by fluorescence based analysis",B,P14780,Q279R,BAO_0000190,BAO_0000219,cell-based format,CCCCN([C@@H](C(=O)O)C(C)C)S(=O)(=O)c1ccc(-c2nc(-c3ccc(C)s3)no2)cc1,,,CHEMBL5325449,Bioorg Med Chem,2023.0,"{'bei': '14.78', 'le': '0.30', 'lle': '2.39', 'sei': '6.22'}",,CHEMBL5396285,,CHEMBL5396285,7.06,0,http://www.openphacts.org/units/Nanomolar,3963875,=,1,1,=,,IC50,nM,,87.0,CHEMBL321,Homo sapiens,Matrix metalloproteinase-9,9606,,,IC50,nM,UO_0000065,,87.0,,87.0,CCCCN([C@@H](C(=O)O)C(C)C)S(=O)(=O)c1ccc(-c2nc(-c3ccc(C)s3)no2)cc1,active
"{'action_type': 'INHIBITOR', 'description': 'Negatively effects (inhibits) the normal functioning of the protein e.g., prevention of enzymatic reaction or activation of downstream pathway', 'parent_type': 'NEGATIVE MODULATOR'}",,25481391,"[{'comments': None, 'relation': '=', 'result_flag': 0, 'standard_relation': '=', 'standard_text_value': None, 'standard_type': 'TIME', 'standard_units': 'hr', 'standard_value': '0.6667', 'text_value': None, 'type': 'TIME', 'units': 'min', 'value': '40.0'}]",CHEMBL5327370,"Inhibition of human recombinant MMP-9 (20 to 707 residues) Gln279Arg mutant expressed in CHO cells using (7-methoxycoumarin-4-y1)-acetyl-Pro-Leu-Gly-Leu-[3-(2,4-dinitropheny1)-L-2,3-diaminopropionyl]-Ala-Arg-NH2 as substrate preincubated with enzyme for 30 mins followed by substrate addition and measured after 10 mins by fluorescence based analysis",B,P14780,Q279R,BAO_0000190,BAO_0000219,cell-based format,Cc1ccc(-c2noc(-c3ccc(S(=O)(=O)N(CCCCF)[C@@H](C(=O)O)C(C)C)cc3)n2)s1,,,CHEMBL5325449,Bioorg Med Chem,2023.0,"{'bei': '15.34', 'le': '0.31', 'lle': '2.98', 'sei': '6.69'}",,CHEMBL5406867,,CHEMBL5406867,7.60,0,http://www.openphacts.org/units/Nanomolar,3963876,=,1,1,=,,IC50,nM,,25.0,CHEMBL321,Homo sapiens,Matrix metalloproteinase-9,9606,,,IC50,nM,UO_0000065,,25.0,,25.0,Cc1ccc(-c2noc(-c3ccc(S(=O)(=O)N(CCCCF)[C@@H](C(=O)O)C(C)C)cc3)n2)s1,active
"{'action_type': 'INHIBITOR', 'description': 'Negatively effects (inhibits) the normal functioning of the protein e.g., prevention of enzymatic reaction or activation of downstream pathway', 'parent_type': 'NEGATIVE MODULATOR'}",,25481392,"[{'comments': None, 'relation': '=', 'result_flag': 0, 'standard_relation': '=', 'standard_text_value': None, 'standard_type': 'TIME', 'standard_units': 'hr', 'standard_value': '0.6667', 'text_value': None, 'type': 'TIME', 'units': 'min', 'value': '40.0'}]",CHEMBL5327370,"Inhibition of human recombinant MMP-9 (20 to 707 residues) Gln279Arg mutant expressed in CHO cells using (7-methoxycoumarin-4-y1)-acetyl-Pro-Leu-Gly-Leu-[3-(2,4-dinitropheny1)-L-2,3-diaminopropionyl]-Ala-Arg-NH2 as substrate preincubated with enzyme for 30 mins followed by substrate addition and measured after 10 mins by fluorescence based analysis",B,P14780,Q279R,BAO_0000190,BAO_0000219,cell-based format,Cc1ccc(-c2noc(-c3ccc(S(=O)(=O)N(CCCC(F)(F)F)[C@@H](C(=O)O)C(C)C)cc3)n2)s1,,,CHEMBL5325449,Bioorg Med Chem,2023.0,"{'bei': '12.82', 'le': '0.27', 'lle': '1.59', 'sei': '6.00'}",,CHEMBL5419103,,CHEMBL5419103,6.81,0,http://www.openphacts.org/units/Nanomolar,3963877,=,1,1,=,,IC50,nM,,154.0,CHEMBL321,Homo sapiens,Matrix metalloproteinase-9,9606,,,IC50,nM,UO_0000065,,154.0,,154.0,Cc1ccc(-c2noc(-c3ccc(S(=O)(=O)N(CCCC(F)(F)F)[C@@H](C(=O)O)C(C)C)cc3)n2)s1,active
"{'action_type': 'INHIBITOR', 'description': 'Negatively effects (inhibits) the normal functioning of the protein e.g., prevention of enzymatic reaction or activation of downstream pathway', 'parent_type': 'NEGATIVE MODULATOR'}",,25481393,"[{'comments': None, 'relation': '=', 'result_flag': 0, 'standard_relation': '=', 'standard_text_value': None, 'standard_type': 'TIME', 'standard_units': 'hr', 'standard_value': '0.6667', 'text_value': None, 'type': 'TIME', 'units': 'min', 'value': '40.0'}]",CHEMBL5327370,"Inhibition of human recombinant MMP-9 (20 to 707 residues) Gln279Arg mutant expressed in CHO cells using (7-methoxycoumarin-4-y1)-acetyl-Pro-Leu-Gly-Leu-[3-(2,4-dinitropheny1)-L-2,3-diaminopropionyl]-Ala-Arg-NH2 as substrate preincubated with enzyme for 30 mins followed by substrate addition and measured after 10 mins by fluorescence based analysis",B,P14780,Q279R,BAO_0000190,BAO_0000219,cell-based format,CCCN([C@@H](C(=O)O)C(C)C)S(=O)(=O)c1ccc(-c2nc(-c3ccc(C)s3)no2)cc1,,,CHEMBL5325449,Bioorg Med Chem,2023.0,"{'bei': '15.18', 'le': '0.31', 'lle': '2.76', 'sei': '6.19'}",,CHEMBL5434496,,CHEMBL5434496,7.04,0,http://www.openphacts.org/units/Nanomolar,3963878,=,1,1,=,,IC50,nM,,92.0,CHEMBL321,Homo sapiens,Matrix metalloproteinase-9,9606,,,IC50,nM,UO_0000065,,92.0,,92.0,CCCN([C@@H](C(=O)O)C(C)C)S(=O)(=O)c1ccc(-c2nc(-c3ccc(C)s3)no2)cc1,active
"{'action_type': 'INHIBITOR', 'description': 'Negatively effects (inhibits) the normal functioning of the protein e.g., prevention of enzymatic reaction or activation of downstream pathway', 'parent_type': 'NEGATIVE MODULATOR'}",,25481394,"[{'comments': None, 'relation': '=', 'result_flag': 0, 'standard_relation': '=', 'standard_text_value': None, 'standard_type': 'TIME', 'standard_units': 'hr', 'standard_value': '0.6667', 'text_value': None, 'type': 'TIME', 'units': 'min', 'value': '40.0'}]",CHEMBL5327370,"Inhibition of human recombinant MMP-9 (20 to 707 residues) Gln279Arg mutant expressed in CHO cells using (7-methoxycoumarin-4-y1)-acetyl-Pro-Leu-Gly-Leu-[3-(2,4-dinitropheny1)-L-2,3-diaminopropionyl]-Ala-Arg-NH2 as substrate preincubated with enzyme for 30 mins followed by substrate addition and measured after 10 mins by fluorescence based analysis",B,P14780,Q279R,BAO_0000190,BAO_0000219,cell-based format,CCCCCN([C@@H](C(=O)O)C(C)C)S(=O)(=O)c1ccc(-c2nc(-c3ccc(C)s3)no2)cc1,,,CHEMBL5325449,Bioorg Med Chem,2023.0,"{'bei': '14.36', 'le': '0.29', 'lle': '2.00', 'sei': '6.22'}",,CHEMBL5406674,,CHEMBL5406674,7.06,0,http://www.openphacts.org/units/Nanomolar,3963879,=,1,1,=,,IC50,nM,,87.0,CHEMBL321,Homo sapiens,Matrix metalloproteinase-9,9606,,,IC50,nM,UO_0000065,,87.0,,87.0,CCCCCN([C@@H](C(=O)O)C(C)C)S(=O)(=O)c1ccc(-c2nc(-c3ccc(C)s3)no2)cc1,active
"{'action_type': 'INHIBITOR', 'description': 'Negatively effects (inhibits) the normal functioning of the protein e.g., prevention of enzymatic reaction or activation of downstream pathway', 'parent_type': 'NEGATIVE MODULATOR'}",,25481395,"[{'comments': None, 'relation': '=', 'result_flag': 0, 'standard_relation': '=', 'standard_text_value': None, 'standard_type': 'TIME', 'standard_units': 'hr', 'standard_value': '0.6667', 'text_value': None, 'type': 'TIME', 'units': 'min', 'value': '40.0'}]",CHEMBL5327370,"Inhibition of human recombinant MMP-9 (20 to 707 residues) Gln279Arg mutant expressed in CHO cells using (7-methoxycoumarin-4-y1)-acetyl-Pro-Leu-Gly-Leu-[3-(2,4-dinitropheny1)-L-2,3-diaminopropionyl]-Ala-Arg-NH2 as substrate preincubated with enzyme for 30 mins followed by substrate addition and measured after 10 mins by fluorescence based analysis",B,P14780,Q279R,BAO_0000190,BAO_0000219,cell-based format,CCCCCCN([C@@H](C(=O)O)C(C)C)S(=O)(=O)c1ccc(-c2nc(-c3ccc(C)s3)no2)cc1,,,CHEMBL5325449,Bioorg Med Chem,2023.0,"{'bei': '12.82', 'le': '0.26', 'lle': '1.03', 'sei': '5.71'}",,CHEMBL5420372,,CHEMBL5420372,6.48,0,http://www.openphacts.org/units/Nanomolar,3963880,=,1,1,=,,IC50,nM,,329.0,CHEMBL321,Homo sapiens,Matrix metalloproteinase-9,9606,,,IC50,nM,UO_0000065,,329.0,,329.0,CCCCCCN([C@@H](C(=O)O)C(C)C)S(=O)(=O)c1ccc(-c2nc(-c3ccc(C)s3)no2)cc1,active
"{'action_type': 'INHIBITOR', 'description': 'Negatively effects (inhibits) the normal functioning of the protein e.g., prevention of enzymatic reaction or activation of downstream pathway', 'parent_type': 'NEGATIVE MODULATOR'}",,25481396,"[{'comments': None, 'relation': '=', 'result_flag': 0, 'standard_relation': '=', 'standard_text_value': None, 'standard_type': 'TIME', 'standard_units': 'hr', 'standard_value': '0.6667', 'text_value': None, 'type': 'TIME', 'units': 'min', 'value': '40.0'}]",CHEMBL5327370,"Inhibition of human recombinant MMP-9 (20 to 707 residues) Gln279Arg mutant expressed in CHO cells using (7-methoxycoumarin-4-y1)-acetyl-Pro-Leu-Gly-Leu-[3-(2,4-dinitropheny1)-L-2,3-diaminopropionyl]-Ala-Arg-NH2 as substrate preincubated with enzyme for 30 mins followed by substrate addition and measured after 10 mins by fluorescence based analysis",B,P14780,Q279R,BAO_0000190,BAO_0000219,cell-based format,CCCCCCCCN([C@@H](C(=O)O)C(C)C)S(=O)(=O)c1ccc(-c2nc(-c3ccc(C)s3)no2)cc1,,,CHEMBL5325449,Bioorg Med Chem,2023.0,"{'bei': '10.11', 'le': '0.20', 'lle': '-0.83', 'sei': '4.75'}",,CHEMBL5405287,,CHEMBL5405287,5.40,0,http://www.openphacts.org/units/Nanomolar,3963881,=,1,1,=,,IC50,nM,,4000.0,CHEMBL321,Homo sapiens,Matrix metalloproteinase-9,9606,,,IC50,nM,UO_0000065,,4000.0,,4000.0,CCCCCCCCN([C@@H](C(=O)O)C(C)C)S(=O)(=O)c1ccc(-c2nc(-c3ccc(C)s3)no2)cc1,intermediate
"{'action_type': 'INHIBITOR', 'description': 'Negatively effects (inhibits) the normal functioning of the protein e.g., prevention of enzymatic reaction or activation of downstream pathway', 'parent_type': 'NEGATIVE MODULATOR'}",,25481398,"[{'comments': None, 'relation': '=', 'result_flag': 0, 'standard_relation': '=', 'standard_text_value': None, 'standard_type': 'TIME', 'standard_units': 'hr', 'standard_value': '0.6667', 'text_value': None, 'type': 'TIME', 'units': 'min', 'value': '40.0'}]",CHEMBL5327370,"Inhibition of human recombinant MMP-9 (20 to 707 residues) Gln279Arg mutant expressed in CHO cells using (7-methoxycoumarin-4-y1)-acetyl-Pro-Leu-Gly-Leu-[3-(2,4-dinitropheny1)-L-2,3-diaminopropionyl]-Ala-Arg-NH2 as substrate preincubated with enzyme for 30 mins followed by substrate addition and measured after 10 mins by fluorescence based analysis",B,P14780,Q279R,BAO_0000190,BAO_0000219,cell-based format,Cc1ccc(-c2noc(-c3ccc(S(=O)(=O)N(Cc4ccccc4)[C@@H](C(=O)O)C(C)C)cc3)n2)s1,,,CHEMBL5325449,Bioorg Med Chem,2023.0,"{'bei': '13.73', 'le': '0.27', 'lle': '1.95', 'sei': '6.18'}",,CHEMBL5395662,,CHEMBL5395662,7.02,0,http://www.openphacts.org/units/Nanomolar,3963883,=,1,1,=,,IC50,nM,,95.0,CHEMBL321,Homo sapiens,Matrix metalloproteinase-9,9606,,,IC50,nM,UO_0000065,,95.0,,95.0,Cc1ccc(-c2noc(-c3ccc(S(=O)(=O)N(Cc4ccccc4)[C@@H](C(=O)O)C(C)C)cc3)n2)s1,active
"{'action_type': 'INHIBITOR', 'description': 'Negatively effects (inhibits) the normal functioning of the protein e.g., prevention of enzymatic reaction or activation of downstream pathway', 'parent_type': 'NEGATIVE MODULATOR'}",,25481399,"[{'comments': None, 'relation': '=', 'result_flag': 0, 'standard_relation': '=', 'standard_text_value': None, 'standard_type': 'TIME', 'standard_units': 'hr', 'standard_value': '0.6667', 'text_value': None, 'type': 'TIME', 'units': 'min', 'value': '40.0'}]",CHEMBL5327370,"Inhibition of human recombinant MMP-9 (20 to 707 residues) Gln279Arg mutant expressed in CHO cells using (7-methoxycoumarin-4-y1)-acetyl-Pro-Leu-Gly-Leu-[3-(2,4-dinitropheny1)-L-2,3-diaminopropionyl]-Ala-Arg-NH2 as substrate preincubated with enzyme for 30 mins followed by substrate addition and measured after 10 mins by fluorescence based analysis",B,P14780,Q279R,BAO_0000190,BAO_0000219,cell-based format,Cc1ccc(-c2noc(-c3ccc(S(=O)(=O)N(CCCCCCCCCCCCN=[N+]=[N-])[C@@H](C(=O)O)C(C)C)cc3)n2)s1,,,CHEMBL5325449,Bioorg Med Chem,2023.0,"{'bei': '9.56', 'le': '0.19', 'lle': '-2.05', 'sei': '3.71'}",,CHEMBL5413782,,CHEMBL5413782,6.03,0,http://www.openphacts.org/units/Nanomolar,3963884,=,1,1,=,,IC50,nM,,933.0,CHEMBL321,Homo sapiens,Matrix metalloproteinase-9,9606,,,IC50,nM,UO_0000065,,933.0,,933.0,Cc1ccc(-c2noc(-c3ccc(S(=O)(=O)N(CCCCCCCCCCCCN=[N+]=[N-])[C@@H](C(=O)O)C(C)C)cc3)n2)s1,active
"{'action_type': 'INHIBITOR', 'description': 'Negatively effects (inhibits) the normal functioning of the protein e.g., prevention of enzymatic reaction or activation of downstream pathway', 'parent_type': 'NEGATIVE MODULATOR'}",,25481400,"[{'comments': None, 'relation': '=', 'result_flag': 0, 'standard_relation': '=', 'standard_text_value': None, 'standard_type': 'TIME', 'standard_units': 'hr', 'standard_value': '0.6667', 'text_value': None, 'type': 'TIME', 'units': 'min', 'value': '40.0'}]",CHEMBL5327370,"Inhibition of human recombinant MMP-9 (20 to 707 residues) Gln279Arg mutant expressed in CHO cells using (7-methoxycoumarin-4-y1)-acetyl-Pro-Leu-Gly-Leu-[3-(2,4-dinitropheny1)-L-2,3-diaminopropionyl]-Ala-Arg-NH2 as substrate preincubated with enzyme for 30 mins followed by substrate addition and measured after 10 mins by fluorescence based analysis",B,P14780,Q279R,BAO_0000190,BAO_0000219,cell-based format,Cc1ccc(-c2noc(-c3ccc(S(=O)(=O)N(CCOCOCCCOCCN=[N+]=[N-])[C@@H](C(=O)O)C(C)C)cc3)n2)s1,,,CHEMBL5325449,Bioorg Med Chem,2023.0,"{'bei': '11.95', 'le': '0.24', 'lle': '2.86', 'sei': '3.92'}",,CHEMBL5430097,,CHEMBL5430097,7.44,0,http://www.openphacts.org/units/Nanomolar,3963885,=,1,1,=,,IC50,nM,,36.0,CHEMBL321,Homo sapiens,Matrix metalloproteinase-9,9606,,,IC50,nM,UO_0000065,,36.0,,36.0,Cc1ccc(-c2noc(-c3ccc(S(=O)(=O)N(CCOCOCCCOCCN=[N+]=[N-])[C@@H](C(=O)O)C(C)C)cc3)n2)s1,active
"{'action_type': 'INHIBITOR', 'description': 'Negatively effects (inhibits) the normal functioning of the protein e.g., prevention of enzymatic reaction or activation of downstream pathway', 'parent_type': 'NEGATIVE MODULATOR'}",,25534617,"[{'comments': None, 'relation': '=', 'result_flag': 0, 'standard_relation': '=', 'standard_text_value': None, 'standard_type': 'TIME', 'standard_units': 'hr', 'standard_value': '0.5', 'text_value': None, 'type': 'TIME', 'units': 'min', 'value': '30.0'}]",CHEMBL5342052,Inhibition of human recombinant MMP-9 incubated for 30 mins by fluorescence based analysis,B,,,BAO_0000190,BAO_0000357,single protein format,CNC(=O)[C@@H](NC(=O)[C@H](CC(C)C)[C@H](O)C(=O)NO)C(C)(C)C,,,CHEMBL5338774,J Med Chem,2023.0,"{'bei': '25.13', 'le': '0.49', 'lle': '8.54', 'sei': '6.52'}",,CHEMBL279785,MARIMASTAT,CHEMBL279785,8.33,0,http://www.openphacts.org/units/Nanomolar,3973929,=,1,1,=,,IC50,nM,,4.7,CHEMBL321,Homo sapiens,Matrix metalloproteinase-9,9606,,,IC50,nM,UO_0000065,,4.7,,4.7,CNC(=O)[C@@H](NC(=O)[C@H](CC(C)C)[C@H](O)C(=O)NO)C(C)(C)C,active
"{'action_type': 'INHIBITOR', 'description': 'Negatively effects (inhibits) the normal functioning of the protein e.g., prevention of enzymatic reaction or activation of downstream pathway', 'parent_type': 'NEGATIVE MODULATOR'}",,25872526,"[{'comments': None, 'relation': '=', 'result_flag': 0, 'standard_relation': '=', 'standard_text_value': None, 'standard_type': 'TIME', 'standard_units': 'hr', 'standard_value': '0.05', 'text_value': None, 'type': 'TIME', 'units': 'min', 'value': '3.0'}]",CHEMBL5513325,Inhibition of MMP-9 catalytic domain (unknown origin) using Mca-Pro-Leu-Gly-Leu-Dpa-Ala-Arg-NH2 as substrate measured for 3 mins by fluorimetric assay,B,,,BAO_0000190,BAO_0000357,single protein format,CC(C(=O)N(C)N1C(=O)CSC1c1ccc(C(=O)O)cc1)c1nsc2ccccc12,,,CHEMBL5512611,Eur J Med Chem,2024.0,"{'bei': '16.76', 'le': '0.34', 'lle': '3.65', 'sei': '8.15'}",,CHEMBL5558542,,CHEMBL5558542,7.40,0,http://www.openphacts.org/units/Nanomolar,4062286,=,1,1,=,,IC50,nM,,40.0,CHEMBL321,Homo sapiens,Matrix metalloproteinase-9,9606,,,IC50,nM,UO_0000065,,40.0,,40.0,CC(C(=O)N(C)N1C(=O)CSC1c1ccc(C(=O)O)cc1)c1nsc2ccccc12,active
"{'action_type': 'INHIBITOR', 'description': 'Negatively effects (inhibits) the normal functioning of the protein e.g., prevention of enzymatic reaction or activation of downstream pathway', 'parent_type': 'NEGATIVE MODULATOR'}",,25872527,"[{'comments': None, 'relation': '=', 'result_flag': 0, 'standard_relation': '=', 'standard_text_value': None, 'standard_type': 'TIME', 'standard_units': 'hr', 'standard_value': '0.05', 'text_value': None, 'type': 'TIME', 'units': 'min', 'value': '3.0'}]",CHEMBL5513325,Inhibition of MMP-9 catalytic domain (unknown origin) using Mca-Pro-Leu-Gly-Leu-Dpa-Ala-Arg-NH2 as substrate measured for 3 mins by fluorimetric assay,B,,,BAO_0000190,BAO_0000357,single protein format,CC(C(=O)N(C)N1C(=O)CSC1c1ccc(O)cc1)c1nsc2ccccc12,,,CHEMBL5512611,Eur J Med Chem,2024.0,"{'bei': '15.77', 'le': '0.32', 'lle': '2.77', 'sei': '8.85'}",,CHEMBL5560685,,CHEMBL5560685,6.52,0,http://www.openphacts.org/units/Nanomolar,4062287,=,1,1,=,,IC50,nM,,300.0,CHEMBL321,Homo sapiens,Matrix metalloproteinase-9,9606,,,IC50,nM,UO_0000065,,300.0,,300.0,CC(C(=O)N(C)N1C(=O)CSC1c1ccc(O)cc1)c1nsc2ccccc12,active
"{'action_type': 'INHIBITOR', 'description': 'Negatively effects (inhibits) the normal functioning of the protein e.g., prevention of enzymatic reaction or activation of downstream pathway', 'parent_type': 'NEGATIVE MODULATOR'}",,25872538,[],CHEMBL5513329,Inhibition of MMP-9 (unknown origin),B,,,BAO_0000190,BAO_0000357,single protein format,CCC[C@H](C(=O)O)N(Cc1cccnc1)S(=O)(=O)c1ccc(OC)cc1,,,CHEMBL5512611,Eur J Med Chem,2024.0,"{'bei': '13.36', 'le': '0.27', 'lle': '2.53', 'sei': '5.22'}",,CHEMBL5542686,,CHEMBL5542686,5.06,0,http://www.openphacts.org/units/Nanomolar,4062291,=,1,1,=,,IC50,nM,,8800.0,CHEMBL321,Homo sapiens,Matrix metalloproteinase-9,9606,,,IC50,nM,UO_0000065,,8800.0,,8800.0,CCC[C@H](C(=O)O)N(Cc1cccnc1)S(=O)(=O)c1ccc(OC)cc1,intermediate
"{'action_type': 'INHIBITOR', 'description': 'Negatively effects (inhibits) the normal functioning of the protein e.g., prevention of enzymatic reaction or activation of downstream pathway', 'parent_type': 'NEGATIVE MODULATOR'}",,25872540,[],CHEMBL5513329,Inhibition of MMP-9 (unknown origin),B,,,BAO_0000190,BAO_0000357,single protein format,CCC[C@@H](C(=O)NO)N(Cc1cccnc1)S(=O)(=O)c1ccc(OC)cc1,,,CHEMBL5512611,Eur J Med Chem,2024.0,"{'bei': '21.19', 'le': '0.42', 'lle': '6.38', 'sei': '7.66'}",,CHEMBL5567551,,CHEMBL5567551,8.34,0,http://www.openphacts.org/units/Nanomolar,4062293,=,1,1,=,,IC50,nM,,4.6,CHEMBL321,Homo sapiens,Matrix metalloproteinase-9,9606,,,IC50,nM,UO_0000065,,4.6,,4.6,CCC[C@@H](C(=O)NO)N(Cc1cccnc1)S(=O)(=O)c1ccc(OC)cc1,active
"{'action_type': 'INHIBITOR', 'description': 'Negatively effects (inhibits) the normal functioning of the protein e.g., prevention of enzymatic reaction or activation of downstream pathway', 'parent_type': 'NEGATIVE MODULATOR'}",,25872541,[],CHEMBL5513329,Inhibition of MMP-9 (unknown origin),B,,,BAO_0000190,BAO_0000357,single protein format,CCC[C@H](C(=O)NO)N(Cc1cccnc1)S(=O)(=O)c1ccc(OC)cc1,,,CHEMBL5512611,Eur J Med Chem,2024.0,"{'bei': '15.64', 'le': '0.31', 'lle': '4.19', 'sei': '5.66'}",,CHEMBL5560889,,CHEMBL5560889,6.16,0,http://www.openphacts.org/units/Nanomolar,4062294,=,1,1,=,,IC50,nM,,700.0,CHEMBL321,Homo sapiens,Matrix metalloproteinase-9,9606,,,IC50,nM,UO_0000065,,700.0,,700.0,CCC[C@H](C(=O)NO)N(Cc1cccnc1)S(=O)(=O)c1ccc(OC)cc1,active
"{'action_type': 'INHIBITOR', 'description': 'Negatively effects (inhibits) the normal functioning of the protein e.g., prevention of enzymatic reaction or activation of downstream pathway', 'parent_type': 'NEGATIVE MODULATOR'}",,25872550,"[{'comments': None, 'relation': '=', 'result_flag': 0, 'standard_relation': '=', 'standard_text_value': None, 'standard_type': 'TIME', 'standard_units': 'hr', 'standard_value': '0.3333', 'text_value': None, 'type': 'TIME', 'units': 'min', 'value': '20.0'}]",CHEMBL5513333,"Inhibition of human MMP-9 using 7-methoxycoumarin-4-yl)acetyl-Pro-Leu-Gly-Leu-(N3-(2,4-dinitrophenyl)-L-2,3-diaminopropionyl)-Ala-Arg-NH2 as substrate preincubated for 5 mins followed by enzyme addition and measured after 15 mins by fluorescence based analysis",B,,,BAO_0000190,BAO_0000357,single protein format,C[C@H](C[C@H](COC(=O)CCC(=O)O)NC(=O)c1ccc(Oc2ccccc2)cc1)C(=O)NO,,,CHEMBL5512611,Eur J Med Chem,2024.0,"{'bei': '18.66', 'le': '0.35', 'lle': '6.03', 'sei': '5.65'}",,CHEMBL5568549,,CHEMBL5568549,8.55,0,http://www.openphacts.org/units/Nanomolar,4062301,=,1,1,=,,IC50,nM,,2.8,CHEMBL321,Homo sapiens,Matrix metalloproteinase-9,9606,,,IC50,nM,UO_0000065,,2.8,,2.8,C[C@H](C[C@H](COC(=O)CCC(=O)O)NC(=O)c1ccc(Oc2ccccc2)cc1)C(=O)NO,active
"{'action_type': 'INHIBITOR', 'description': 'Negatively effects (inhibits) the normal functioning of the protein e.g., prevention of enzymatic reaction or activation of downstream pathway', 'parent_type': 'NEGATIVE MODULATOR'}",,25872551,"[{'comments': None, 'relation': '=', 'result_flag': 0, 'standard_relation': '=', 'standard_text_value': None, 'standard_type': 'TIME', 'standard_units': 'hr', 'standard_value': '0.3333', 'text_value': None, 'type': 'TIME', 'units': 'min', 'value': '20.0'}]",CHEMBL5513333,"Inhibition of human MMP-9 using 7-methoxycoumarin-4-yl)acetyl-Pro-Leu-Gly-Leu-(N3-(2,4-dinitrophenyl)-L-2,3-diaminopropionyl)-Ala-Arg-NH2 as substrate preincubated for 5 mins followed by enzyme addition and measured after 15 mins by fluorescence based analysis",B,,,BAO_0000190,BAO_0000357,single protein format,C[C@H](C[C@H](CO)NC(=O)c1ccc(Oc2ccccc2)cc1)C(=O)NO,,,CHEMBL5512611,Eur J Med Chem,2024.0,"{'bei': '25.38', 'le': '0.48', 'lle': '7.00', 'sei': '8.43'}",,CHEMBL5558206,,CHEMBL5558206,9.10,0,http://www.openphacts.org/units/Nanomolar,4062302,=,1,1,=,,IC50,nM,,0.8,CHEMBL321,Homo sapiens,Matrix metalloproteinase-9,9606,,,IC50,nM,UO_0000065,,0.8,,0.8,C[C@H](C[C@H](CO)NC(=O)c1ccc(Oc2ccccc2)cc1)C(=O)NO,active
"{'action_type': 'INHIBITOR', 'description': 'Negatively effects (inhibits) the normal functioning of the protein e.g., prevention of enzymatic reaction or activation of downstream pathway', 'parent_type': 'NEGATIVE MODULATOR'}",,25872558,"[{'comments': None, 'relation': '=', 'result_flag': 0, 'standard_relation': '=', 'standard_text_value': None, 'standard_type': 'TIME', 'standard_units': 'hr', 'standard_value': '1.0', 'text_value': None, 'type': 'TIME', 'units': 'min', 'value': '60.0'}]",CHEMBL5513338,Inhibition of human recombinant MMP-9 using Ac-PLG-[2-mercapto-4-methyl pentanoyl]-LG-OC2H5 as chromogenic substrate incubated for 60 mins by colorimetric assay,B,,,BAO_0000190,BAO_0000357,single protein format,S=c1n(CN2CCN(Cn3nc(Cn4cc(-c5ccccc5)nn4)n(-c4ccccc4)c3=S)CC2)nc(Cn2cc(-c3ccccc3)nn2)n1-c1ccccc1,,,CHEMBL5512611,Eur J Med Chem,2024.0,"{'bei': '8.80', 'le': '0.17', 'lle': '0.88', 'sei': '6.04'}",,CHEMBL5291044,,CHEMBL5291044,6.85,0,http://www.openphacts.org/units/Nanomolar,4062304,=,1,1,=,,IC50,nM,,140.0,CHEMBL321,Homo sapiens,Matrix metalloproteinase-9,9606,,,IC50,uM,UO_0000065,,0.14,,140.0,S=c1n(CN2CCN(Cn3nc(Cn4cc(-c5ccccc5)nn4)n(-c4ccccc4)c3=S)CC2)nc(Cn2cc(-c3ccccc3)nn2)n1-c1ccccc1,active
"{'action_type': 'INHIBITOR', 'description': 'Negatively effects (inhibits) the normal functioning of the protein e.g., prevention of enzymatic reaction or activation of downstream pathway', 'parent_type': 'NEGATIVE MODULATOR'}",,25872559,"[{'comments': None, 'relation': '=', 'result_flag': 0, 'standard_relation': '=', 'standard_text_value': None, 'standard_type': 'TIME', 'standard_units': 'hr', 'standard_value': '1.0', 'text_value': None, 'type': 'TIME', 'units': 'min', 'value': '60.0'}]",CHEMBL5513338,Inhibition of human recombinant MMP-9 using Ac-PLG-[2-mercapto-4-methyl pentanoyl]-LG-OC2H5 as chromogenic substrate incubated for 60 mins by colorimetric assay,B,,,BAO_0000190,BAO_0000357,single protein format,CCn1c(Cn2cc(-c3ccccc3)nn2)nn(CN2CCN(Cn3nc(Cn4cc(-c5ccccc5)nn4)n(CC)c3=S)CC2)c1=S,,,CHEMBL5512611,Eur J Med Chem,2024.0,"{'bei': '9.39', 'le': '0.18', 'lle': '2.38', 'sei': '5.65'}",,CHEMBL5269640,,CHEMBL5269640,6.41,0,http://www.openphacts.org/units/Nanomolar,4062305,=,1,1,=,,IC50,nM,,390.0,CHEMBL321,Homo sapiens,Matrix metalloproteinase-9,9606,,,IC50,uM,UO_0000065,,0.39,,390.0,CCn1c(Cn2cc(-c3ccccc3)nn2)nn(CN2CCN(Cn3nc(Cn4cc(-c5ccccc5)nn4)n(CC)c3=S)CC2)c1=S,active
"{'action_type': 'INHIBITOR', 'description': 'Negatively effects (inhibits) the normal functioning of the protein e.g., prevention of enzymatic reaction or activation of downstream pathway', 'parent_type': 'NEGATIVE MODULATOR'}",,25911301,"[{'comments': None, 'relation': '=', 'result_flag': 0, 'standard_relation': '=', 'standard_text_value': None, 'standard_type': 'TIME', 'standard_units': 'hr', 'standard_value': '1.0', 'text_value': None, 'type': 'TIME', 'units': 'hrs', 'value': '1.0'}]",CHEMBL5525329,Inhibition of MMP-9 (unknown origin) using chromogenic substrate incubated for 1 hr by microplate photometer analysis,B,,,BAO_0000190,BAO_0000357,single protein format,CCCCNC(=O)CC[C@@H](NS(=O)(=O)c1ccc([N+](=O)[O-])cc1)C(=O)O,,,CHEMBL5523721,Eur J Med Chem,2024.0,"{'bei': '15.69', 'le': '0.32', 'lle': '5.06', 'sei': '3.90'}",,CHEMBL5561148,,CHEMBL5561148,6.08,0,http://www.openphacts.org/units/Nanomolar,4069728,=,1,1,=,,IC50,nM,,833.21,CHEMBL321,Homo sapiens,Matrix metalloproteinase-9,9606,,,IC50,nM,UO_0000065,,833.21,,833.21,CCCCNC(=O)CC[C@@H](NS(=O)(=O)c1ccc([N+](=O)[O-])cc1)C(=O)O,active
"{'action_type': 'INHIBITOR', 'description': 'Negatively effects (inhibits) the normal functioning of the protein e.g., prevention of enzymatic reaction or activation of downstream pathway', 'parent_type': 'NEGATIVE MODULATOR'}",,25911302,"[{'comments': None, 'relation': '=', 'result_flag': 0, 'standard_relation': '=', 'standard_text_value': None, 'standard_type': 'TIME', 'standard_units': 'hr', 'standard_value': '1.0', 'text_value': None, 'type': 'TIME', 'units': 'hrs', 'value': '1.0'}]",CHEMBL5525329,Inhibition of MMP-9 (unknown origin) using chromogenic substrate incubated for 1 hr by microplate photometer analysis,B,,,BAO_0000190,BAO_0000357,single protein format,O=C(CC[C@@H](NS(=O)(=O)c1ccc([N+](=O)[O-])cc1)C(=O)O)NCc1ccccc1,,,CHEMBL5523721,Eur J Med Chem,2024.0,"{'bei': '14.83', 'le': '0.29', 'lle': '4.83', 'sei': '4.01'}",,CHEMBL5560744,,CHEMBL5560744,6.25,0,http://www.openphacts.org/units/Nanomolar,4069731,=,1,1,=,,IC50,nM,,560.7,CHEMBL321,Homo sapiens,Matrix metalloproteinase-9,9606,,,IC50,nM,UO_0000065,,560.7,,560.7,O=C(CC[C@@H](NS(=O)(=O)c1ccc([N+](=O)[O-])cc1)C(=O)O)NCc1ccccc1,active
"{'action_type': 'INHIBITOR', 'description': 'Negatively effects (inhibits) the normal functioning of the protein e.g., prevention of enzymatic reaction or activation of downstream pathway', 'parent_type': 'NEGATIVE MODULATOR'}",,25911303,"[{'comments': None, 'relation': '=', 'result_flag': 0, 'standard_relation': '=', 'standard_text_value': None, 'standard_type': 'TIME', 'standard_units': 'hr', 'standard_value': '1.0', 'text_value': None, 'type': 'TIME', 'units': 'hrs', 'value': '1.0'}]",CHEMBL5525329,Inhibition of MMP-9 (unknown origin) using chromogenic substrate incubated for 1 hr by microplate photometer analysis,B,,,BAO_0000190,BAO_0000357,single protein format,CNC(=O)CC[C@@H](NS(=O)(=O)c1ccc(C)cc1)C(=O)O,,,CHEMBL5523721,Eur J Med Chem,2024.0,"{'bei': '19.87', 'le': '0.41', 'lle': '6.00', 'sei': '5.55'}",,CHEMBL5561001,,CHEMBL5561001,6.25,0,http://www.openphacts.org/units/Nanomolar,4069733,=,1,1,=,,IC50,nM,,566.43,CHEMBL321,Homo sapiens,Matrix metalloproteinase-9,9606,,,IC50,nM,UO_0000065,,566.43,,566.43,CNC(=O)CC[C@@H](NS(=O)(=O)c1ccc(C)cc1)C(=O)O,active
"{'action_type': 'INHIBITOR', 'description': 'Negatively effects (inhibits) the normal functioning of the protein e.g., prevention of enzymatic reaction or activation of downstream pathway', 'parent_type': 'NEGATIVE MODULATOR'}",,25911304,"[{'comments': None, 'relation': '=', 'result_flag': 0, 'standard_relation': '=', 'standard_text_value': None, 'standard_type': 'TIME', 'standard_units': 'hr', 'standard_value': '1.0', 'text_value': None, 'type': 'TIME', 'units': 'hrs', 'value': '1.0'}]",CHEMBL5525329,Inhibition of MMP-9 (unknown origin) using chromogenic substrate incubated for 1 hr by microplate photometer analysis,B,,,BAO_0000190,BAO_0000357,single protein format,Cc1ccc(S(=O)(=O)N[C@H](CCC(=O)NCC(C)C)C(=O)O)cc1,,,CHEMBL5523721,Eur J Med Chem,2024.0,"{'bei': '16.64', 'le': '0.34', 'lle': '4.65', 'sei': '5.27'}",,CHEMBL5568088,,CHEMBL5568088,5.93,0,http://www.openphacts.org/units/Nanomolar,4069737,=,1,1,=,,IC50,nM,,1173.7,CHEMBL321,Homo sapiens,Matrix metalloproteinase-9,9606,,,IC50,nM,UO_0000065,,1173.7,,1173.7,Cc1ccc(S(=O)(=O)N[C@H](CCC(=O)NCC(C)C)C(=O)O)cc1,intermediate
"{'action_type': 'INHIBITOR', 'description': 'Negatively effects (inhibits) the normal functioning of the protein e.g., prevention of enzymatic reaction or activation of downstream pathway', 'parent_type': 'NEGATIVE MODULATOR'}",,25911305,"[{'comments': None, 'relation': '=', 'result_flag': 0, 'standard_relation': '=', 'standard_text_value': None, 'standard_type': 'TIME', 'standard_units': 'hr', 'standard_value': '1.0', 'text_value': None, 'type': 'TIME', 'units': 'hrs', 'value': '1.0'}]",CHEMBL5525329,Inhibition of MMP-9 (unknown origin) using chromogenic substrate incubated for 1 hr by microplate photometer analysis,B,,,BAO_0000190,BAO_0000357,single protein format,Cc1ccc(S(=O)(=O)N[C@H](CCC(=O)NCc2ccccc2)C(=O)O)cc1,,,CHEMBL5523721,Eur J Med Chem,2024.0,"{'bei': '16.38', 'le': '0.32', 'lle': '4.57', 'sei': '5.68'}",,CHEMBL5557636,,CHEMBL5557636,6.39,0,http://www.openphacts.org/units/Nanomolar,4069739,=,1,1,=,,IC50,nM,,402.75,CHEMBL321,Homo sapiens,Matrix metalloproteinase-9,9606,,,IC50,nM,UO_0000065,,402.75,,402.75,Cc1ccc(S(=O)(=O)N[C@H](CCC(=O)NCc2ccccc2)C(=O)O)cc1,active
"{'action_type': 'INHIBITOR', 'description': 'Negatively effects (inhibits) the normal functioning of the protein e.g., prevention of enzymatic reaction or activation of downstream pathway', 'parent_type': 'NEGATIVE MODULATOR'}",,25995085,[],CHEMBL5551591,Inhibition of MMP-9 (unknown origin),B,,,BAO_0000190,BAO_0000357,single protein format,COc1cccc2[nH]cc(-c3cc(-c4ccccc4)oc3-c3ccccc3)c12,,,CHEMBL5550142,Eur J Med Chem,2024.0,"{'bei': '11.77', 'le': '0.21', 'lle': '-2.47', 'sei': '11.27'}",,CHEMBL5409238,,CHEMBL5409238,4.30,0,http://www.openphacts.org/units/Nanomolar,4086070,=,1,1,=,,IC50,nM,,50000.0,CHEMBL321,Homo sapiens,Matrix metalloproteinase-9,9606,,,IC50,uM,UO_0000065,,50.0,,50000.0,COc1cccc2[nH]cc(-c3cc(-c4ccccc4)oc3-c3ccccc3)c12,inactive
"{'action_type': 'INHIBITOR', 'description': 'Negatively effects (inhibits) the normal functioning of the protein e.g., prevention of enzymatic reaction or activation of downstream pathway', 'parent_type': 'NEGATIVE MODULATOR'}",,26035419,[],CHEMBL5584483,Inhibition of proMMP-9 (unknown origin),B,,,BAO_0000190,BAO_0000357,single protein format,CNc1cc(F)cc2cc(C(=O)N3CCc4ccc(C(=O)NCCN5CCCC5)cc4C3)[nH]c12,,,CHEMBL5584207,Bioorg Med Chem Lett,2024.0,"{'bei': '12.05', 'le': '0.22', 'lle': '2.22', 'sei': '6.94'}",,CHEMBL5596601,,CHEMBL5596601,5.58,0,http://www.openphacts.org/units/Nanomolar,4093979,=,1,1,=,,IC50,nM,,2600.0,CHEMBL321,Homo sapiens,Matrix metalloproteinase-9,9606,,,IC50,nM,UO_0000065,,2600.0,,2600.0,CNc1cc(F)cc2cc(C(=O)N3CCc4ccc(C(=O)NCCN5CCCC5)cc4C3)[nH]c12,intermediate
"{'action_type': 'INHIBITOR', 'description': 'Negatively effects (inhibits) the normal functioning of the protein e.g., prevention of enzymatic reaction or activation of downstream pathway', 'parent_type': 'NEGATIVE MODULATOR'}",,26035420,[],CHEMBL5584483,Inhibition of proMMP-9 (unknown origin),B,,,BAO_0000190,BAO_0000357,single protein format,CCc1cccc2c(C(=O)N3CCc4ocnc4C3)n[nH]c12,,,CHEMBL5584207,Bioorg Med Chem Lett,2024.0,"{'bei': '17.11', 'le': '0.31', 'lle': '2.76', 'sei': '6.76'}",,CHEMBL5597334,,CHEMBL5597334,5.07,0,http://www.openphacts.org/units/Nanomolar,4093980,=,1,1,=,,IC50,nM,,8500.0,CHEMBL321,Homo sapiens,Matrix metalloproteinase-9,9606,,,IC50,nM,UO_0000065,,8500.0,,8500.0,CCc1cccc2c(C(=O)N3CCc4ocnc4C3)n[nH]c12,intermediate
"{'action_type': 'INHIBITOR', 'description': 'Negatively effects (inhibits) the normal functioning of the protein e.g., prevention of enzymatic reaction or activation of downstream pathway', 'parent_type': 'NEGATIVE MODULATOR'}",,26035421,[],CHEMBL5584483,Inhibition of proMMP-9 (unknown origin),B,,,BAO_0000190,BAO_0000357,single protein format,O=C(NCCN1CCCC1)c1ccc2c(c1)CN(C(=O)c1cc3c(F)cc(C4CC4)cc3[nH]1)CC2,,,CHEMBL5584207,Bioorg Med Chem Lett,2024.0,"{'bei': '12.64', 'le': '0.23', 'lle': '1.79', 'sei': '8.77'}",,CHEMBL5590730,,CHEMBL5590730,6.00,0,http://www.openphacts.org/units/Nanomolar,4093981,=,1,1,=,,IC50,nM,,1000.0,CHEMBL321,Homo sapiens,Matrix metalloproteinase-9,9606,,,IC50,nM,UO_0000065,,1000.0,,1000.0,O=C(NCCN1CCCC1)c1ccc2c(c1)CN(C(=O)c1cc3c(F)cc(C4CC4)cc3[nH]1)CC2,active
"{'action_type': 'INHIBITOR', 'description': 'Negatively effects (inhibits) the normal functioning of the protein e.g., prevention of enzymatic reaction or activation of downstream pathway', 'parent_type': 'NEGATIVE MODULATOR'}",,26035422,[],CHEMBL5584483,Inhibition of proMMP-9 (unknown origin),B,,,BAO_0000190,BAO_0000357,single protein format,O=C(c1cc2ccc(C3CC3)cc2[nH]1)N1CCc2ocnc2C1,,,CHEMBL5584207,Bioorg Med Chem Lett,2024.0,"{'bei': '19.39', 'le': '0.35', 'lle': '2.73', 'sei': '9.59'}",,CHEMBL5597109,,CHEMBL5597109,5.96,0,http://www.openphacts.org/units/Nanomolar,4093982,=,1,1,=,,IC50,nM,,1100.0,CHEMBL321,Homo sapiens,Matrix metalloproteinase-9,9606,,,IC50,nM,UO_0000065,,1100.0,,1100.0,O=C(c1cc2ccc(C3CC3)cc2[nH]1)N1CCc2ocnc2C1,intermediate
"{'action_type': 'INHIBITOR', 'description': 'Negatively effects (inhibits) the normal functioning of the protein e.g., prevention of enzymatic reaction or activation of downstream pathway', 'parent_type': 'NEGATIVE MODULATOR'}",,26035425,[],CHEMBL5584483,Inhibition of proMMP-9 (unknown origin),B,,,BAO_0000190,BAO_0000357,single protein format,O=C(c1cc2ccc(C3CC3)cc2[nH]1)N1CCCc2cnccc2C1,,,CHEMBL5584207,Bioorg Med Chem Lett,2024.0,"{'bei': '21.40', 'le': '0.39', 'lle': '3.06', 'sei': '14.48'}",,CHEMBL5597368,,CHEMBL5597368,7.09,0,http://www.openphacts.org/units/Nanomolar,4093985,=,1,1,=,,IC50,nM,,81.0,CHEMBL321,Homo sapiens,Matrix metalloproteinase-9,9606,,,IC50,nM,UO_0000065,,81.0,,81.0,O=C(c1cc2ccc(C3CC3)cc2[nH]1)N1CCCc2cnccc2C1,active
"{'action_type': 'INHIBITOR', 'description': 'Negatively effects (inhibits) the normal functioning of the protein e.g., prevention of enzymatic reaction or activation of downstream pathway', 'parent_type': 'NEGATIVE MODULATOR'}",,26035426,[],CHEMBL5584483,Inhibition of proMMP-9 (unknown origin),B,,,BAO_0000190,BAO_0000357,single protein format,CCc1ccc2cc(C(=O)N3CCCc4cnccc4C3)[nH]c2c1,,,CHEMBL5584207,Bioorg Med Chem Lett,2024.0,"{'bei': '21.67', 'le': '0.39', 'lle': '3.21', 'sei': '14.13'}",,CHEMBL5596204,,CHEMBL5596204,6.92,0,http://www.openphacts.org/units/Nanomolar,4093986,=,1,1,=,,IC50,nM,,120.0,CHEMBL321,Homo sapiens,Matrix metalloproteinase-9,9606,,,IC50,nM,UO_0000065,,120.0,,120.0,CCc1ccc2cc(C(=O)N3CCCc4cnccc4C3)[nH]c2c1,active
"{'action_type': 'INHIBITOR', 'description': 'Negatively effects (inhibits) the normal functioning of the protein e.g., prevention of enzymatic reaction or activation of downstream pathway', 'parent_type': 'NEGATIVE MODULATOR'}",,26035427,[],CHEMBL5584483,Inhibition of proMMP-9 (unknown origin),B,,,BAO_0000190,BAO_0000357,single protein format,CC(C)(C)c1ccc2cc(C(=O)N3CCCc4cnccc4C3)[nH]c2c1,,,CHEMBL5584207,Bioorg Med Chem Lett,2024.0,"{'bei': '20.03', 'le': '0.37', 'lle': '2.51', 'sei': '14.20'}",,CHEMBL5597220,,CHEMBL5597220,6.96,0,http://www.openphacts.org/units/Nanomolar,4093987,=,1,1,=,,IC50,nM,,110.0,CHEMBL321,Homo sapiens,Matrix metalloproteinase-9,9606,,,IC50,nM,UO_0000065,,110.0,,110.0,CC(C)(C)c1ccc2cc(C(=O)N3CCCc4cnccc4C3)[nH]c2c1,active
"{'action_type': 'INHIBITOR', 'description': 'Negatively effects (inhibits) the normal functioning of the protein e.g., prevention of enzymatic reaction or activation of downstream pathway', 'parent_type': 'NEGATIVE MODULATOR'}",,26035428,[],CHEMBL5584483,Inhibition of proMMP-9 (unknown origin),B,,,BAO_0000190,BAO_0000357,single protein format,O=C(c1cc2ccc(C3CCC3)cc2[nH]1)N1CCCc2cnccc2C1,,,CHEMBL5584207,Bioorg Med Chem Lett,2024.0,"{'bei': '20.03', 'le': '0.36', 'lle': '2.50', 'sei': '14.13'}",,CHEMBL5596198,,CHEMBL5596198,6.92,0,http://www.openphacts.org/units/Nanomolar,4093988,=,1,1,=,,IC50,nM,,120.0,CHEMBL321,Homo sapiens,Matrix metalloproteinase-9,9606,,,IC50,nM,UO_0000065,,120.0,,120.0,O=C(c1cc2ccc(C3CCC3)cc2[nH]1)N1CCCc2cnccc2C1,active
"{'action_type': 'INHIBITOR', 'description': 'Negatively effects (inhibits) the normal functioning of the protein e.g., prevention of enzymatic reaction or activation of downstream pathway', 'parent_type': 'NEGATIVE MODULATOR'}",,26035429,[],CHEMBL5584483,Inhibition of proMMP-9 (unknown origin),B,,,BAO_0000190,BAO_0000357,single protein format,C[C@]1(O)C[C@@H](c2ccc3cc(C(=O)N4CCCc5cnccc5C4)[nH]c3c2)C1,,,CHEMBL5584207,Bioorg Med Chem Lett,2024.0,"{'bei': '18.10', 'le': '0.33', 'lle': '3.02', 'sei': '9.82'}",,CHEMBL5590205,,CHEMBL5590205,6.80,0,http://www.openphacts.org/units/Nanomolar,4093989,=,1,1,=,,IC50,nM,,160.0,CHEMBL321,Homo sapiens,Matrix metalloproteinase-9,9606,,,IC50,nM,UO_0000065,,160.0,,160.0,C[C@]1(O)C[C@@H](c2ccc3cc(C(=O)N4CCCc5cnccc5C4)[nH]c3c2)C1,active
"{'action_type': 'INHIBITOR', 'description': 'Negatively effects (inhibits) the normal functioning of the protein e.g., prevention of enzymatic reaction or activation of downstream pathway', 'parent_type': 'NEGATIVE MODULATOR'}",,26035430,[],CHEMBL5584483,Inhibition of proMMP-9 (unknown origin),B,,,BAO_0000190,BAO_0000357,single protein format,O=C(c1cc2ccc(CCO)cc2[nH]1)N1CCCc2cnccc2C1,,,CHEMBL5584207,Bioorg Med Chem Lett,2024.0,"{'bei': '17.77', 'le': '0.33', 'lle': '3.27', 'sei': '8.61'}",,CHEMBL5596491,,CHEMBL5596491,5.96,0,http://www.openphacts.org/units/Nanomolar,4093990,=,1,1,=,,IC50,nM,,1100.0,CHEMBL321,Homo sapiens,Matrix metalloproteinase-9,9606,,,IC50,nM,UO_0000065,,1100.0,,1100.0,O=C(c1cc2ccc(CCO)cc2[nH]1)N1CCCc2cnccc2C1,intermediate
"{'action_type': 'INHIBITOR', 'description': 'Negatively effects (inhibits) the normal functioning of the protein e.g., prevention of enzymatic reaction or activation of downstream pathway', 'parent_type': 'NEGATIVE MODULATOR'}",,26035431,[],CHEMBL5584483,Inhibition of proMMP-9 (unknown origin),B,,,BAO_0000190,BAO_0000357,single protein format,CC(C)(O)c1ccc2cc(C(=O)N3CCCc4cnccc4C3)[nH]c2c1,,,CHEMBL5584207,Bioorg Med Chem Lett,2024.0,"{'bei': '17.85', 'le': '0.33', 'lle': '2.86', 'sei': '9.01'}",,CHEMBL5597889,,CHEMBL5597889,6.24,0,http://www.openphacts.org/units/Nanomolar,4093991,=,1,1,=,,IC50,nM,,580.0,CHEMBL321,Homo sapiens,Matrix metalloproteinase-9,9606,,,IC50,nM,UO_0000065,,580.0,,580.0,CC(C)(O)c1ccc2cc(C(=O)N3CCCc4cnccc4C3)[nH]c2c1,active
"{'action_type': 'INHIBITOR', 'description': 'Negatively effects (inhibits) the normal functioning of the protein e.g., prevention of enzymatic reaction or activation of downstream pathway', 'parent_type': 'NEGATIVE MODULATOR'}",,26035432,[],CHEMBL5584483,Inhibition of proMMP-9 (unknown origin),B,,,BAO_0000190,BAO_0000357,single protein format,CC(C)(O)c1ccc2cc(C(=O)N3CCCc4cnc(N)c(F)c4C3)[nH]c2c1,,,CHEMBL5584207,Bioorg Med Chem Lett,2024.0,"{'bei': '19.24', 'le': '0.36', 'lle': '4.26', 'sei': '7.72'}",,CHEMBL5597635,,CHEMBL5597635,7.36,0,http://www.openphacts.org/units/Nanomolar,4093992,=,1,1,=,,IC50,nM,,44.0,CHEMBL321,Homo sapiens,Matrix metalloproteinase-9,9606,,,IC50,nM,UO_0000065,,44.0,,44.0,CC(C)(O)c1ccc2cc(C(=O)N3CCCc4cnc(N)c(F)c4C3)[nH]c2c1,active
"{'action_type': 'INHIBITOR', 'description': 'Negatively effects (inhibits) the normal functioning of the protein e.g., prevention of enzymatic reaction or activation of downstream pathway', 'parent_type': 'NEGATIVE MODULATOR'}",,26050010,[],CHEMBL5588599,Inhibition of human MMP-9,B,,,BAO_0000190,BAO_0000357,single protein format,Cn1c(=O)c2c(nc(S(C)(=O)=O)n2C)n(CC#Cc2cccc(NC(=O)CN3CCN(c4ccc5c(c4)C(=O)N(C4CCC(=O)NC4=O)C5=O)CC3)c2)c1=O,,,CHEMBL5584346,J Med Chem,2024.0,"{'bei': '6.85', 'le': '0.13', 'lle': '6.22', 'sei': '2.45'}",,CHEMBL5598430,,CHEMBL5598430,5.28,0,http://www.openphacts.org/units/Nanomolar,4096921,=,1,1,=,,IC50,nM,,5310.0,CHEMBL321,Homo sapiens,Matrix metalloproteinase-9,9606,,,IC50,uM,UO_0000065,,5.31,,5310.0,Cn1c(=O)c2c(nc(S(C)(=O)=O)n2C)n(CC#Cc2cccc(NC(=O)CN3CCN(c4ccc5c(c4)C(=O)N(C4CCC(=O)NC4=O)C5=O)CC3)c2)c1=O,intermediate
"{'action_type': 'INHIBITOR', 'description': 'Negatively effects (inhibits) the normal functioning of the protein e.g., prevention of enzymatic reaction or activation of downstream pathway', 'parent_type': 'NEGATIVE MODULATOR'}",,26110345,[],CHEMBL5609700,Inhibition of MMP-9 (unknown origin) by colorimetric assay,B,,,BAO_0000190,BAO_0000357,single protein format,O=C(O)CNc1nc(NCC(=O)O)nc(NNC(=O)c2ccc(Nc3nc(Nc4ccc(C(=O)NNc5nc(NCC(=O)O)nc(NCC(=O)O)n5)cc4)nc(Nc4ccc(C(=O)NNc5nc(NCC(=O)O)nc(NCC(=O)O)n5)cc4)n3)cc2)n1,,,CHEMBL5608196,Eur J Med Chem,2024.0,"{'bei': '5.65', 'le': None, 'lle': None, 'sei': None}",,CHEMBL5612602,,CHEMBL5612602,6.81,0,http://www.openphacts.org/units/Nanomolar,4122016,=,1,1,=,,IC50,nM,,156.0,CHEMBL321,Homo sapiens,Matrix metalloproteinase-9,9606,,,IC50,nM,UO_0000065,,156.0,,156.0,O=C(O)CNc1nc(NCC(=O)O)nc(NNC(=O)c2ccc(Nc3nc(Nc4ccc(C(=O)NNc5nc(NCC(=O)O)nc(NCC(=O)O)n5)cc4)nc(Nc4ccc(C(=O)NNc5nc(NCC(=O)O)nc(NCC(=O)O)n5)cc4)n3)cc2)n1,active
"{'action_type': 'INHIBITOR', 'description': 'Negatively effects (inhibits) the normal functioning of the protein e.g., prevention of enzymatic reaction or activation of downstream pathway', 'parent_type': 'NEGATIVE MODULATOR'}",,26150646,[],CHEMBL5626117,Inhibition of MMP-9 (unknown origin),B,,,BAO_0000190,BAO_0000357,single protein format,O=C(O)CC[C@H](NC(=O)Cc1ccc(Br)cc1)C(=O)NCc1ccc([N+](=O)[O-])cc1,,,CHEMBL5625174,Eur J Med Chem,2023.0,"{'bei': '11.11', 'le': '0.24', 'lle': '2.75', 'sei': '3.83'}",,CHEMBL5633315,,CHEMBL5633315,5.32,0,http://www.openphacts.org/units/Nanomolar,4129748,=,1,1,=,,IC50,nM,,4830.0,CHEMBL321,Homo sapiens,Matrix metalloproteinase-9,9606,,,IC50,uM,UO_0000065,,4.83,,4830.0,O=C(O)CC[C@H](NC(=O)Cc1ccc(Br)cc1)C(=O)NCc1ccc([N+](=O)[O-])cc1,intermediate
,446459,26649858,[],CHEMBL5730327,"Activity Assay: Stock solution of substrate (Mca-Lys-Pro-Leu-Gly-Leu-Dpa-Ala-Arg-NH2) was prepared in DMSO at a concentration of 6 mM. Assays were performed in an assay buffer (50 mM Tris pH 7.5, 300 mM NaCl, 10 uM ZnSO4, 5 mM CaCl2, 0.005% Brij-35). The final DMSO concentration in all assays was 1.0%. The used substrate concentration was 3.33 uM. The assays were carried out at 37° C. The fluorescence changes, resulting from the substrate cleavage, were detected using excitation at 340 nm and emission wavelength of 405 nm using a Wallac 1420 Microplate Reader. The reaction mixtures were preincubated with the inhibitors for 30 minutes. The reactions were started by the addition of MMP substrate, and the fluorescence intensity changes were measured after 60 minutes. The obtained fluorescence values were normalized and % inhibition values calculated. Dose response curves were determined from 6 concentration points using three fold dilution steps, each concentration point was determined in dupllicate. IC50 values were calculated from the dose response curves. FIGS. 1-4 show the dose response curves of Compound 1 and ilomastat on on MMP1, -2, -9, -13 activities respectively.",B,,,BAO_0000190,BAO_0000357,single protein format,CNC(=O)[C@H](Cc1c[nH]c2ccccc12)NC(=O)[C@@H](CC(=O)NO)CC(C)C,,,CHEMBL5725232,,2016.0,"{'bei': '25.74', 'le': '0.49', 'lle': '8.50', 'sei': '8.11'}",,CHEMBL19611,ILOMASTAT,CHEMBL19611,10.00,0,http://www.openphacts.org/units/Nanomolar,4144380,=,37,1,=,,IC50,nM,,0.1,CHEMBL321,Homo sapiens,Matrix metalloproteinase-9,9606,,,IC50,nM,UO_0000065,,0.1,,0.1,CNC(=O)[C@H](Cc1c[nH]c2ccccc12)NC(=O)[C@@H](CC(=O)NO)CC(C)C,active
,446490,26649951,[],CHEMBL5730327,"Activity Assay: Stock solution of substrate (Mca-Lys-Pro-Leu-Gly-Leu-Dpa-Ala-Arg-NH2) was prepared in DMSO at a concentration of 6 mM. Assays were performed in an assay buffer (50 mM Tris pH 7.5, 300 mM NaCl, 10 uM ZnSO4, 5 mM CaCl2, 0.005% Brij-35). The final DMSO concentration in all assays was 1.0%. The used substrate concentration was 3.33 uM. The assays were carried out at 37° C. The fluorescence changes, resulting from the substrate cleavage, were detected using excitation at 340 nm and emission wavelength of 405 nm using a Wallac 1420 Microplate Reader. The reaction mixtures were preincubated with the inhibitors for 30 minutes. The reactions were started by the addition of MMP substrate, and the fluorescence intensity changes were measured after 60 minutes. The obtained fluorescence values were normalized and % inhibition values calculated. Dose response curves were determined from 6 concentration points using three fold dilution steps, each concentration point was determined in dupllicate. IC50 values were calculated from the dose response curves. FIGS. 1-4 show the dose response curves of Compound 1 and ilomastat on on MMP1, -2, -9, -13 activities respectively.",B,,,BAO_0000190,BAO_0000357,single protein format,O=C(O)c1csc(CN(Cc2ccc(F)cc2)Cc2ccc(OCc3cccnc3)cc2)n1,,,CHEMBL5725232,,2016.0,"{'bei': '9.56', 'le': '0.18', 'lle': '-0.73', 'sei': '5.87'}",,CHEMBL5798113,,CHEMBL5798113,4.43,0,http://www.openphacts.org/units/Nanomolar,4144381,=,37,1,=,,IC50,nM,,37000.0,CHEMBL321,Homo sapiens,Matrix metalloproteinase-9,9606,,,IC50,nM,UO_0000065,,37000.0,,37000.0,O=C(O)c1csc(CN(Cc2ccc(F)cc2)Cc2ccc(OCc3cccnc3)cc2)n1,inactive
,446492,26649957,[],CHEMBL5730327,"Activity Assay: Stock solution of substrate (Mca-Lys-Pro-Leu-Gly-Leu-Dpa-Ala-Arg-NH2) was prepared in DMSO at a concentration of 6 mM. Assays were performed in an assay buffer (50 mM Tris pH 7.5, 300 mM NaCl, 10 uM ZnSO4, 5 mM CaCl2, 0.005% Brij-35). The final DMSO concentration in all assays was 1.0%. The used substrate concentration was 3.33 uM. The assays were carried out at 37° C. The fluorescence changes, resulting from the substrate cleavage, were detected using excitation at 340 nm and emission wavelength of 405 nm using a Wallac 1420 Microplate Reader. The reaction mixtures were preincubated with the inhibitors for 30 minutes. The reactions were started by the addition of MMP substrate, and the fluorescence intensity changes were measured after 60 minutes. The obtained fluorescence values were normalized and % inhibition values calculated. Dose response curves were determined from 6 concentration points using three fold dilution steps, each concentration point was determined in dupllicate. IC50 values were calculated from the dose response curves. FIGS. 1-4 show the dose response curves of Compound 1 and ilomastat on on MMP1, -2, -9, -13 activities respectively.",B,,,BAO_0000190,BAO_0000357,single protein format,O=C(O)c1csc(CN(Cc2ccc(OCc3ccccc3)cc2)Cc2cccc(F)c2)n1,,,CHEMBL5725232,,2016.0,"{'bei': '10.83', 'le': '0.21', 'lle': '-0.75', 'sei': '7.99'}",,CHEMBL5972823,,CHEMBL5972823,5.01,0,http://www.openphacts.org/units/Nanomolar,4144383,=,37,1,=,,IC50,nM,,9800.0,CHEMBL321,Homo sapiens,Matrix metalloproteinase-9,9606,,,IC50,nM,UO_0000065,,9800.0,,9800.0,O=C(O)c1csc(CN(Cc2ccc(OCc3ccccc3)cc2)Cc2cccc(F)c2)n1,intermediate
,446493,26649960,[],CHEMBL5730327,"Activity Assay: Stock solution of substrate (Mca-Lys-Pro-Leu-Gly-Leu-Dpa-Ala-Arg-NH2) was prepared in DMSO at a concentration of 6 mM. Assays were performed in an assay buffer (50 mM Tris pH 7.5, 300 mM NaCl, 10 uM ZnSO4, 5 mM CaCl2, 0.005% Brij-35). The final DMSO concentration in all assays was 1.0%. The used substrate concentration was 3.33 uM. The assays were carried out at 37° C. The fluorescence changes, resulting from the substrate cleavage, were detected using excitation at 340 nm and emission wavelength of 405 nm using a Wallac 1420 Microplate Reader. The reaction mixtures were preincubated with the inhibitors for 30 minutes. The reactions were started by the addition of MMP substrate, and the fluorescence intensity changes were measured after 60 minutes. The obtained fluorescence values were normalized and % inhibition values calculated. Dose response curves were determined from 6 concentration points using three fold dilution steps, each concentration point was determined in dupllicate. IC50 values were calculated from the dose response curves. FIGS. 1-4 show the dose response curves of Compound 1 and ilomastat on on MMP1, -2, -9, -13 activities respectively.",B,,,BAO_0000190,BAO_0000357,single protein format,O=C(O)c1csc(CN(Cc2ccc(OCc3ccccc3)cc2)CC(c2ccccc2)c2ccccc2)n1,,,CHEMBL5725232,,2016.0,"{'bei': '9.35', 'le': '0.18', 'lle': '-2.25', 'sei': '7.98'}",,CHEMBL5980393,,CHEMBL5980393,5.00,0,http://www.openphacts.org/units/Nanomolar,4144384,=,37,1,=,,IC50,nM,,10000.0,CHEMBL321,Homo sapiens,Matrix metalloproteinase-9,9606,,,IC50,nM,UO_0000065,,10000.0,,10000.0,O=C(O)c1csc(CN(Cc2ccc(OCc3ccccc3)cc2)CC(c2ccccc2)c2ccccc2)n1,inactive
,446494,26649963,[],CHEMBL5730327,"Activity Assay: Stock solution of substrate (Mca-Lys-Pro-Leu-Gly-Leu-Dpa-Ala-Arg-NH2) was prepared in DMSO at a concentration of 6 mM. Assays were performed in an assay buffer (50 mM Tris pH 7.5, 300 mM NaCl, 10 uM ZnSO4, 5 mM CaCl2, 0.005% Brij-35). The final DMSO concentration in all assays was 1.0%. The used substrate concentration was 3.33 uM. The assays were carried out at 37° C. The fluorescence changes, resulting from the substrate cleavage, were detected using excitation at 340 nm and emission wavelength of 405 nm using a Wallac 1420 Microplate Reader. The reaction mixtures were preincubated with the inhibitors for 30 minutes. The reactions were started by the addition of MMP substrate, and the fluorescence intensity changes were measured after 60 minutes. The obtained fluorescence values were normalized and % inhibition values calculated. Dose response curves were determined from 6 concentration points using three fold dilution steps, each concentration point was determined in dupllicate. IC50 values were calculated from the dose response curves. FIGS. 1-4 show the dose response curves of Compound 1 and ilomastat on on MMP1, -2, -9, -13 activities respectively.",B,,,BAO_0000190,BAO_0000357,single protein format,O=C(O)c1csc(CN(Cc2ccccc2)Cc2ccccc2)n1,,,CHEMBL5725232,,2016.0,"{'bei': '14.44', 'le': '0.28', 'lle': '0.85', 'sei': '9.14'}",,CHEMBL5797936,,CHEMBL5797936,4.89,0,http://www.openphacts.org/units/Nanomolar,4144385,=,37,1,=,,IC50,nM,,13000.0,CHEMBL321,Homo sapiens,Matrix metalloproteinase-9,9606,,,IC50,nM,UO_0000065,,13000.0,,13000.0,O=C(O)c1csc(CN(Cc2ccccc2)Cc2ccccc2)n1,inactive
,446495,26649966,[],CHEMBL5730327,"Activity Assay: Stock solution of substrate (Mca-Lys-Pro-Leu-Gly-Leu-Dpa-Ala-Arg-NH2) was prepared in DMSO at a concentration of 6 mM. Assays were performed in an assay buffer (50 mM Tris pH 7.5, 300 mM NaCl, 10 uM ZnSO4, 5 mM CaCl2, 0.005% Brij-35). The final DMSO concentration in all assays was 1.0%. The used substrate concentration was 3.33 uM. The assays were carried out at 37° C. The fluorescence changes, resulting from the substrate cleavage, were detected using excitation at 340 nm and emission wavelength of 405 nm using a Wallac 1420 Microplate Reader. The reaction mixtures were preincubated with the inhibitors for 30 minutes. The reactions were started by the addition of MMP substrate, and the fluorescence intensity changes were measured after 60 minutes. The obtained fluorescence values were normalized and % inhibition values calculated. Dose response curves were determined from 6 concentration points using three fold dilution steps, each concentration point was determined in dupllicate. IC50 values were calculated from the dose response curves. FIGS. 1-4 show the dose response curves of Compound 1 and ilomastat on on MMP1, -2, -9, -13 activities respectively.",B,,,BAO_0000190,BAO_0000357,single protein format,O=C(O)c1csc(CN(Cc2ccc(F)cc2)Cc2ccc(OCc3ccncc3)cc2)n1,,,CHEMBL5725232,,2016.0,"{'bei': '10.91', 'le': '0.21', 'lle': '-0.10', 'sei': '6.69'}",,CHEMBL5909648,,CHEMBL5909648,5.06,0,http://www.openphacts.org/units/Nanomolar,4144386,=,37,1,=,,IC50,nM,,8800.0,CHEMBL321,Homo sapiens,Matrix metalloproteinase-9,9606,,,IC50,nM,UO_0000065,,8800.0,,8800.0,O=C(O)c1csc(CN(Cc2ccc(F)cc2)Cc2ccc(OCc3ccncc3)cc2)n1,intermediate
,446501,26649984,[],CHEMBL5730327,"Activity Assay: Stock solution of substrate (Mca-Lys-Pro-Leu-Gly-Leu-Dpa-Ala-Arg-NH2) was prepared in DMSO at a concentration of 6 mM. Assays were performed in an assay buffer (50 mM Tris pH 7.5, 300 mM NaCl, 10 uM ZnSO4, 5 mM CaCl2, 0.005% Brij-35). The final DMSO concentration in all assays was 1.0%. The used substrate concentration was 3.33 uM. The assays were carried out at 37° C. The fluorescence changes, resulting from the substrate cleavage, were detected using excitation at 340 nm and emission wavelength of 405 nm using a Wallac 1420 Microplate Reader. The reaction mixtures were preincubated with the inhibitors for 30 minutes. The reactions were started by the addition of MMP substrate, and the fluorescence intensity changes were measured after 60 minutes. The obtained fluorescence values were normalized and % inhibition values calculated. Dose response curves were determined from 6 concentration points using three fold dilution steps, each concentration point was determined in dupllicate. IC50 values were calculated from the dose response curves. FIGS. 1-4 show the dose response curves of Compound 1 and ilomastat on on MMP1, -2, -9, -13 activities respectively.",B,,,BAO_0000190,BAO_0000357,single protein format,O=C(O)c1csc(CN(Cc2ccc(F)cc2)Cc2ccc(-c3ccccc3)cc2)n1,,,CHEMBL5725232,,2016.0,"{'bei': '10.86', 'le': '0.21', 'lle': '-1.15', 'sei': '8.79'}",,CHEMBL5860213,,CHEMBL5860213,4.70,0,http://www.openphacts.org/units/Nanomolar,4144392,=,37,1,=,,IC50,nM,,20000.0,CHEMBL321,Homo sapiens,Matrix metalloproteinase-9,9606,,,IC50,nM,UO_0000065,,20000.0,,20000.0,O=C(O)c1csc(CN(Cc2ccc(F)cc2)Cc2ccc(-c3ccccc3)cc2)n1,inactive
,446507,26650002,[],CHEMBL5730327,"Activity Assay: Stock solution of substrate (Mca-Lys-Pro-Leu-Gly-Leu-Dpa-Ala-Arg-NH2) was prepared in DMSO at a concentration of 6 mM. Assays were performed in an assay buffer (50 mM Tris pH 7.5, 300 mM NaCl, 10 uM ZnSO4, 5 mM CaCl2, 0.005% Brij-35). The final DMSO concentration in all assays was 1.0%. The used substrate concentration was 3.33 uM. The assays were carried out at 37° C. The fluorescence changes, resulting from the substrate cleavage, were detected using excitation at 340 nm and emission wavelength of 405 nm using a Wallac 1420 Microplate Reader. The reaction mixtures were preincubated with the inhibitors for 30 minutes. The reactions were started by the addition of MMP substrate, and the fluorescence intensity changes were measured after 60 minutes. The obtained fluorescence values were normalized and % inhibition values calculated. Dose response curves were determined from 6 concentration points using three fold dilution steps, each concentration point was determined in dupllicate. IC50 values were calculated from the dose response curves. FIGS. 1-4 show the dose response curves of Compound 1 and ilomastat on on MMP1, -2, -9, -13 activities respectively.",B,,,BAO_0000190,BAO_0000357,single protein format,O=C(O)c1c[nH]c(CN(Cc2ccc(F)cc2)Cc2ccc(OC(c3ccccc3)c3ccccc3)cc2)n1,,,CHEMBL5725232,,2016.0,"{'bei': '9.77', 'le': '0.18', 'lle': '-1.52', 'sei': '6.50'}",,CHEMBL5931896,,CHEMBL5931896,5.10,0,http://www.openphacts.org/units/Nanomolar,4144398,=,37,1,=,,IC50,nM,,8000.0,CHEMBL321,Homo sapiens,Matrix metalloproteinase-9,9606,,,IC50,nM,UO_0000065,,8000.0,,8000.0,O=C(O)c1c[nH]c(CN(Cc2ccc(F)cc2)Cc2ccc(OC(c3ccccc3)c3ccccc3)cc2)n1,intermediate
,446509,26650008,[],CHEMBL5730327,"Activity Assay: Stock solution of substrate (Mca-Lys-Pro-Leu-Gly-Leu-Dpa-Ala-Arg-NH2) was prepared in DMSO at a concentration of 6 mM. Assays were performed in an assay buffer (50 mM Tris pH 7.5, 300 mM NaCl, 10 uM ZnSO4, 5 mM CaCl2, 0.005% Brij-35). The final DMSO concentration in all assays was 1.0%. The used substrate concentration was 3.33 uM. The assays were carried out at 37° C. The fluorescence changes, resulting from the substrate cleavage, were detected using excitation at 340 nm and emission wavelength of 405 nm using a Wallac 1420 Microplate Reader. The reaction mixtures were preincubated with the inhibitors for 30 minutes. The reactions were started by the addition of MMP substrate, and the fluorescence intensity changes were measured after 60 minutes. The obtained fluorescence values were normalized and % inhibition values calculated. Dose response curves were determined from 6 concentration points using three fold dilution steps, each concentration point was determined in dupllicate. IC50 values were calculated from the dose response curves. FIGS. 1-4 show the dose response curves of Compound 1 and ilomastat on on MMP1, -2, -9, -13 activities respectively.",B,,,BAO_0000190,BAO_0000357,single protein format,O=C(O)c1c[nH]c(CN(Cc2ccc(F)cc2)Cc2ccc(OCc3ccccc3)cc2)n1,,,CHEMBL5725232,,2016.0,"{'bei': '10.97', 'le': '0.20', 'lle': '-0.14', 'sei': '6.23'}",,CHEMBL5963948,,CHEMBL5963948,4.89,0,http://www.openphacts.org/units/Nanomolar,4144400,=,37,1,=,,IC50,nM,,13000.0,CHEMBL321,Homo sapiens,Matrix metalloproteinase-9,9606,,,IC50,nM,UO_0000065,,13000.0,,13000.0,O=C(O)c1c[nH]c(CN(Cc2ccc(F)cc2)Cc2ccc(OCc3ccccc3)cc2)n1,inactive
,446512,26650017,[],CHEMBL5730327,"Activity Assay: Stock solution of substrate (Mca-Lys-Pro-Leu-Gly-Leu-Dpa-Ala-Arg-NH2) was prepared in DMSO at a concentration of 6 mM. Assays were performed in an assay buffer (50 mM Tris pH 7.5, 300 mM NaCl, 10 uM ZnSO4, 5 mM CaCl2, 0.005% Brij-35). The final DMSO concentration in all assays was 1.0%. The used substrate concentration was 3.33 uM. The assays were carried out at 37° C. The fluorescence changes, resulting from the substrate cleavage, were detected using excitation at 340 nm and emission wavelength of 405 nm using a Wallac 1420 Microplate Reader. The reaction mixtures were preincubated with the inhibitors for 30 minutes. The reactions were started by the addition of MMP substrate, and the fluorescence intensity changes were measured after 60 minutes. The obtained fluorescence values were normalized and % inhibition values calculated. Dose response curves were determined from 6 concentration points using three fold dilution steps, each concentration point was determined in dupllicate. IC50 values were calculated from the dose response curves. FIGS. 1-4 show the dose response curves of Compound 1 and ilomastat on on MMP1, -2, -9, -13 activities respectively.",B,,,BAO_0000190,BAO_0000357,single protein format,O=C(O)c1c[nH]c(CN(Cc2ccc(F)cc2)Cc2ccc(OCc3ccccc3)cc2)n1,,,CHEMBL5725232,,2016.0,"{'bei': '8.98', 'le': '0.17', 'lle': '-1.03', 'sei': '5.10'}",,CHEMBL5963948,,CHEMBL5963948,4.00,0,http://www.openphacts.org/units/Nanomolar,4144400,=,37,1,=,,IC50,nM,,100000.0,CHEMBL321,Homo sapiens,Matrix metalloproteinase-9,9606,,,IC50,nM,UO_0000065,,100000.0,,100000.0,O=C(O)c1c[nH]c(CN(Cc2ccc(F)cc2)Cc2ccc(OCc3ccccc3)cc2)n1,inactive
,446518,26650035,[],CHEMBL5730327,"Activity Assay: Stock solution of substrate (Mca-Lys-Pro-Leu-Gly-Leu-Dpa-Ala-Arg-NH2) was prepared in DMSO at a concentration of 6 mM. Assays were performed in an assay buffer (50 mM Tris pH 7.5, 300 mM NaCl, 10 uM ZnSO4, 5 mM CaCl2, 0.005% Brij-35). The final DMSO concentration in all assays was 1.0%. The used substrate concentration was 3.33 uM. The assays were carried out at 37° C. The fluorescence changes, resulting from the substrate cleavage, were detected using excitation at 340 nm and emission wavelength of 405 nm using a Wallac 1420 Microplate Reader. The reaction mixtures were preincubated with the inhibitors for 30 minutes. The reactions were started by the addition of MMP substrate, and the fluorescence intensity changes were measured after 60 minutes. The obtained fluorescence values were normalized and % inhibition values calculated. Dose response curves were determined from 6 concentration points using three fold dilution steps, each concentration point was determined in dupllicate. IC50 values were calculated from the dose response curves. FIGS. 1-4 show the dose response curves of Compound 1 and ilomastat on on MMP1, -2, -9, -13 activities respectively.",B,,,BAO_0000190,BAO_0000357,single protein format,O=C(c1cnc(CCc2ccccc2)[nH]1)N1CCCC1,,,CHEMBL5725232,,2016.0,"{'bei': '15.21', 'le': '0.28', 'lle': '1.67', 'sei': '8.36'}",,CHEMBL5988172,,CHEMBL5988172,4.10,0,http://www.openphacts.org/units/Nanomolar,4144408,=,37,1,=,,IC50,nM,,80000.0,CHEMBL321,Homo sapiens,Matrix metalloproteinase-9,9606,,,IC50,nM,UO_0000065,,80000.0,,80000.0,O=C(c1cnc(CCc2ccccc2)[nH]1)N1CCCC1,inactive
,800929,27673097,[],CHEMBL5734075,"Inhibition Assay: MMP-9: 90 μL (11 ng) of human MMP-9 (Calbiochem #444231) was mixed with 10 μL of 10 mM APMA, and activated by reacting at 37° C. for 2 hours. 10 μL of the resultant enzyme solution was diluted to 90 μL with an assay buffer A. The mixture was added to 90 μL of a 20 μM fluorescent substrate (Dnp-Pro-Cha-Gly-Cys(Me)-His-Ala-Lys(Nma)-NH2) (SEQ ID NO: 2) prepared with an assay buffer B, and reacted at 37° C. for 4 hours. Enzyme activity was then determined by measuring with a fluorescence intensity meter (Labsystems, Fluoroskan Ascent) at an excitation wavelength of 355 nm and a measurement wavelength of 460 nm.From the enzyme activity in the presence or the absence of the test substance, the inhibition rate was determined, and the 50% inhibitiory concentration (IC50) of the test substance was calculated",B,,,BAO_0000190,BAO_0000357,single protein format,Cc1cccn(CC2(c3cccc(-c4cccnc4)c3)NC(=O)NC2=O)c1=O,,,CHEMBL5727130,,2018.0,"{'bei': '11.15', 'le': '0.20', 'lle': '2.22', 'sei': '4.48'}",,CHEMBL5861599,,CHEMBL5861599,4.17,0,http://www.openphacts.org/units/Nanomolar,4352187,=,37,1,=,,IC50,nM,,67000.0,CHEMBL321,Homo sapiens,Matrix metalloproteinase-9,9606,,,IC50,nM,UO_0000065,,67000.0,,67000.0,Cc1cccn(CC2(c3cccc(-c4cccnc4)c3)NC(=O)NC2=O)c1=O,inactive
,825302,27743957,[],CHEMBL5734390,"Inhibition Assay: MMP-9: Recombinant MMP-9 expressed was obtained from Merck-Millipore (catalog number PF140-5UG, used in examples 1 to 9 and comparative examples) and Enzo (catalog number-SE360-0010, used in examples 10 to 16). DQ gelatin from pig skin fluorescein conjugated (MMP-9 substrate) was obtained from Life Technologies (catalog number E12055).Preparation of the MMP-9 for the activity assay: MMP-9 was provided as a stock solution (0.1 mg/mL). The enzyme was diluted in 1× reaction buffer to a final concentration of 5 μg/mL.Preparation of the DQ gelatin (substrate) solution for the activity assay: the solid form of the substrate was dissolved in water in order to obtain a stock solution of 1 mg/mL.Procedure: The enzymatic assays were performed in 96-well microtiter plate, which allowed simultaneous monitoring of multiple reactions. For each reaction, 84.6 μL of 1× reaction buffer (pH 7.6), 3.4 μL of MMP-9 (final concentration 85 ng/mL) and 2 μL of the corresponding new compound were added to each well. A stock solution of new compound was prepared in DMSO (100 mM), and dilutions were prepared from this stock solution with DMSO. Finally, to the mixture contained in each well 10 μL of the substrate were added (final concentration 50 μg/mL). The reaction was incubated for 4 hours at room temperature in an orbital shaker (100 rpm).",B,,,BAO_0000190,BAO_0000357,single protein format,CCC(C)[C@@H](C(=O)N[C@@H](CCNC(=O)c1ccc(F)cc1)C(=O)NO)N(C)C(=O)[C@@H]1CCCN1C(C)=O,,,CHEMBL5727304,,2019.0,"{'bei': '11.31', 'le': '0.22', 'lle': '5.08', 'sei': '3.98'}",,CHEMBL5886588,,CHEMBL5886588,5.90,0,http://www.openphacts.org/units/Nanomolar,4369272,=,37,1,=,,IC50,nM,,1260.0,CHEMBL321,Homo sapiens,Matrix metalloproteinase-9,9606,,,IC50,nM,UO_0000065,,1260.0,,1260.0,CCC(C)[C@@H](C(=O)N[C@@H](CCNC(=O)c1ccc(F)cc1)C(=O)NO)N(C)C(=O)[C@@H]1CCCN1C(C)=O,intermediate
,825304,27743963,[],CHEMBL5734390,"Inhibition Assay: MMP-9: Recombinant MMP-9 expressed was obtained from Merck-Millipore (catalog number PF140-5UG, used in examples 1 to 9 and comparative examples) and Enzo (catalog number-SE360-0010, used in examples 10 to 16). DQ gelatin from pig skin fluorescein conjugated (MMP-9 substrate) was obtained from Life Technologies (catalog number E12055).Preparation of the MMP-9 for the activity assay: MMP-9 was provided as a stock solution (0.1 mg/mL). The enzyme was diluted in 1× reaction buffer to a final concentration of 5 μg/mL.Preparation of the DQ gelatin (substrate) solution for the activity assay: the solid form of the substrate was dissolved in water in order to obtain a stock solution of 1 mg/mL.Procedure: The enzymatic assays were performed in 96-well microtiter plate, which allowed simultaneous monitoring of multiple reactions. For each reaction, 84.6 μL of 1× reaction buffer (pH 7.6), 3.4 μL of MMP-9 (final concentration 85 ng/mL) and 2 μL of the corresponding new compound were added to each well. A stock solution of new compound was prepared in DMSO (100 mM), and dilutions were prepared from this stock solution with DMSO. Finally, to the mixture contained in each well 10 μL of the substrate were added (final concentration 50 μg/mL). The reaction was incubated for 4 hours at room temperature in an orbital shaker (100 rpm).",B,,,BAO_0000190,BAO_0000357,single protein format,CCC(C)[C@@H](C(=O)N[C@@H](CCNC(=O)c1cc(F)cc(F)c1)C(=O)NO)N(C)C(=O)[C@@H]1CCCN1C(C)=O,,,CHEMBL5727304,,2019.0,"{'bei': '12.09', 'le': '0.23', 'lle': '5.56', 'sei': '4.40'}",,CHEMBL5933644,,CHEMBL5933644,6.52,0,http://www.openphacts.org/units/Nanomolar,4369273,=,37,1,=,,IC50,nM,,301.0,CHEMBL321,Homo sapiens,Matrix metalloproteinase-9,9606,,,IC50,nM,UO_0000065,,301.0,,301.0,CCC(C)[C@@H](C(=O)N[C@@H](CCNC(=O)c1cc(F)cc(F)c1)C(=O)NO)N(C)C(=O)[C@@H]1CCCN1C(C)=O,active
,825306,27743969,[],CHEMBL5734390,"Inhibition Assay: MMP-9: Recombinant MMP-9 expressed was obtained from Merck-Millipore (catalog number PF140-5UG, used in examples 1 to 9 and comparative examples) and Enzo (catalog number-SE360-0010, used in examples 10 to 16). DQ gelatin from pig skin fluorescein conjugated (MMP-9 substrate) was obtained from Life Technologies (catalog number E12055).Preparation of the MMP-9 for the activity assay: MMP-9 was provided as a stock solution (0.1 mg/mL). The enzyme was diluted in 1× reaction buffer to a final concentration of 5 μg/mL.Preparation of the DQ gelatin (substrate) solution for the activity assay: the solid form of the substrate was dissolved in water in order to obtain a stock solution of 1 mg/mL.Procedure: The enzymatic assays were performed in 96-well microtiter plate, which allowed simultaneous monitoring of multiple reactions. For each reaction, 84.6 μL of 1× reaction buffer (pH 7.6), 3.4 μL of MMP-9 (final concentration 85 ng/mL) and 2 μL of the corresponding new compound were added to each well. A stock solution of new compound was prepared in DMSO (100 mM), and dilutions were prepared from this stock solution with DMSO. Finally, to the mixture contained in each well 10 μL of the substrate were added (final concentration 50 μg/mL). The reaction was incubated for 4 hours at room temperature in an orbital shaker (100 rpm).",B,,,BAO_0000190,BAO_0000357,single protein format,CCCCCC(=O)N1CCC[C@H]1C(=O)N(C)[C@H](C(=O)N[C@@H](CCNC(=O)c1cc(F)cc(F)c1)C(=O)NO)C(C)CC,,,CHEMBL5727304,,2019.0,"{'bei': '10.75', 'le': '0.21', 'lle': '3.88', 'sei': '4.32'}",,CHEMBL5806271,,CHEMBL5806271,6.40,0,http://www.openphacts.org/units/Nanomolar,4369274,=,37,1,=,,IC50,nM,,395.0,CHEMBL321,Homo sapiens,Matrix metalloproteinase-9,9606,,,IC50,nM,UO_0000065,,395.0,,395.0,CCCCCC(=O)N1CCC[C@H]1C(=O)N(C)[C@H](C(=O)N[C@@H](CCNC(=O)c1cc(F)cc(F)c1)C(=O)NO)C(C)CC,active
,825308,27743975,[],CHEMBL5734390,"Inhibition Assay: MMP-9: Recombinant MMP-9 expressed was obtained from Merck-Millipore (catalog number PF140-5UG, used in examples 1 to 9 and comparative examples) and Enzo (catalog number-SE360-0010, used in examples 10 to 16). DQ gelatin from pig skin fluorescein conjugated (MMP-9 substrate) was obtained from Life Technologies (catalog number E12055).Preparation of the MMP-9 for the activity assay: MMP-9 was provided as a stock solution (0.1 mg/mL). The enzyme was diluted in 1× reaction buffer to a final concentration of 5 μg/mL.Preparation of the DQ gelatin (substrate) solution for the activity assay: the solid form of the substrate was dissolved in water in order to obtain a stock solution of 1 mg/mL.Procedure: The enzymatic assays were performed in 96-well microtiter plate, which allowed simultaneous monitoring of multiple reactions. For each reaction, 84.6 μL of 1× reaction buffer (pH 7.6), 3.4 μL of MMP-9 (final concentration 85 ng/mL) and 2 μL of the corresponding new compound were added to each well. A stock solution of new compound was prepared in DMSO (100 mM), and dilutions were prepared from this stock solution with DMSO. Finally, to the mixture contained in each well 10 μL of the substrate were added (final concentration 50 μg/mL). The reaction was incubated for 4 hours at room temperature in an orbital shaker (100 rpm).",B,,,BAO_0000190,BAO_0000357,single protein format,CCCC(=O)N1CCC[C@H]1C(=O)N(C)[C@H](C(=O)N[C@@H](CCNC(=O)c1cc(F)cc(F)c1)C(=O)NO)C(C)CC,,,CHEMBL5727304,,2019.0,"{'bei': '11.68', 'le': '0.23', 'lle': '4.89', 'sei': '4.47'}",,CHEMBL5997113,,CHEMBL5997113,6.63,0,http://www.openphacts.org/units/Nanomolar,4369275,=,37,1,=,,IC50,nM,,235.0,CHEMBL321,Homo sapiens,Matrix metalloproteinase-9,9606,,,IC50,nM,UO_0000065,,235.0,,235.0,CCCC(=O)N1CCC[C@H]1C(=O)N(C)[C@H](C(=O)N[C@@H](CCNC(=O)c1cc(F)cc(F)c1)C(=O)NO)C(C)CC,active
,825310,27743981,[],CHEMBL5734390,"Inhibition Assay: MMP-9: Recombinant MMP-9 expressed was obtained from Merck-Millipore (catalog number PF140-5UG, used in examples 1 to 9 and comparative examples) and Enzo (catalog number-SE360-0010, used in examples 10 to 16). DQ gelatin from pig skin fluorescein conjugated (MMP-9 substrate) was obtained from Life Technologies (catalog number E12055).Preparation of the MMP-9 for the activity assay: MMP-9 was provided as a stock solution (0.1 mg/mL). The enzyme was diluted in 1× reaction buffer to a final concentration of 5 μg/mL.Preparation of the DQ gelatin (substrate) solution for the activity assay: the solid form of the substrate was dissolved in water in order to obtain a stock solution of 1 mg/mL.Procedure: The enzymatic assays were performed in 96-well microtiter plate, which allowed simultaneous monitoring of multiple reactions. For each reaction, 84.6 μL of 1× reaction buffer (pH 7.6), 3.4 μL of MMP-9 (final concentration 85 ng/mL) and 2 μL of the corresponding new compound were added to each well. A stock solution of new compound was prepared in DMSO (100 mM), and dilutions were prepared from this stock solution with DMSO. Finally, to the mixture contained in each well 10 μL of the substrate were added (final concentration 50 μg/mL). The reaction was incubated for 4 hours at room temperature in an orbital shaker (100 rpm).",B,,,BAO_0000190,BAO_0000357,single protein format,CCC(C)[C@@H](C(=O)N[C@@H](CCNC(=O)c1cc(F)cc(F)c1)C(=O)NO)N(C)C(=O)[C@@H]1CCCN1C(=O)CC(C)C,,,CHEMBL5727304,,2019.0,"{'bei': '10.70', 'le': '0.21', 'lle': '4.23', 'sei': '4.20'}",,CHEMBL5806984,,CHEMBL5806984,6.22,0,http://www.openphacts.org/units/Nanomolar,4369276,=,37,1,=,,IC50,nM,,601.0,CHEMBL321,Homo sapiens,Matrix metalloproteinase-9,9606,,,IC50,nM,UO_0000065,,601.0,,601.0,CCC(C)[C@@H](C(=O)N[C@@H](CCNC(=O)c1cc(F)cc(F)c1)C(=O)NO)N(C)C(=O)[C@@H]1CCCN1C(=O)CC(C)C,active
,825312,27743987,[],CHEMBL5734390,"Inhibition Assay: MMP-9: Recombinant MMP-9 expressed was obtained from Merck-Millipore (catalog number PF140-5UG, used in examples 1 to 9 and comparative examples) and Enzo (catalog number-SE360-0010, used in examples 10 to 16). DQ gelatin from pig skin fluorescein conjugated (MMP-9 substrate) was obtained from Life Technologies (catalog number E12055).Preparation of the MMP-9 for the activity assay: MMP-9 was provided as a stock solution (0.1 mg/mL). The enzyme was diluted in 1× reaction buffer to a final concentration of 5 μg/mL.Preparation of the DQ gelatin (substrate) solution for the activity assay: the solid form of the substrate was dissolved in water in order to obtain a stock solution of 1 mg/mL.Procedure: The enzymatic assays were performed in 96-well microtiter plate, which allowed simultaneous monitoring of multiple reactions. For each reaction, 84.6 μL of 1× reaction buffer (pH 7.6), 3.4 μL of MMP-9 (final concentration 85 ng/mL) and 2 μL of the corresponding new compound were added to each well. A stock solution of new compound was prepared in DMSO (100 mM), and dilutions were prepared from this stock solution with DMSO. Finally, to the mixture contained in each well 10 μL of the substrate were added (final concentration 50 μg/mL). The reaction was incubated for 4 hours at room temperature in an orbital shaker (100 rpm).",B,,,BAO_0000190,BAO_0000357,single protein format,CCCCCCCC(=O)N1CCC[C@H]1C(=O)N(C)[C@H](C(=O)N[C@@H](CCNC(=O)c1cc(F)cc(F)c1)C(=O)NO)C(C)CC,,,CHEMBL5727304,,2019.0,"{'bei': '9.84', 'le': '0.19', 'lle': '2.83', 'sei': '4.14'}",,CHEMBL5817631,,CHEMBL5817631,6.13,0,http://www.openphacts.org/units/Nanomolar,4369277,=,37,1,=,,IC50,nM,,733.0,CHEMBL321,Homo sapiens,Matrix metalloproteinase-9,9606,,,IC50,nM,UO_0000065,,733.0,,733.0,CCCCCCCC(=O)N1CCC[C@H]1C(=O)N(C)[C@H](C(=O)N[C@@H](CCNC(=O)c1cc(F)cc(F)c1)C(=O)NO)C(C)CC,active
,825314,27743993,[],CHEMBL5734390,"Inhibition Assay: MMP-9: Recombinant MMP-9 expressed was obtained from Merck-Millipore (catalog number PF140-5UG, used in examples 1 to 9 and comparative examples) and Enzo (catalog number-SE360-0010, used in examples 10 to 16). DQ gelatin from pig skin fluorescein conjugated (MMP-9 substrate) was obtained from Life Technologies (catalog number E12055).Preparation of the MMP-9 for the activity assay: MMP-9 was provided as a stock solution (0.1 mg/mL). The enzyme was diluted in 1× reaction buffer to a final concentration of 5 μg/mL.Preparation of the DQ gelatin (substrate) solution for the activity assay: the solid form of the substrate was dissolved in water in order to obtain a stock solution of 1 mg/mL.Procedure: The enzymatic assays were performed in 96-well microtiter plate, which allowed simultaneous monitoring of multiple reactions. For each reaction, 84.6 μL of 1× reaction buffer (pH 7.6), 3.4 μL of MMP-9 (final concentration 85 ng/mL) and 2 μL of the corresponding new compound were added to each well. A stock solution of new compound was prepared in DMSO (100 mM), and dilutions were prepared from this stock solution with DMSO. Finally, to the mixture contained in each well 10 μL of the substrate were added (final concentration 50 μg/mL). The reaction was incubated for 4 hours at room temperature in an orbital shaker (100 rpm).",B,,,BAO_0000190,BAO_0000357,single protein format,CCCCCC(=O)N1CC(F)(F)C[C@H]1C(=O)N(C)[C@H](C(=O)N[C@@H](CCNC(=O)c1cc(F)cc(F)c1)C(=O)NO)C(C)CC,,,CHEMBL5727304,,2019.0,"{'bei': '9.73', 'le': '0.19', 'lle': '3.39', 'sei': '4.15'}",,CHEMBL5988132,,CHEMBL5988132,6.15,0,http://www.openphacts.org/units/Nanomolar,4369278,=,37,1,=,,IC50,nM,,713.0,CHEMBL321,Homo sapiens,Matrix metalloproteinase-9,9606,,,IC50,nM,UO_0000065,,713.0,,713.0,CCCCCC(=O)N1CC(F)(F)C[C@H]1C(=O)N(C)[C@H](C(=O)N[C@@H](CCNC(=O)c1cc(F)cc(F)c1)C(=O)NO)C(C)CC,active
,825316,27743999,[],CHEMBL5734390,"Inhibition Assay: MMP-9: Recombinant MMP-9 expressed was obtained from Merck-Millipore (catalog number PF140-5UG, used in examples 1 to 9 and comparative examples) and Enzo (catalog number-SE360-0010, used in examples 10 to 16). DQ gelatin from pig skin fluorescein conjugated (MMP-9 substrate) was obtained from Life Technologies (catalog number E12055).Preparation of the MMP-9 for the activity assay: MMP-9 was provided as a stock solution (0.1 mg/mL). The enzyme was diluted in 1× reaction buffer to a final concentration of 5 μg/mL.Preparation of the DQ gelatin (substrate) solution for the activity assay: the solid form of the substrate was dissolved in water in order to obtain a stock solution of 1 mg/mL.Procedure: The enzymatic assays were performed in 96-well microtiter plate, which allowed simultaneous monitoring of multiple reactions. For each reaction, 84.6 μL of 1× reaction buffer (pH 7.6), 3.4 μL of MMP-9 (final concentration 85 ng/mL) and 2 μL of the corresponding new compound were added to each well. A stock solution of new compound was prepared in DMSO (100 mM), and dilutions were prepared from this stock solution with DMSO. Finally, to the mixture contained in each well 10 μL of the substrate were added (final concentration 50 μg/mL). The reaction was incubated for 4 hours at room temperature in an orbital shaker (100 rpm).",B,,,BAO_0000190,BAO_0000357,single protein format,CCCC(CCC)C(=O)N1CCC[C@H]1C(=O)N(C)[C@H](C(=O)N[C@@H](CCNC(=O)c1cc(F)cc(F)c1)C(=O)NO)C(C)CC,,,CHEMBL5727304,,2019.0,"{'bei': '10.55', 'le': '0.20', 'lle': '3.42', 'sei': '4.44'}",,CHEMBL5762778,,CHEMBL5762778,6.58,0,http://www.openphacts.org/units/Nanomolar,4369279,=,37,1,=,,IC50,nM,,263.0,CHEMBL321,Homo sapiens,Matrix metalloproteinase-9,9606,,,IC50,nM,UO_0000065,,263.0,,263.0,CCCC(CCC)C(=O)N1CCC[C@H]1C(=O)N(C)[C@H](C(=O)N[C@@H](CCNC(=O)c1cc(F)cc(F)c1)C(=O)NO)C(C)CC,active
,825318,27744005,[],CHEMBL5734390,"Inhibition Assay: MMP-9: Recombinant MMP-9 expressed was obtained from Merck-Millipore (catalog number PF140-5UG, used in examples 1 to 9 and comparative examples) and Enzo (catalog number-SE360-0010, used in examples 10 to 16). DQ gelatin from pig skin fluorescein conjugated (MMP-9 substrate) was obtained from Life Technologies (catalog number E12055).Preparation of the MMP-9 for the activity assay: MMP-9 was provided as a stock solution (0.1 mg/mL). The enzyme was diluted in 1× reaction buffer to a final concentration of 5 μg/mL.Preparation of the DQ gelatin (substrate) solution for the activity assay: the solid form of the substrate was dissolved in water in order to obtain a stock solution of 1 mg/mL.Procedure: The enzymatic assays were performed in 96-well microtiter plate, which allowed simultaneous monitoring of multiple reactions. For each reaction, 84.6 μL of 1× reaction buffer (pH 7.6), 3.4 μL of MMP-9 (final concentration 85 ng/mL) and 2 μL of the corresponding new compound were added to each well. A stock solution of new compound was prepared in DMSO (100 mM), and dilutions were prepared from this stock solution with DMSO. Finally, to the mixture contained in each well 10 μL of the substrate were added (final concentration 50 μg/mL). The reaction was incubated for 4 hours at room temperature in an orbital shaker (100 rpm).",B,,,BAO_0000190,BAO_0000357,single protein format,CCC(C)[C@@H](C(=O)N[C@@H](CCNC(=O)c1cc(F)cc(F)c1)C(=O)NO)N(C)C(=O)[C@@H]1CCCN1C(=O)CCCOc1ccccc1,,,CHEMBL5727304,,2019.0,"{'bei': '9.54', 'le': '0.18', 'lle': '3.50', 'sei': '4.00'}",,CHEMBL5946822,,CHEMBL5946822,6.30,0,http://www.openphacts.org/units/Nanomolar,4369280,=,37,1,=,,IC50,nM,,506.0,CHEMBL321,Homo sapiens,Matrix metalloproteinase-9,9606,,,IC50,nM,UO_0000065,,506.0,,506.0,CCC(C)[C@@H](C(=O)N[C@@H](CCNC(=O)c1cc(F)cc(F)c1)C(=O)NO)N(C)C(=O)[C@@H]1CCCN1C(=O)CCCOc1ccccc1,active
,825320,27744011,[],CHEMBL5734390,"Inhibition Assay: MMP-9: Recombinant MMP-9 expressed was obtained from Merck-Millipore (catalog number PF140-5UG, used in examples 1 to 9 and comparative examples) and Enzo (catalog number-SE360-0010, used in examples 10 to 16). DQ gelatin from pig skin fluorescein conjugated (MMP-9 substrate) was obtained from Life Technologies (catalog number E12055).Preparation of the MMP-9 for the activity assay: MMP-9 was provided as a stock solution (0.1 mg/mL). The enzyme was diluted in 1× reaction buffer to a final concentration of 5 μg/mL.Preparation of the DQ gelatin (substrate) solution for the activity assay: the solid form of the substrate was dissolved in water in order to obtain a stock solution of 1 mg/mL.Procedure: The enzymatic assays were performed in 96-well microtiter plate, which allowed simultaneous monitoring of multiple reactions. For each reaction, 84.6 μL of 1× reaction buffer (pH 7.6), 3.4 μL of MMP-9 (final concentration 85 ng/mL) and 2 μL of the corresponding new compound were added to each well. A stock solution of new compound was prepared in DMSO (100 mM), and dilutions were prepared from this stock solution with DMSO. Finally, to the mixture contained in each well 10 μL of the substrate were added (final concentration 50 μg/mL). The reaction was incubated for 4 hours at room temperature in an orbital shaker (100 rpm).",B,,,BAO_0000190,BAO_0000357,single protein format,CCC(C)[C@@H](C(=O)N[C@@H](CCNC(=O)c1cc(F)cc(F)c1)C(=O)NO)N(C)C(=O)[C@@H]1CC(F)(F)CN1C(=O)CCCOc1ccccc1,,,CHEMBL5727304,,2019.0,"{'bei': '9.56', 'le': '0.19', 'lle': '3.61', 'sei': '4.23'}",,CHEMBL6059022,,CHEMBL6059022,6.65,0,http://www.openphacts.org/units/Nanomolar,4369281,=,37,1,=,,IC50,nM,,223.0,CHEMBL321,Homo sapiens,Matrix metalloproteinase-9,9606,,,IC50,nM,UO_0000065,,223.0,,223.0,CCC(C)[C@@H](C(=O)N[C@@H](CCNC(=O)c1cc(F)cc(F)c1)C(=O)NO)N(C)C(=O)[C@@H]1CC(F)(F)CN1C(=O)CCCOc1ccccc1,active
,825322,27744017,[],CHEMBL5734390,"Inhibition Assay: MMP-9: Recombinant MMP-9 expressed was obtained from Merck-Millipore (catalog number PF140-5UG, used in examples 1 to 9 and comparative examples) and Enzo (catalog number-SE360-0010, used in examples 10 to 16). DQ gelatin from pig skin fluorescein conjugated (MMP-9 substrate) was obtained from Life Technologies (catalog number E12055).Preparation of the MMP-9 for the activity assay: MMP-9 was provided as a stock solution (0.1 mg/mL). The enzyme was diluted in 1× reaction buffer to a final concentration of 5 μg/mL.Preparation of the DQ gelatin (substrate) solution for the activity assay: the solid form of the substrate was dissolved in water in order to obtain a stock solution of 1 mg/mL.Procedure: The enzymatic assays were performed in 96-well microtiter plate, which allowed simultaneous monitoring of multiple reactions. For each reaction, 84.6 μL of 1× reaction buffer (pH 7.6), 3.4 μL of MMP-9 (final concentration 85 ng/mL) and 2 μL of the corresponding new compound were added to each well. A stock solution of new compound was prepared in DMSO (100 mM), and dilutions were prepared from this stock solution with DMSO. Finally, to the mixture contained in each well 10 μL of the substrate were added (final concentration 50 μg/mL). The reaction was incubated for 4 hours at room temperature in an orbital shaker (100 rpm).",B,,,BAO_0000190,BAO_0000357,single protein format,CCC(C)[C@@H](C(=O)N[C@@H](CCNC(=O)c1cc(F)cc(F)c1)C(=O)NO)N(C)C(=O)[C@@H]1CCCN1C(=O)[C@H](Cc1ccccc1)N(C)C(C)=O,,,CHEMBL5727304,,2019.0,"{'bei': '10.20', 'le': '0.20', 'lle': '5.12', 'sei': '4.24'}",,CHEMBL5946001,,CHEMBL5946001,7.15,0,http://www.openphacts.org/units/Nanomolar,4369282,=,37,1,=,,IC50,nM,,71.0,CHEMBL321,Homo sapiens,Matrix metalloproteinase-9,9606,,,IC50,nM,UO_0000065,,71.0,,71.0,CCC(C)[C@@H](C(=O)N[C@@H](CCNC(=O)c1cc(F)cc(F)c1)C(=O)NO)N(C)C(=O)[C@@H]1CCCN1C(=O)[C@H](Cc1ccccc1)N(C)C(C)=O,active
,825324,27744023,[],CHEMBL5734390,"Inhibition Assay: MMP-9: Recombinant MMP-9 expressed was obtained from Merck-Millipore (catalog number PF140-5UG, used in examples 1 to 9 and comparative examples) and Enzo (catalog number-SE360-0010, used in examples 10 to 16). DQ gelatin from pig skin fluorescein conjugated (MMP-9 substrate) was obtained from Life Technologies (catalog number E12055).Preparation of the MMP-9 for the activity assay: MMP-9 was provided as a stock solution (0.1 mg/mL). The enzyme was diluted in 1× reaction buffer to a final concentration of 5 μg/mL.Preparation of the DQ gelatin (substrate) solution for the activity assay: the solid form of the substrate was dissolved in water in order to obtain a stock solution of 1 mg/mL.Procedure: The enzymatic assays were performed in 96-well microtiter plate, which allowed simultaneous monitoring of multiple reactions. For each reaction, 84.6 μL of 1× reaction buffer (pH 7.6), 3.4 μL of MMP-9 (final concentration 85 ng/mL) and 2 μL of the corresponding new compound were added to each well. A stock solution of new compound was prepared in DMSO (100 mM), and dilutions were prepared from this stock solution with DMSO. Finally, to the mixture contained in each well 10 μL of the substrate were added (final concentration 50 μg/mL). The reaction was incubated for 4 hours at room temperature in an orbital shaker (100 rpm).",B,,,BAO_0000190,BAO_0000357,single protein format,CCC(C)[C@@H](C(=O)N[C@@H](CCNC(=O)c1cc(F)cc(F)c1)C(=O)NO)N(C)C(=O)[C@@H]1CCCN1C(=O)[C@H](C)N(C)C(C)=O,,,CHEMBL5727304,,2019.0,"{'bei': '10.99', 'le': '0.21', 'lle': '6.06', 'sei': '4.08'}",,CHEMBL5268474,,CHEMBL5268474,6.87,0,http://www.openphacts.org/units/Nanomolar,4369283,=,37,1,=,,IC50,nM,,136.0,CHEMBL321,Homo sapiens,Matrix metalloproteinase-9,9606,,,IC50,nM,UO_0000065,,136.0,,136.0,CCC(C)[C@@H](C(=O)N[C@@H](CCNC(=O)c1cc(F)cc(F)c1)C(=O)NO)N(C)C(=O)[C@@H]1CCCN1C(=O)[C@H](C)N(C)C(C)=O,active
,825326,27744029,[],CHEMBL5734390,"Inhibition Assay: MMP-9: Recombinant MMP-9 expressed was obtained from Merck-Millipore (catalog number PF140-5UG, used in examples 1 to 9 and comparative examples) and Enzo (catalog number-SE360-0010, used in examples 10 to 16). DQ gelatin from pig skin fluorescein conjugated (MMP-9 substrate) was obtained from Life Technologies (catalog number E12055).Preparation of the MMP-9 for the activity assay: MMP-9 was provided as a stock solution (0.1 mg/mL). The enzyme was diluted in 1× reaction buffer to a final concentration of 5 μg/mL.Preparation of the DQ gelatin (substrate) solution for the activity assay: the solid form of the substrate was dissolved in water in order to obtain a stock solution of 1 mg/mL.Procedure: The enzymatic assays were performed in 96-well microtiter plate, which allowed simultaneous monitoring of multiple reactions. For each reaction, 84.6 μL of 1× reaction buffer (pH 7.6), 3.4 μL of MMP-9 (final concentration 85 ng/mL) and 2 μL of the corresponding new compound were added to each well. A stock solution of new compound was prepared in DMSO (100 mM), and dilutions were prepared from this stock solution with DMSO. Finally, to the mixture contained in each well 10 μL of the substrate were added (final concentration 50 μg/mL). The reaction was incubated for 4 hours at room temperature in an orbital shaker (100 rpm).",B,,,BAO_0000190,BAO_0000357,single protein format,CCC(C)[C@@H](C(=O)N[C@@H](CCNC(=O)c1cc(F)cc(F)c1)C(=O)NO)N(C)C(=O)[C@@H]1CCCN1C(=O)CCN(C)C(C)=O,,,CHEMBL5727304,,2019.0,"{'bei': '10.36', 'le': '0.20', 'lle': '5.66', 'sei': '3.84'}",,CHEMBL5851255,,CHEMBL5851255,6.47,0,http://www.openphacts.org/units/Nanomolar,4369284,=,37,1,=,,IC50,nM,,339.0,CHEMBL321,Homo sapiens,Matrix metalloproteinase-9,9606,,,IC50,nM,UO_0000065,,339.0,,339.0,CCC(C)[C@@H](C(=O)N[C@@H](CCNC(=O)c1cc(F)cc(F)c1)C(=O)NO)N(C)C(=O)[C@@H]1CCCN1C(=O)CCN(C)C(C)=O,active
,825328,27744035,[],CHEMBL5734390,"Inhibition Assay: MMP-9: Recombinant MMP-9 expressed was obtained from Merck-Millipore (catalog number PF140-5UG, used in examples 1 to 9 and comparative examples) and Enzo (catalog number-SE360-0010, used in examples 10 to 16). DQ gelatin from pig skin fluorescein conjugated (MMP-9 substrate) was obtained from Life Technologies (catalog number E12055).Preparation of the MMP-9 for the activity assay: MMP-9 was provided as a stock solution (0.1 mg/mL). The enzyme was diluted in 1× reaction buffer to a final concentration of 5 μg/mL.Preparation of the DQ gelatin (substrate) solution for the activity assay: the solid form of the substrate was dissolved in water in order to obtain a stock solution of 1 mg/mL.Procedure: The enzymatic assays were performed in 96-well microtiter plate, which allowed simultaneous monitoring of multiple reactions. For each reaction, 84.6 μL of 1× reaction buffer (pH 7.6), 3.4 μL of MMP-9 (final concentration 85 ng/mL) and 2 μL of the corresponding new compound were added to each well. A stock solution of new compound was prepared in DMSO (100 mM), and dilutions were prepared from this stock solution with DMSO. Finally, to the mixture contained in each well 10 μL of the substrate were added (final concentration 50 μg/mL). The reaction was incubated for 4 hours at room temperature in an orbital shaker (100 rpm).",B,,,BAO_0000190,BAO_0000357,single protein format,CCCC(=O)N(C)[C@@H](Cc1c[nH]c2ccccc12)C(=O)N(C)[C@@H](CC(C)C)C(=O)N1CCC[C@H]1C(=O)N(C)[C@H](C(=O)N[C@@H](CCNC(=O)c1cc(F)cc(F)c1)C(=O)NO)C(C)CC,,,CHEMBL5727304,,2019.0,"{'bei': '8.20', 'le': '0.16', 'lle': '3.18', 'sei': '3.59'}",,CHEMBL5954097,,CHEMBL5954097,7.34,0,http://www.openphacts.org/units/Nanomolar,4369285,=,37,1,=,,IC50,nM,,46.0,CHEMBL321,Homo sapiens,Matrix metalloproteinase-9,9606,,,IC50,nM,UO_0000065,,46.0,,46.0,CCCC(=O)N(C)[C@@H](Cc1c[nH]c2ccccc12)C(=O)N(C)[C@@H](CC(C)C)C(=O)N1CCC[C@H]1C(=O)N(C)[C@H](C(=O)N[C@@H](CCNC(=O)c1cc(F)cc(F)c1)C(=O)NO)C(C)CC,active
,825330,27744041,[],CHEMBL5734390,"Inhibition Assay: MMP-9: Recombinant MMP-9 expressed was obtained from Merck-Millipore (catalog number PF140-5UG, used in examples 1 to 9 and comparative examples) and Enzo (catalog number-SE360-0010, used in examples 10 to 16). DQ gelatin from pig skin fluorescein conjugated (MMP-9 substrate) was obtained from Life Technologies (catalog number E12055).Preparation of the MMP-9 for the activity assay: MMP-9 was provided as a stock solution (0.1 mg/mL). The enzyme was diluted in 1× reaction buffer to a final concentration of 5 μg/mL.Preparation of the DQ gelatin (substrate) solution for the activity assay: the solid form of the substrate was dissolved in water in order to obtain a stock solution of 1 mg/mL.Procedure: The enzymatic assays were performed in 96-well microtiter plate, which allowed simultaneous monitoring of multiple reactions. For each reaction, 84.6 μL of 1× reaction buffer (pH 7.6), 3.4 μL of MMP-9 (final concentration 85 ng/mL) and 2 μL of the corresponding new compound were added to each well. A stock solution of new compound was prepared in DMSO (100 mM), and dilutions were prepared from this stock solution with DMSO. Finally, to the mixture contained in each well 10 μL of the substrate were added (final concentration 50 μg/mL). The reaction was incubated for 4 hours at room temperature in an orbital shaker (100 rpm).",B,,,BAO_0000190,BAO_0000357,single protein format,CCCCCC(=O)N1CCC[C@H]1C(=O)N(C)[C@H](C(=O)N[C@@H](CCNC(=O)c1ccccc1)C(=O)NO)C(C)CC,,,CHEMBL5727304,,2019.0,"{'bei': '10.99', 'le': '0.21', 'lle': '3.91', 'sei': '4.15'}",,CHEMBL5754516,,CHEMBL5754516,6.15,0,http://www.openphacts.org/units/Nanomolar,4369286,=,37,1,=,,IC50,nM,,702.0,CHEMBL321,Homo sapiens,Matrix metalloproteinase-9,9606,,,IC50,nM,UO_0000065,,702.0,,702.0,CCCCCC(=O)N1CCC[C@H]1C(=O)N(C)[C@H](C(=O)N[C@@H](CCNC(=O)c1ccccc1)C(=O)NO)C(C)CC,active
,825332,27744047,[],CHEMBL5734390,"Inhibition Assay: MMP-9: Recombinant MMP-9 expressed was obtained from Merck-Millipore (catalog number PF140-5UG, used in examples 1 to 9 and comparative examples) and Enzo (catalog number-SE360-0010, used in examples 10 to 16). DQ gelatin from pig skin fluorescein conjugated (MMP-9 substrate) was obtained from Life Technologies (catalog number E12055).Preparation of the MMP-9 for the activity assay: MMP-9 was provided as a stock solution (0.1 mg/mL). The enzyme was diluted in 1× reaction buffer to a final concentration of 5 μg/mL.Preparation of the DQ gelatin (substrate) solution for the activity assay: the solid form of the substrate was dissolved in water in order to obtain a stock solution of 1 mg/mL.Procedure: The enzymatic assays were performed in 96-well microtiter plate, which allowed simultaneous monitoring of multiple reactions. For each reaction, 84.6 μL of 1× reaction buffer (pH 7.6), 3.4 μL of MMP-9 (final concentration 85 ng/mL) and 2 μL of the corresponding new compound were added to each well. A stock solution of new compound was prepared in DMSO (100 mM), and dilutions were prepared from this stock solution with DMSO. Finally, to the mixture contained in each well 10 μL of the substrate were added (final concentration 50 μg/mL). The reaction was incubated for 4 hours at room temperature in an orbital shaker (100 rpm).",B,,,BAO_0000190,BAO_0000357,single protein format,CCCCCC(=O)N1C[C@H](F)C[C@H]1C(=O)N(C)[C@H](C(=O)N[C@@H](CCNC(=O)c1ccccc1)C(=O)NO)C(C)CC,,,CHEMBL5727304,,2019.0,"{'bei': '13.85', 'le': '0.27', 'lle': '5.81', 'sei': '5.40'}",,CHEMBL5267304,,CHEMBL5267304,8.00,0,http://www.openphacts.org/units/Nanomolar,4369287,=,37,1,=,,IC50,nM,,10.0,CHEMBL321,Homo sapiens,Matrix metalloproteinase-9,9606,,,IC50,nM,UO_0000065,,10.0,,10.0,CCCCCC(=O)N1C[C@H](F)C[C@H]1C(=O)N(C)[C@H](C(=O)N[C@@H](CCNC(=O)c1ccccc1)C(=O)NO)C(C)CC,active
,825340,27744071,[],CHEMBL5734390,"Inhibition Assay: MMP-9: Recombinant MMP-9 expressed was obtained from Merck-Millipore (catalog number PF140-5UG, used in examples 1 to 9 and comparative examples) and Enzo (catalog number-SE360-0010, used in examples 10 to 16). DQ gelatin from pig skin fluorescein conjugated (MMP-9 substrate) was obtained from Life Technologies (catalog number E12055).Preparation of the MMP-9 for the activity assay: MMP-9 was provided as a stock solution (0.1 mg/mL). The enzyme was diluted in 1× reaction buffer to a final concentration of 5 μg/mL.Preparation of the DQ gelatin (substrate) solution for the activity assay: the solid form of the substrate was dissolved in water in order to obtain a stock solution of 1 mg/mL.Procedure: The enzymatic assays were performed in 96-well microtiter plate, which allowed simultaneous monitoring of multiple reactions. For each reaction, 84.6 μL of 1× reaction buffer (pH 7.6), 3.4 μL of MMP-9 (final concentration 85 ng/mL) and 2 μL of the corresponding new compound were added to each well. A stock solution of new compound was prepared in DMSO (100 mM), and dilutions were prepared from this stock solution with DMSO. Finally, to the mixture contained in each well 10 μL of the substrate were added (final concentration 50 μg/mL). The reaction was incubated for 4 hours at room temperature in an orbital shaker (100 rpm).",B,,,BAO_0000190,BAO_0000357,single protein format,CC(=O)N1CCC[C@H]1C(=O)N(C)[C@@H](CCC(N)=O)C(=O)N[C@@H](Cc1c[nH]c2ccccc12)C(=O)NO,,,CHEMBL5727304,,2019.0,"{'bei': '9.30', 'le': '0.18', 'lle': '4.86', 'sei': '2.62'}",,CHEMBL5916829,,CHEMBL5916829,4.66,0,http://www.openphacts.org/units/Nanomolar,4369291,=,37,1,=,,IC50,nM,,22000.0,CHEMBL321,Homo sapiens,Matrix metalloproteinase-9,9606,,,IC50,nM,UO_0000065,,22000.0,,22000.0,CC(=O)N1CCC[C@H]1C(=O)N(C)[C@@H](CCC(N)=O)C(=O)N[C@@H](Cc1c[nH]c2ccccc12)C(=O)NO,inactive
,825342,27744077,[],CHEMBL5734390,"Inhibition Assay: MMP-9: Recombinant MMP-9 expressed was obtained from Merck-Millipore (catalog number PF140-5UG, used in examples 1 to 9 and comparative examples) and Enzo (catalog number-SE360-0010, used in examples 10 to 16). DQ gelatin from pig skin fluorescein conjugated (MMP-9 substrate) was obtained from Life Technologies (catalog number E12055).Preparation of the MMP-9 for the activity assay: MMP-9 was provided as a stock solution (0.1 mg/mL). The enzyme was diluted in 1× reaction buffer to a final concentration of 5 μg/mL.Preparation of the DQ gelatin (substrate) solution for the activity assay: the solid form of the substrate was dissolved in water in order to obtain a stock solution of 1 mg/mL.Procedure: The enzymatic assays were performed in 96-well microtiter plate, which allowed simultaneous monitoring of multiple reactions. For each reaction, 84.6 μL of 1× reaction buffer (pH 7.6), 3.4 μL of MMP-9 (final concentration 85 ng/mL) and 2 μL of the corresponding new compound were added to each well. A stock solution of new compound was prepared in DMSO (100 mM), and dilutions were prepared from this stock solution with DMSO. Finally, to the mixture contained in each well 10 μL of the substrate were added (final concentration 50 μg/mL). The reaction was incubated for 4 hours at room temperature in an orbital shaker (100 rpm).",B,,,BAO_0000190,BAO_0000357,single protein format,CCC(C)[C@@H](C(=O)N[C@@H](Cc1c[nH]c2ccccc12)C(=O)NO)N(C)C(=O)[C@@H]1CCCN1C(C)=O,,,CHEMBL5727304,,2019.0,"{'bei': '9.88', 'le': '0.19', 'lle': '3.22', 'sei': '3.56'}",,CHEMBL5883658,,CHEMBL5883658,4.80,0,http://www.openphacts.org/units/Nanomolar,4369292,=,37,1,=,,IC50,nM,,16000.0,CHEMBL321,Homo sapiens,Matrix metalloproteinase-9,9606,,,IC50,nM,UO_0000065,,16000.0,,16000.0,CCC(C)[C@@H](C(=O)N[C@@H](Cc1c[nH]c2ccccc12)C(=O)NO)N(C)C(=O)[C@@H]1CCCN1C(C)=O,inactive
,825344,27744083,[],CHEMBL5734390,"Inhibition Assay: MMP-9: Recombinant MMP-9 expressed was obtained from Merck-Millipore (catalog number PF140-5UG, used in examples 1 to 9 and comparative examples) and Enzo (catalog number-SE360-0010, used in examples 10 to 16). DQ gelatin from pig skin fluorescein conjugated (MMP-9 substrate) was obtained from Life Technologies (catalog number E12055).Preparation of the MMP-9 for the activity assay: MMP-9 was provided as a stock solution (0.1 mg/mL). The enzyme was diluted in 1× reaction buffer to a final concentration of 5 μg/mL.Preparation of the DQ gelatin (substrate) solution for the activity assay: the solid form of the substrate was dissolved in water in order to obtain a stock solution of 1 mg/mL.Procedure: The enzymatic assays were performed in 96-well microtiter plate, which allowed simultaneous monitoring of multiple reactions. For each reaction, 84.6 μL of 1× reaction buffer (pH 7.6), 3.4 μL of MMP-9 (final concentration 85 ng/mL) and 2 μL of the corresponding new compound were added to each well. A stock solution of new compound was prepared in DMSO (100 mM), and dilutions were prepared from this stock solution with DMSO. Finally, to the mixture contained in each well 10 μL of the substrate were added (final concentration 50 μg/mL). The reaction was incubated for 4 hours at room temperature in an orbital shaker (100 rpm).",B,,,BAO_0000190,BAO_0000357,single protein format,CCCCCCCCCCCCCC(=O)N1CCC[C@H]1C(=O)N[C@@H](CC(C)C)C(=O)N[C@@H](Cc1c[nH]c2ccccc12)C(=O)NO,,,CHEMBL5727304,,2019.0,"{'bei': '9.25', 'le': '0.18', 'lle': '0.00', 'sei': '4.12'}",,CHEMBL6044493,,CHEMBL6044493,5.92,0,http://www.openphacts.org/units/Nanomolar,4369293,=,37,1,=,,IC50,nM,,1200.0,CHEMBL321,Homo sapiens,Matrix metalloproteinase-9,9606,,,IC50,nM,UO_0000065,,1200.0,,1200.0,CCCCCCCCCCCCCC(=O)N1CCC[C@H]1C(=O)N[C@@H](CC(C)C)C(=O)N[C@@H](Cc1c[nH]c2ccccc12)C(=O)NO,intermediate
,910819,27980381,[],CHEMBL5735248,"Inhibition of MMPs: It has been observed that 50 and 100 μM concentrations of curcumin decreased TNFα production by endotoxin-stimulated human monocytes (HMs) in culture by 80-90% (lower concentrations of curcumin, 10 and 20 μM, had no effect). However, this inhibitory effect was associated with some precipitation of the curcumin in cell culture and with significant cytotoxicity. It was hypothesized that increasing the solubility of curcumin will: (i) enhance its efficacy as an inhibitor of cytokine expression, (ii) reduce its cytotoxicity, and (iii) preserve (perhaps even enhance; see below) its potency, as an MMP inhibitor (MMPI) compound, which was found to be similar to that of the Zn++ chelating compound, 1,10-O-phenanthroline (FIG. 1). However, it should be noted that excessive inhibition of MMP activity may not be desirable therapeutically because a minimal, or basal, level of MMPs may be necessary for optimal defense of the host.",B,,,BAO_0000190,BAO_0000019,assay format,COc1cc(/C=C/C(=O)C(C(=O)/C=C/c2ccc(O)c(CO)c2)C(=O)CO)ccc1O,,,CHEMBL5727730,,2020.0,"{'bei': '11.25', 'le': '0.21', 'lle': '3.16', 'sei': '3.39'}",,CHEMBL5815281,,CHEMBL5815281,4.80,0,http://www.openphacts.org/units/Nanomolar,4419016,=,37,1,=,,IC50,nM,,16000.0,CHEMBL321,Homo sapiens,Matrix metalloproteinase-9,9606,,,IC50,nM,UO_0000065,,16000.0,,16000.0,COc1cc(/C=C/C(=O)C(C(=O)/C=C/c2ccc(O)c(CO)c2)C(=O)CO)ccc1O,inactive
,910820,27980384,[],CHEMBL5735248,"Inhibition of MMPs: It has been observed that 50 and 100 μM concentrations of curcumin decreased TNFα production by endotoxin-stimulated human monocytes (HMs) in culture by 80-90% (lower concentrations of curcumin, 10 and 20 μM, had no effect). However, this inhibitory effect was associated with some precipitation of the curcumin in cell culture and with significant cytotoxicity. It was hypothesized that increasing the solubility of curcumin will: (i) enhance its efficacy as an inhibitor of cytokine expression, (ii) reduce its cytotoxicity, and (iii) preserve (perhaps even enhance; see below) its potency, as an MMP inhibitor (MMPI) compound, which was found to be similar to that of the Zn++ chelating compound, 1,10-O-phenanthroline (FIG. 1). However, it should be noted that excessive inhibition of MMP activity may not be desirable therapeutically because a minimal, or basal, level of MMPs may be necessary for optimal defense of the host.",B,,,BAO_0000190,BAO_0000019,assay format,CNCc1ccc(/C=C/C(=O)CC(=O)/C=C/c2ccc(O)c(OC)c2)cc1,,,CHEMBL5727730,,2020.0,"{'bei': '13.05', 'le': '0.24', 'lle': '1.39', 'sei': '6.31'}",,CHEMBL5873958,,CHEMBL5873958,4.77,0,http://www.openphacts.org/units/Nanomolar,4419018,=,37,1,=,,IC50,nM,,17000.0,CHEMBL321,Homo sapiens,Matrix metalloproteinase-9,9606,,,IC50,nM,UO_0000065,,17000.0,,17000.0,CNCc1ccc(/C=C/C(=O)CC(=O)/C=C/c2ccc(O)c(OC)c2)cc1,inactive
,910821,27980387,[],CHEMBL5735248,"Inhibition of MMPs: It has been observed that 50 and 100 μM concentrations of curcumin decreased TNFα production by endotoxin-stimulated human monocytes (HMs) in culture by 80-90% (lower concentrations of curcumin, 10 and 20 μM, had no effect). However, this inhibitory effect was associated with some precipitation of the curcumin in cell culture and with significant cytotoxicity. It was hypothesized that increasing the solubility of curcumin will: (i) enhance its efficacy as an inhibitor of cytokine expression, (ii) reduce its cytotoxicity, and (iii) preserve (perhaps even enhance; see below) its potency, as an MMP inhibitor (MMPI) compound, which was found to be similar to that of the Zn++ chelating compound, 1,10-O-phenanthroline (FIG. 1). However, it should be noted that excessive inhibition of MMP activity may not be desirable therapeutically because a minimal, or basal, level of MMPs may be necessary for optimal defense of the host.",B,,,BAO_0000190,BAO_0000019,assay format,O=C(/C=C/c1ccc(O)cc1)C(C(=O)/C=C/c1ccc(O)cc1)C(=O)CO,,,CHEMBL5727730,,2020.0,"{'bei': '14.25', 'le': '0.26', 'lle': '3.08', 'sei': '4.67'}",,CHEMBL5928788,,CHEMBL5928788,5.22,0,http://www.openphacts.org/units/Nanomolar,4419019,=,37,1,=,,IC50,nM,,6000.0,CHEMBL321,Homo sapiens,Matrix metalloproteinase-9,9606,,,IC50,nM,UO_0000065,,6000.0,,6000.0,O=C(/C=C/c1ccc(O)cc1)C(C(=O)/C=C/c1ccc(O)cc1)C(=O)CO,intermediate
,1266098,28967864,[],CHEMBL5739131,"Inhibition Assay: Table 1 shows the IC50 of curcumin, compound 1, and compound 2, compared to a standard Zn++ binding & MMPI (matrix metalloproteinase inhibitor), 1,10-O-phenanthroline (o-phen), against purified human PMN MMP-8 (from EMD biologics, Inc., Gibbstown, N.J.) using a synthetic octapeptide containing the collagenase-susceptible glycine-isoleucine peptide bond and measuring the tripeptide breakdown products by HPLC (Waters Alliance 2695 System with a reverse phase C-18 column). Compound 1 was an excellent MMPI with an IC50 equivalent to that of 1,10-O-phenanthroline, while compound 2, which lacked substituents on the aryl moieties, did not show a dose response.",B,,,BAO_0000190,BAO_0000357,single protein format,COc1cc(/C=C/C(=O)CC(=O)/C=C/c2ccc(N(C)C)cc2)ccc1O,,,CHEMBL5729636,,2023.0,"{'bei': '13.05', 'le': '0.24', 'lle': '1.05', 'sei': '7.14'}",,CHEMBL5775711,,CHEMBL5775711,4.77,0,http://www.openphacts.org/units/Nanomolar,4629470,=,37,1,=,,IC50,nM,,17000.0,CHEMBL321,Homo sapiens,Matrix metalloproteinase-9,9606,,,IC50,nM,UO_0000065,,17000.0,,17000.0,COc1cc(/C=C/C(=O)CC(=O)/C=C/c2ccc(N(C)C)cc2)ccc1O,inactive
"{'action_type': 'INHIBITOR', 'description': 'Negatively effects (inhibits) the normal functioning of the protein e.g., prevention of enzymatic reaction or activation of downstream pathway', 'parent_type': 'NEGATIVE MODULATOR'}",,29180885,[],CHEMBL6112542,Inhibition of MMP-9 in human HCT-116 cells by ELISA method,B,,,BAO_0000190,BAO_0000219,cell-based format,COc1ccc(Cl)cc1-c1c(C(=O)O)[nH]c2c1CCc1ccccc1-2,,,CHEMBL6109129,J Med Chem,2025.0,"{'bei': '12.28', 'le': '0.24', 'lle': '-0.46', 'sei': '6.97'}",,CHEMBL6150966,,CHEMBL6150966,4.35,0,http://www.openphacts.org/units/Nanomolar,4684006,=,1,1,=,,IC50,nM,,45030.0,CHEMBL321,Homo sapiens,Matrix metalloproteinase-9,9606,,,IC50,uM,UO_0000065,,45.03,,45030.0,COc1ccc(Cl)cc1-c1c(C(=O)O)[nH]c2c1CCc1ccccc1-2,inactive
"{'action_type': 'INHIBITOR', 'description': 'Negatively effects (inhibits) the normal functioning of the protein e.g., prevention of enzymatic reaction or activation of downstream pathway', 'parent_type': 'NEGATIVE MODULATOR'}",Potent Than In-3,29278250,[],CHEMBL6155579,Inhibition of MMP-9 (unknown origin) using fluorogenic-McaPro-Leu-Gly-Leu-Dpa-Ala-Arg-NH2 as substrate,B,,,BAO_0000190,BAO_0000357,single protein format,CCOP(=O)(OCC)C(Nc1ccc(CC(=O)Oc2cc(/C=C/C(=O)c3cc(OC)c(OC)c(OC)c3)ccc2OC)cc1)c1cccc([N+](=O)[O-])c1,,,CHEMBL6153074,Eur J Med Chem,2025.0,"{'bei': '6.30', 'le': '0.12', 'lle': '-3.33', 'sei': '2.76'}",,CHEMBL6176925,,CHEMBL6176925,4.72,0,http://www.openphacts.org/units/Nanomolar,4701931,=,1,1,=,,IC50,nM,,19240.0,CHEMBL321,Homo sapiens,Matrix metalloproteinase-9,9606,,,IC50,uM,UO_0000065,,19.24,,19240.0,CCOP(=O)(OCC)C(Nc1ccc(CC(=O)Oc2cc(/C=C/C(=O)c3cc(OC)c(OC)c(OC)c3)ccc2OC)cc1)c1cccc([N+](=O)[O-])c1,inactive
"{'action_type': 'INHIBITOR', 'description': 'Negatively effects (inhibits) the normal functioning of the protein e.g., prevention of enzymatic reaction or activation of downstream pathway', 'parent_type': 'NEGATIVE MODULATOR'}",,29278251,[],CHEMBL6155579,Inhibition of MMP-9 (unknown origin) using fluorogenic-McaPro-Leu-Gly-Leu-Dpa-Ala-Arg-NH2 as substrate,B,,,BAO_0000190,BAO_0000357,single protein format,Cc1ccc2nc(-c3cccc(NC(=O)CCc4ccccc4)c3)[nH]c2c1,,,CHEMBL6153074,Eur J Med Chem,2025.0,"{'bei': '12.79', 'le': '0.23', 'lle': '-0.56', 'sei': '7.87'}",,CHEMBL4632565,,CHEMBL4632565,4.55,0,http://www.openphacts.org/units/Nanomolar,4701939,=,1,1,=,,IC50,nM,,28390.0,CHEMBL321,Homo sapiens,Matrix metalloproteinase-9,9606,,,IC50,uM,UO_0000065,,28.39,,28390.0,Cc1ccc2nc(-c3cccc(NC(=O)CCc4ccccc4)c3)[nH]c2c1,inactive
