molecule_id,all_chembl_ids,smiles,ic50_nM,pic50,class,n_measurements,ic50_min,ic50_max,activity_ids,assay_ids,label
CHEMBL100584,CHEMBL100584,O=C(NO)C(CCn1nnc2ccccc2c1=O)COCCc1ccc(-c2ccc(Cl)cc2)cc1,3.6,8.443697499232712,active,1,3.6,3.6,195387,CHEMBL714516,1
CHEMBL100805,CHEMBL100805,O=C(NO)C(CCn1c(=O)[nH]c2ccccc2c1=O)COc1ccc(-c2ccccc2)cc1,25.0,7.6020599913279625,active,1,25.0,25.0,204982,CHEMBL714516,1
CHEMBL101121,CHEMBL101121,O=C(NO)C(CCN1C(=O)c2ccccc2C1=O)COc1ccc(-c2ccccc2)cc1,5.0,8.301029995663981,active,1,5.0,5.0,185679,CHEMBL714516,1
CHEMBL102415,CHEMBL102415,COc1ccc(S(=O)(=O)N2CC(C)(C)C(CSCc3ccccc3)[C@@H]2C(=O)NO)cc1,0.9,9.045757490560675,active,1,0.9,0.9,781613,CHEMBL712562,1
CHEMBL102459,CHEMBL102459,O=C(NO)C(CCn1ncc2ccccc2c1=O)COc1ccc(-c2ccccc2)cc1,33.0,7.481486060122112,active,1,33.0,33.0,217988,CHEMBL714516,1
CHEMBL102698,CHEMBL102698,COc1ccc(S(=O)(=O)N2CC(C)(C)C(CSCCc3ccccc3)[C@@H]2C(=O)NO)cc1,2.8,8.55284196865778,active,1,2.8,2.8,773755,CHEMBL712562,1
CHEMBL103442,CHEMBL103442,O=C(NO)C(CCN1C(=O)c2ccccc2S1(=O)=O)COc1ccc(-c2ccccc2)cc1,16.0,7.795880017344075,active,1,16.0,16.0,187002,CHEMBL714516,1
CHEMBL104446,CHEMBL104446,C=CC1[C@H](C(=O)NO)N(S(=O)(=O)c2ccc(OC)cc2)CC1(C)C,138.0,6.860120913598763,active,1,138.0,138.0,773750,CHEMBL712562,1
CHEMBL105962,CHEMBL105962,COc1ccc(S(=O)(=O)N2CC(C)(C)C([C@@H](O)CSc3ccccc3)[C@@H]2C(=O)NO)cc1,3.6,8.443697499232712,active,1,3.6,3.6,779310,CHEMBL712562,1
CHEMBL106889,CHEMBL106889,CNC(=O)[C@H](Cc1ccccc1)NC(=O)[C@H]1[C@@H](COCC(=O)NO)[C@@H]1CSc1ccccc1,36000.0,4.443697499232713,inactive,1,36000.0,36000.0,849433,CHEMBL687545,0
CHEMBL1078281,CHEMBL1078281,C[C@@H]1[C@H](c2ccccc2)[C@]1(NS(=O)(=O)c1ccc(-n2cc(Cl)cn2)s1)C(=O)O,58.0,7.236572006437063,active,1,58.0,58.0,6174009,CHEMBL1768155,1
CHEMBL11306,CHEMBL11306,CNC(=O)[C@H](Cc1ccccc1)NC(=O)[C@@H](CC(=O)NO)CC(C)C,0.38,9.42021640338319,active,1,0.38,0.38,2234863,CHEMBL1007242,1
CHEMBL115145,CHEMBL115145,O=C(O)c1cc(Cc2ccc(O)c(C(=O)O)c2)ccc1O,43400.0,4.36251027048749,inactive,1,43400.0,43400.0,1748552,CHEMBL871517,0
CHEMBL115189,CHEMBL115189,CNC(=O)C(NC(=O)[C@H](CC(C)C)[C@H](O)C(=O)NO)C(C)(C)C,3.0,8.522878745280337,active,1,3.0,3.0,650064,CHEMBL872676,1
CHEMBL115460,CHEMBL115460,CO[C@@H](NC(=O)[C@@H](NC(=O)[C@H](CCCc1ccc(-c2ccccc2)c(C)c1)CC(=O)O)C(C)(C)C)c1ccccc1,30400.0,4.517126416391246,inactive,1,30400.0,30400.0,1132379,CHEMBL712570,0
CHEMBL115727,CHEMBL115727,COc1ccc(S(=O)(=O)N2CC(C)(C)CN(S(=O)(=O)c3ccc(OC)cc3)C2C(=O)NO)cc1,2.25,8.647817481888637,active,2,1.8,2.7,1126821|10950065,CHEMBL2051215|CHEMBL714518,1
CHEMBL1163444,CHEMBL1163444,O=C(/C=C/c1ccc(O)c(O)c1)Nc1ccc(F)cc1,7.29,8.137272471682026,active,1,7.29,7.29,12701953,CHEMBL2338836,1
CHEMBL1163455,CHEMBL1163455,COc1ccc(NC(=O)/C=C/c2ccc(O)c(O)c2)cc1,3.33,8.47755576649368,active,1,3.33,3.33,12701959,CHEMBL2338836,1
CHEMBL1163867,CHEMBL1163867,O=C(/C=C/c1ccc(O)c(O)c1)Nc1ccccc1Cl,8.19,8.086716098239581,active,1,8.19,8.19,12701952,CHEMBL2338836,1
CHEMBL1164826,CHEMBL1164826,O=C(/C=C/c1ccc(O)cc1)Nc1ccccc1,7.8,8.10790539730952,active,1,7.8,7.8,12701931,CHEMBL2338836,1
CHEMBL1165106,CHEMBL1165106,Cc1ccc(NC(=O)/C=C/c2ccc(O)c(O)c2)cc1,3.64,8.438898616350944,active,1,3.64,3.64,12701956,CHEMBL2338836,1
CHEMBL1165150,CHEMBL1165150,O=C(/C=C/c1ccc(O)c(O)c1)Nc1ccc(Cl)cc1,7.89,8.10292299679058,active,1,7.89,7.89,12701950,CHEMBL2338836,1
CHEMBL1165152,CHEMBL1165152,Cc1ccccc1NC(=O)/C=C/c1ccc(O)c(O)c1,5.91,8.228412519118745,active,1,5.91,5.91,12701958,CHEMBL2338836,1
CHEMBL1165574,CHEMBL1165574,O=C(/C=C/c1ccc(O)c(O)c1)Nc1ccccc1F,7.81,8.1073489661227,active,1,7.81,7.81,12701955,CHEMBL2338836,1
CHEMBL1165627,CHEMBL1165627,COc1ccccc1NC(=O)/C=C/c1ccc(O)c(O)c1,5.67,8.246416941107093,active,1,5.67,5.67,12701961,CHEMBL2338836,1
CHEMBL116944,CHEMBL116944,C[C@@H](C[C@@H](CO)NC(=O)c1ccc(Oc2ccccc2)cc1)C(=O)NO,0.8,9.096910013008056,active,1,0.8,0.8,906544,CHEMBL712568,1
CHEMBL117225,CHEMBL117225,Cc1cc(CCC[C@H](CC(=O)NO)C(=O)N[C@H](C(=O)N[C@H](C)c2ccccc2)C(C)(C)C)ccc1-c1ccccc1,840.0,6.075720713938118,active,1,840.0,840.0,136916,CHEMBL710583,1
CHEMBL118497,CHEMBL118497,C[C@@H](C[C@@H](COC(=O)CCC(=O)O)NC(=O)c1ccc(Oc2ccccc2)cc1)C(=O)NO,2.8,8.55284196865778,active,1,2.8,2.8,913035,CHEMBL712568,1
CHEMBL118744,CHEMBL118744,COc1ccc(S(=O)(=O)N2CC(O)CN(S(=O)(=O)c3ccc(OC)cc3)C2C(=O)NO)cc1,4.7,8.327902142064282,active,1,4.7,4.7,1119600,CHEMBL714518,1
CHEMBL118848,CHEMBL118848,COc1ccc(S(=O)(=O)N2CC3(CN(S(=O)(=O)c4ccc(OC)cc4)C2C(=O)NO)SCCCS3)cc1,15.6,7.806875401645538,active,1,15.6,15.6,1137927,CHEMBL714518,1
CHEMBL1200596,CHEMBL1200596,Oc1c(Cl)cc(Cl)c2cccnc12,15900.0,4.798602875679548,inactive,1,15900.0,15900.0,25094800,CHEMBL5259724,0
CHEMBL1229516,CHEMBL1229516,CNC(=O)[C@@H](NC(=O)[C@H](CCCc1ccccc1)[C@H](C)N(O)C=O)C(C)(C)C,5.1,8.292429823902063,active,1,5.1,5.1,16486091,CHEMBL3773751,1
CHEMBL1229868,CHEMBL1229868,O=C(NO)C1(S(=O)(=O)c2ccc(Oc3ccc(C(F)(F)F)cc3)cc2)CCOCC1,1.2,8.920818753952375,active,1,1.2,1.2,6269136,CHEMBL1806088,1
CHEMBL1277658,CHEMBL1277658,O=S(=O)(Nc1cccc(-c2nc3ccccc3[nH]2)c1)c1ccccc1,36000.0,4.443697499232713,inactive,1,36000.0,36000.0,20655540,CHEMBL4617067,0
CHEMBL129795,CHEMBL129795,O=C(/C=C/c1ccc(O)cc1)c1ccc(O)cc1O,10.0,8.0,active,1,10.0,10.0,24786189,CHEMBL5130776,1
CHEMBL1305393,CHEMBL1305393,O=C(/C=C/c1ccccc1)NCCc1ccccc1,8.19,8.086716098239581,active,1,8.19,8.19,12701911,CHEMBL2338836,1
CHEMBL140152,CHEMBL140152,COc1ccc(S(=O)(=O)N2CCCCC(C)(C)[C@@H]2C(=O)NO)cc1,0.5,9.301029995663981,active,1,0.5,0.5,972844,CHEMBL710585,1
CHEMBL140970,CHEMBL140970,COc1ccc(S(=O)(=O)N2CCCSC(C)(C)[C@@H]2C(=O)NO)cc1,1.9,8.721246399047171,active,1,1.9,1.9,967906,CHEMBL710585,1
CHEMBL141080,CHEMBL141080,COc1ccc(S(=O)(=O)N2CCSC(C)(C)[C@@H]2C(=O)NO)cc1,0.9,9.045757490560675,active,1,0.9,0.9,984163,CHEMBL710585,1
CHEMBL145,CHEMBL145,O=C(O)/C=C/c1ccc(O)c(O)c1,15.61,7.806597096937582,active,2,10.0,21.22,12701748|12701751,CHEMBL2338833|CHEMBL2338836,1
CHEMBL147489,CHEMBL147489,O=C(NO)C1c2ccc(O)cc2CCN1S(=O)(=O)c1ccc([N+](=O)[O-])cc1,0.25,9.602059991327963,active,1,0.25,0.25,12703954,CHEMBL2341927,1
CHEMBL1483847,CHEMBL1483847,O=[N+]([O-])c1ccc(-c2nc3cc([N+](=O)[O-])ccc3[nH]2)cc1,23300.0,4.632644078973981,inactive,1,23300.0,23300.0,20655628,CHEMBL4617067,0
CHEMBL1532097,CHEMBL1532097,O=C(c1c(O)cc(O)cc1O)C1c2c(cc(O)c3c2O[C@H](c2ccc(O)cc2)[C@@H](O)C3)OC1c1ccc(O)cc1,10170.0,4.992679047077256,inactive,1,10170.0,10170.0,10950056,CHEMBL2051215,0
CHEMBL155874,CHEMBL155874,O=C(Nc1ccc(S(=O)(=O)N[C@H](Cc2c[nH]c3ccccc23)C(=O)O)cc1)c1ccc(Br)cc1,1.0,9.0,active,1,1.0,1.0,13317906,CHEMBL2388298,1
CHEMBL157704,CHEMBL157704,COc1ccc(-c2ccc(S(=O)(=O)N[C@H](Cc3c[nH]c4ccccc34)C(=O)O)cc2)cc1,28.0,7.552841968657781,active,1,28.0,28.0,13317894,CHEMBL2388298,1
CHEMBL1630091,CHEMBL1630091,CCN(CC)CCOc1ccc(CCC(Cc2cc3ccc(C)cc3oc2=O)C(=O)NO)cc1,23000.0,4.638272163982407,inactive,1,23000.0,23000.0,5112061,CHEMBL1640797,0
CHEMBL16505,CHEMBL16505,CNC(=O)[C@@H](NC(=O)[C@H](CC(C)C)C[C@@H](O)CS)C(C)(C)C,250.0,6.6020599913279625,active,1,250.0,250.0,598936,CHEMBL712567,1
CHEMBL1650637,CHEMBL1650637,O=S(=O)(Nc1ccc(O)c2ncccc12)c1ccc(F)cc1,11000.0,4.958607314841775,inactive,1,11000.0,11000.0,19277574,CHEMBL4408359,0
CHEMBL16519,CHEMBL16519,CCCCCCC[C@H](C[C@H](O)CS)C(=O)N[C@H](C(=O)NC)C(C)(C)C,0.14,9.853871964321762,active,1,0.14,0.14,625141,CHEMBL712567,1
CHEMBL16520,CHEMBL16520,CNC(=O)[C@@H](NC(=O)[C@@H](CC(=O)NO)CC(C)C)C(C)(C)C,12.0,7.920818753952375,active,1,12.0,12.0,616396,CHEMBL712567,1
CHEMBL16554,CHEMBL16554,CCCCCCC[C@H](CC(=O)CS)C(=O)N[C@H](C(=O)NC)C(C)(C)C,0.14,9.853871964321762,active,1,0.14,0.14,627727,CHEMBL712567,1
CHEMBL16595,CHEMBL16595,CCCCCCC[C@H](CC(=O)CS)C(=O)N[C@@H](CC(C)C)C(=O)NC(=O)C(CC(C)C)NCC,20.0,7.698970004336019,active,1,20.0,20.0,617817,CHEMBL712567,1
CHEMBL16630,CHEMBL16630,CNC(=O)[C@@H](NC(=O)[C@H](CC(C)C)C[C@H](O)CS)C(C)(C)C,8.0,8.096910013008056,active,1,8.0,8.0,607638,CHEMBL712567,1
CHEMBL16650,CHEMBL16650,CCCCCCC[C@H](C[C@@H](O)CS)C(=O)N[C@H](C(=O)NC)C(C)(C)C,12.0,7.920818753952375,active,1,12.0,12.0,619092,CHEMBL712567,1
CHEMBL16933,CHEMBL16933,CNC(=O)[C@@H](NC(=O)[C@@H](CC(=O)CS)CC(C)C)C(C)(C)C,8.0,8.096910013008056,active,1,8.0,8.0,611168,CHEMBL712567,1
CHEMBL17082,CHEMBL17082,CCCCCCC[C@H](C[C@H](O)CS)C(=O)N[C@@H](CC(C)C)C(=O)NC(=O)C(CC(C)C)NCC,24.0,7.619788758288394,active,1,24.0,24.0,622704,CHEMBL712567,1
CHEMBL173075,CHEMBL173075,CCCCCCC1(c2ccccc2)C(=O)NC(=O)NC1=O,330.0,6.481486060122112,active,1,330.0,330.0,546587,CHEMBL687547,1
CHEMBL174641,CHEMBL174641,O=C1NC(=O)C(CCO)(c2ccc(Oc3ccccc3)cc2)C(=O)N1,118.0,6.928117992693874,active,1,118.0,118.0,536114,CHEMBL687547,1
CHEMBL175282,CHEMBL175282,CCCCCCC1(c2ccc(-c3ccccc3)cc2)C(=O)NC(=O)NC1=O,863.0,6.06398920428479,active,1,863.0,863.0,529522,CHEMBL687547,1
CHEMBL176467,CHEMBL176467,CC1(c2ccc(Oc3ccccc3)cc2)C(=O)NC(=O)NC1=O,52.0,7.2839966563652006,active,1,52.0,52.0,546592,CHEMBL687547,1
CHEMBL176517,CHEMBL176517,O=C1NC(=O)C(c2ccc(Oc3ccccc3)cc2)C(=O)N1,14000.0,4.853871964321762,inactive,1,14000.0,14000.0,517544,CHEMBL687547,0
CHEMBL176602,CHEMBL176602,CC(C)C[C@H](C(=O)NO)N(Cc1ccccc1)[P@](C)(=O)c1ccccc1,20.6,7.686132779630847,active,1,20.6,20.6,730198,CHEMBL714517,1
CHEMBL176832,CHEMBL176832,CCCCCCC1(c2ccc(Oc3ccccc3)cc2)C(=O)NC(=O)NC1=O,18.0,7.7447274948966935,active,1,18.0,18.0,536119,CHEMBL687547,1
CHEMBL176876,CHEMBL176876,CCCCCCC1(c2ccc(-c3ccccc3)cc2)C(=O)NC(=S)NC1=O,12000.0,4.920818753952375,inactive,1,12000.0,12000.0,545237,CHEMBL687547,0
CHEMBL1770157,CHEMBL1770157,COc1ccc(NC(=O)CCCOc2ccc(S(=O)(=O)C3(C(=O)NO)CCOCC3)cc2)cc1,23.0,7.638272163982407,active,1,23.0,23.0,6183092,CHEMBL1772892,1
CHEMBL1770697,CHEMBL1770697,CN(C(=O)CCCOc1ccc(S(=O)(=O)C2(C(=O)NO)CCOCC2)cc1)c1ccc(OC(F)(F)F)cc1,380.0,6.42021640338319,active,1,380.0,380.0,6183094,CHEMBL1772892,1
CHEMBL1770707,CHEMBL1770707,CN(C)c1ccc(C(=O)CCCOc2ccc(S(=O)(=O)C3(C(=O)NO)CCOCC3)cc2)cc1,930.0,6.031517051446064,active,1,930.0,930.0,6183090,CHEMBL1772892,1
CHEMBL1770708,CHEMBL1770708,CN(C)c1ccc(NC(=O)CCCOc2ccc(S(=O)(=O)C3(C(=O)NO)CCOCC3)cc2)cc1,960.0,6.017728766960431,active,1,960.0,960.0,6183091,CHEMBL1772892,1
CHEMBL1770709,CHEMBL1770709,O=C(CCCOc1ccc(S(=O)(=O)C2(C(=O)NO)CCOCC2)cc1)Nc1ccc(OC(F)(F)F)cc1,180.0,6.7447274948966935,active,1,180.0,180.0,6183093,CHEMBL1772892,1
CHEMBL1770710,CHEMBL1770710,O=C(CCCOc1ccc(S(=O)(=O)C2(C(=O)NO)CCOCC2)cc1)N1CCCCC1,670.0,6.173925197299173,active,1,670.0,670.0,6183095,CHEMBL1772892,1
CHEMBL1770711,CHEMBL1770711,CN(C)c1ccc(NC(=O)CCCCOc2ccc(S(=O)(=O)C3(C(=O)NO)CCOCC3)cc2)cc1,500.0,6.301029995663981,active,1,500.0,500.0,6183096,CHEMBL1772892,1
CHEMBL177077,CHEMBL177077,CCCCCCCCOc1ccc(CC2(C)C(=O)NC(=O)NC2=O)cc1,164.0,6.785156151952302,active,1,164.0,164.0,513690,CHEMBL687547,1
CHEMBL1771212,CHEMBL1771212,COCCN1CCC(C(=O)NO)(S(=O)(=O)c2ccc(Oc3ccc(OC(F)(F)F)cc3)cc2)CC1,0.19,9.721246399047171,active,2,0.18,0.2,6177000|6269114,CHEMBL1771913|CHEMBL1806088,1
CHEMBL177740,CHEMBL177740,O=C1NC(=O)C(COCc2ccccc2)(c2ccc(Oc3ccccc3)cc2)C(=O)N1,17.0,7.769551078621726,active,1,17.0,17.0,537492,CHEMBL687547,1
CHEMBL1784362,CHEMBL1784362,O=CN(O)C1(CS(=O)(=O)N2CCC(CCc3ccccc3)CC2)CCOCC1,670.0,6.173925197299173,active,1,670.0,670.0,6215746,CHEMBL1787045,1
CHEMBL179288,CHEMBL179288,CC(C)ON([C@@H](C(=O)NO)C(C)C)S(=O)(=O)c1ccc(-c2ccccc2)cc1,6.7,8.173925197299173,active,1,6.7,6.7,1426631,CHEMBL829409,1
CHEMBL1795351,CHEMBL1795351,CCCCc1ccc(C#Cc2ccc(S(=O)(=O)NCC(=O)NO)s2)cc1,79.0,7.102372908709558,active,1,79.0,79.0,6263480,CHEMBL1799651,1
CHEMBL1795857,CHEMBL1795857,CCCCc1ccc(C#Cc2ccc(S(=O)(=O)N[C@H](Cc3ccc(OCc4ccccc4)cc3)C(=O)NO)s2)cc1,63.0,7.200659450546418,active,1,63.0,63.0,6263487,CHEMBL1799651,1
CHEMBL1795858,CHEMBL1795858,CCCCc1ccc(C#Cc2ccc(S(=O)(=O)N[C@H](Cc3ccc(C(=O)c4ccccc4)cc3)C(=O)NO)s2)cc1,50.0,7.301029995663981,active,1,50.0,50.0,6263494,CHEMBL1799651,1
CHEMBL1795859,CHEMBL1795859,CCCCc1ccc(C#Cc2ccc(S(=O)(=O)N[C@H](Cc3c[nH]c4ccccc34)C(=O)NO)s2)cc1,77.0,7.113509274827518,active,1,77.0,77.0,6263501,CHEMBL1799651,1
CHEMBL1795860,CHEMBL1795860,CCCCc1ccc(C#Cc2ccc(S(=O)(=O)N[C@H](Cc3csc4ccccc34)C(=O)NO)s2)cc1,650.0,6.187086643357144,active,1,650.0,650.0,6263508,CHEMBL1799651,1
CHEMBL1795861,CHEMBL1795861,CCCCc1ccc(C#Cc2ccc(S(=O)(=O)N3CSC[C@H]3C(=O)NO)s2)cc1,21.0,7.6777807052660805,active,1,21.0,21.0,6263515,CHEMBL1799651,1
CHEMBL1795862,CHEMBL1795862,CCCCc1ccc(C#Cc2ccc(S(=O)(=O)N3Cc4ccccc4C[C@@H]3C(=O)NO)s2)cc1,4.3,8.366531544420413,active,1,4.3,4.3,6263522,CHEMBL1799651,1
CHEMBL179616,CHEMBL179616,CC(C)ON(C(C(=O)NO)C(C)C)S(=O)(=O)c1ccc(-c2ccccc2)cc1,19.6,7.707743928643524,active,1,19.6,19.6,1426525,CHEMBL829409,1
CHEMBL1800089,CHEMBL1800089,O=C(NO)C1(S(=O)(=O)c2ccc(Oc3ccc(C(F)(F)F)cc3)cc2)CCN(CCN2CCOCC2)CC1,0.1,10.0,active,1,0.1,0.1,6269119,CHEMBL1806088,1
CHEMBL1801044,CHEMBL1801044,O=C(NO)C1(S(=O)(=O)c2ccc(Oc3ccccc3)cc2)CCOCC1,0.4,9.397940008672037,active,1,0.4,0.4,6269144,CHEMBL1806088,1
CHEMBL1801045,CHEMBL1801045,O=C(NO)C1(S(=O)(=O)c2ccc(Oc3cccc(Cl)c3)cc2)CCOCC1,2.9,8.537602002101044,active,1,2.9,2.9,6269143,CHEMBL1806088,1
CHEMBL1801046,CHEMBL1801046,O=C(NO)C1(S(=O)(=O)c2ccc(Oc3ccc(Cl)cc3)cc2)CCOCC1,0.3,9.522878745280337,active,1,0.3,0.3,6269142,CHEMBL1806088,1
CHEMBL1801047,CHEMBL1801047,O=C(NO)C1(S(=O)(=O)c2ccc(Oc3ccc(Cl)c(Cl)c3)cc2)CCOCC1,5.0,8.301029995663981,active,1,5.0,5.0,6269141,CHEMBL1806088,1
CHEMBL1801050,CHEMBL1801050,O=C(NO)C1(S(=O)(=O)c2ccc(Oc3ccc(-c4ccccc4)cc3)cc2)CCOCC1,1.7,8.769551078621726,active,1,1.7,1.7,6269138,CHEMBL1806088,1
CHEMBL1801051,CHEMBL1801051,O=C(NO)C1(S(=O)(=O)c2ccc(Oc3cccc(C(F)(F)F)c3)cc2)CCOCC1,42.5,7.371611069949688,active,1,42.5,42.5,6269137,CHEMBL1806088,1
CHEMBL1801052,CHEMBL1801052,O=C(NO)C1(S(=O)(=O)c2ccc(Oc3ccc(OC(F)(F)F)cc3)cc2)CCOCC1,0.2,9.698970004336019,active,1,0.2,0.2,6269135,CHEMBL1806088,1
CHEMBL1801054,CHEMBL1801054,O=C(NO)C1(S(=O)(=O)c2ccc(Oc3ccc(SC(F)(F)F)cc3)cc2)CCOCC1,0.25,9.602059991327963,active,1,0.25,0.25,6269133,CHEMBL1806088,1
CHEMBL1801056,CHEMBL1801056,C#CCN1CCC(C(=O)NO)(S(=O)(=O)c2ccc(Oc3ccc(OC)cc3)cc2)CC1,1.5,8.823908740944319,active,1,1.5,1.5,6269132,CHEMBL1806088,1
CHEMBL1801057,CHEMBL1801057,COc1ccc(Oc2ccc(S(=O)(=O)C3(C(=O)NO)CCN(Cc4ccccn4)CC3)cc2)cc1,1.1,8.958607314841775,active,1,1.1,1.1,6269131,CHEMBL1806088,1
CHEMBL1801393,CHEMBL1801393,O=C(NO)C1(S(=O)(=O)c2ccc(Oc3ccc(OC(F)(F)F)cc3)cc2)CCN(Cc2cccnc2)CC1,0.6,9.221848749616356,active,1,0.6,0.6,6269111,CHEMBL1806088,1
CHEMBL1801394,CHEMBL1801394,CCOCCN1CCC(C(=O)NO)(S(=O)(=O)c2ccc(Oc3ccc(OC(F)(F)F)cc3)cc2)CC1,0.1,10.0,active,1,0.1,0.1,6269110,CHEMBL1806088,1
CHEMBL1801396,CHEMBL1801396,CC(=O)N1CCC(C(=O)NO)(S(=O)(=O)c2ccc(Oc3ccc(OC(F)(F)F)cc3)cc2)CC1,0.1,10.0,active,1,0.1,0.1,6269109,CHEMBL1806088,1
CHEMBL1801398,CHEMBL1801398,CN1CCC(C(=O)NO)(S(=O)(=O)c2ccc(Oc3ccc(OC(F)(F)F)cc3)cc2)CC1,0.18,9.744727494896694,active,1,0.18,0.18,6269107,CHEMBL1806088,1
CHEMBL1801412,CHEMBL1801412,CCOc1ccc(Oc2ccc(S(=O)(=O)C3(C(=O)NO)CCN(C4CC4)CC3)cc2)cc1,0.2,9.698970004336019,active,1,0.2,0.2,6269948,CHEMBL1806088,1
CHEMBL1801413,CHEMBL1801413,C#CCN1CCC(C(=O)NO)(S(=O)(=O)c2ccc(Oc3ccc(C(C)C)cc3)cc2)CC1,2.0,8.698970004336019,active,1,2.0,2.0,6269130,CHEMBL1806088,1
CHEMBL1801415,CHEMBL1801415,CC(C)c1ccc(Oc2ccc(S(=O)(=O)C3(C(=O)NO)CCN(C(C)C)CC3)cc2)cc1,2.2,8.657577319177793,active,1,2.2,2.2,6269129,CHEMBL1806088,1
CHEMBL1801417,CHEMBL1801417,CC(C)Oc1ccc(Oc2ccc(S(=O)(=O)C3(C(=O)NO)CCN(C4CC4)CC3)cc2)cc1,0.21,9.67778070526608,active,1,0.21,0.21,6269128,CHEMBL1806088,1
CHEMBL1801418,CHEMBL1801418,C#CCN1CCC(C(=O)NO)(S(=O)(=O)c2ccc(Oc3ccc(S(C)(=O)=O)cc3)cc2)CC1,82.3,7.08460016478773,active,1,82.3,82.3,6269127,CHEMBL1806088,1
CHEMBL1801419,CHEMBL1801419,O=C(NO)C1(S(=O)(=O)c2ccc(Oc3ccc4c(c3)OCO4)cc2)CCNCC1,3.8,8.42021640338319,active,1,3.8,3.8,6269126,CHEMBL1806088,1
CHEMBL1801420,CHEMBL1801420,C#CCN1CCC(C(=O)NO)(S(=O)(=O)c2ccc(Oc3ccc4c(c3)OCO4)cc2)CC1,0.3,9.522878745280337,active,1,0.3,0.3,6269125,CHEMBL1806088,1
CHEMBL1801421,CHEMBL1801421,COCCN1CCC(C(=O)NO)(S(=O)(=O)c2ccc(Oc3ccc4c(c3)OCO4)cc2)CC1,0.27,9.568636235841012,active,1,0.27,0.27,6269124,CHEMBL1806088,1
CHEMBL1801423,CHEMBL1801423,O=C(NO)C1(S(=O)(=O)c2ccc(Oc3ccc4c(c3)OCCO4)cc2)CCN(C2CC2)CC1,1.9,8.721246399047171,active,1,1.9,1.9,6269122,CHEMBL1806088,1
CHEMBL1801424,CHEMBL1801424,O=C(NO)C1(S(=O)(=O)c2ccc(Oc3ccc(C(F)(F)F)cc3)cc2)CCN(C2CC2)CC1,2.3,8.638272163982407,active,1,2.3,2.3,6269121,CHEMBL1806088,1
CHEMBL1801425,CHEMBL1801425,O=C(NO)C1(S(=O)(=O)c2ccc(Oc3ccc(C(F)(F)F)cc3)cc2)CCNCC1,4.0,8.397940008672037,active,1,4.0,4.0,6269120,CHEMBL1806088,1
CHEMBL1801426,CHEMBL1801426,CC(C)N1CCC(C(=O)NO)(S(=O)(=O)c2ccc(Oc3ccc(C(F)(F)F)cc3)cc2)CC1,1.9,8.721246399047171,active,1,1.9,1.9,6269118,CHEMBL1806088,1
CHEMBL1801427,CHEMBL1801427,CCN1CCC(C(=O)NO)(S(=O)(=O)c2ccc(Oc3ccc(C(F)(F)F)cc3)cc2)CC1,1.5,8.823908740944319,active,1,1.5,1.5,6269117,CHEMBL1806088,1
CHEMBL1801428,CHEMBL1801428,COCCN1CCC(C(=O)NO)(S(=O)(=O)c2ccc(Oc3ccc(SC(F)(F)F)cc3)cc2)CC1,0.25,9.602059991327963,active,1,0.25,0.25,6269116,CHEMBL1806088,1
CHEMBL1801429,CHEMBL1801429,O=C(NO)C1(S(=O)(=O)c2ccc(Oc3ccc(OC(F)(F)F)cc3)cc2)CCNCC1,0.22,9.657577319177793,active,1,0.22,0.22,6269115,CHEMBL1806088,1
CHEMBL1801430,CHEMBL1801430,O=C(NO)C1(S(=O)(=O)c2ccc(Oc3ccc(OC(F)(F)F)cc3)cc2)CCN(C2CC2)CC1,0.15,9.823908740944319,active,1,0.15,0.15,6269113,CHEMBL1806088,1
CHEMBL1801431,CHEMBL1801431,O=C(NO)C1(S(=O)(=O)c2ccc(Oc3ccc(OC(F)(F)F)cc3)cc2)CCN(Cc2ccccn2)CC1,0.2,9.698970004336019,active,1,0.2,0.2,6269112,CHEMBL1806088,1
CHEMBL180239,CHEMBL180239,COc1cc(/C=C/c2cc(/C=C/c3ccc(O)c(OC)c3)[nH]n2)ccc1O,19400.0,4.7121982700697735,inactive,1,19400.0,19400.0,2498751,CHEMBL982420,0
CHEMBL181244,CHEMBL181244,CC(C)ON(CC(=O)NO)S(=O)(=O)c1ccc(-c2ccccc2)cc1,200.0,6.698970004336019,active,1,200.0,200.0,1426522,CHEMBL829409,1
CHEMBL1812914,CHEMBL1812914,O=C1NC(=O)C(c2ccc(Oc3ccccc3)cc2)(N2CCN(CC3CC3)CC2)C(=O)N1,5.2,8.2839966563652,active,1,5.2,5.2,6321399,CHEMBL1816183,1
CHEMBL1812915,CHEMBL1812915,O=C1NC(=O)C(c2ccc(Oc3ccccc3)cc2)(N2CCN(C(=O)C3CC3)CC2)C(=O)N1,27.0,7.568636235841012,active,1,27.0,27.0,6321400,CHEMBL1816183,1
CHEMBL1812918,CHEMBL1812918,O=C1NC(=O)C(c2ccc(Oc3ccccc3)cc2)(N2CCN(Cc3ccccc3)CC2)C(=O)N1,131.0,6.882728704344236,active,1,131.0,131.0,6321401,CHEMBL1816183,1
CHEMBL1812920,CHEMBL1812920,CC(=O)N1CCN(C2(c3ccc(Oc4ccccc4)cc3)C(=O)NC(=O)NC2=O)CC1,14.0,7.853871964321762,active,1,14.0,14.0,6321402,CHEMBL1816183,1
CHEMBL1812921,CHEMBL1812921,CN1CCN(C2(c3ccc(Oc4ccccc4)cc3)C(=O)NC(=O)NC2=O)CC1,16.0,7.795880017344075,active,1,16.0,16.0,6321403,CHEMBL1816183,1
CHEMBL1812922,CHEMBL1812922,O=C1NC(=O)C(c2ccc(Oc3ccccc3)cc2)(N2CCCN(CC3CC3)CC2)C(=O)N1,1.1,8.958607314841775,active,1,1.1,1.1,6321404,CHEMBL1816183,1
CHEMBL1812923,CHEMBL1812923,O=C1NC(=O)C(c2ccc(Oc3ccccc3)cc2)(N2CCCN(Cc3ccccc3)CC2)C(=O)N1,26.0,7.585026652029182,active,1,26.0,26.0,6321405,CHEMBL1816183,1
CHEMBL1812924,CHEMBL1812924,CC(=O)N1CCCN(C2(c3ccc(Oc4ccccc4)cc3)C(=O)NC(=O)NC2=O)CC1,1.5,8.823908740944319,active,1,1.5,1.5,6321406,CHEMBL1816183,1
CHEMBL1812925,CHEMBL1812925,CN1CCCN(C2(c3ccc(Oc4ccccc4)cc3)C(=O)NC(=O)NC2=O)CC1,1.9,8.721246399047171,active,1,1.9,1.9,6321407,CHEMBL1816183,1
CHEMBL1812926,CHEMBL1812926,O=C1NC(=O)C(c2ccc(Oc3ccccc3)cc2)(N2CCN(C(=O)c3cccs3)CC2)C(=O)N1,43.0,7.366531544420414,active,1,43.0,43.0,6321408,CHEMBL1816183,1
CHEMBL1812927,CHEMBL1812927,N#Cc1ccc(C(=O)N2CCN(C3(c4ccc(Oc5ccccc5)cc4)C(=O)NC(=O)NC3=O)CC2)cc1,43.0,7.366531544420414,active,1,43.0,43.0,6321409,CHEMBL1816183,1
CHEMBL1812928,CHEMBL1812928,O=C1NC(=O)C(c2ccc(Oc3ccccc3)cc2)(N2CCN(C(=O)c3ccc(Cl)nc3)CC2)C(=O)N1,45.0,7.346787486224656,active,1,45.0,45.0,6321410,CHEMBL1816183,1
CHEMBL1812929,CHEMBL1812929,O=C1NC(=O)C(c2ccc(Oc3ccccc3)cc2)(N2CCCN(C(=O)C3CC3)CC2)C(=O)N1,13.0,7.886056647693163,active,1,13.0,13.0,6321411,CHEMBL1816183,1
CHEMBL1812930,CHEMBL1812930,O=C1NC(=O)C(c2ccc(Oc3ccccc3)cc2)(N2CCCN(C(=O)c3cccs3)CC2)C(=O)N1,19.0,7.721246399047171,active,1,19.0,19.0,6321412,CHEMBL1816183,1
CHEMBL1812931,CHEMBL1812931,N#Cc1ccc(C(=O)N2CCCN(C3(c4ccc(Oc5ccccc5)cc4)C(=O)NC(=O)NC3=O)CC2)cc1,28.0,7.552841968657781,active,1,28.0,28.0,6321413,CHEMBL1816183,1
CHEMBL1812932,CHEMBL1812932,O=C1NC(=O)C(c2ccc(Oc3ccccc3)cc2)(N2CCCN(C(=O)c3ccc(Cl)nc3)CC2)C(=O)N1,110.0,6.958607314841775,active,1,110.0,110.0,6321414,CHEMBL1816183,1
CHEMBL1812933,CHEMBL1812933,O=C1NC(=O)C(c2ccc(Oc3ccccc3)cc2)(N2CCCN(C(=O)C3CCC3)CC2)C(=O)N1,14.0,7.853871964321762,active,1,14.0,14.0,6321415,CHEMBL1816183,1
CHEMBL1812934,CHEMBL1812934,O=C1NC(=O)C(c2ccc(Oc3ccccc3)cc2)(N2CCCN(C(=O)CSc3ccccc3)CC2)C(=O)N1,36.0,7.443697499232712,active,1,36.0,36.0,6321416,CHEMBL1816183,1
CHEMBL1812936,CHEMBL1812936,O=C1NC(=O)C(c2ccc(Oc3ccccc3)cc2)(N2CCCN(C(=O)c3ccc(OC(F)(F)F)cc3)CC2)C(=O)N1,70.0,7.154901959985743,active,1,70.0,70.0,6321418,CHEMBL1816183,1
CHEMBL1812937,CHEMBL1812937,O=C1NC(=O)C(c2ccc(Oc3ccccc3)cc2)(N2CCCN(C(=O)CCC3CCCC3)CC2)C(=O)N1,155.0,6.809668301829708,active,1,155.0,155.0,6321419,CHEMBL1816183,1
CHEMBL1812938,CHEMBL1812938,CCOc1ccc(OCC)c(C(=O)N2CCCN(C3(c4ccc(Oc5ccccc5)cc4)C(=O)NC(=O)NC3=O)CC2)c1,376.0,6.424812155072339,active,1,376.0,376.0,6321420,CHEMBL1816183,1
CHEMBL1812939,CHEMBL1812939,Cc1cc(C(=O)N2CCCN(C3(c4ccc(Oc5ccccc5)cc4)C(=O)NC(=O)NC3=O)CC2)cc(Cl)n1,28.0,7.552841968657781,active,1,28.0,28.0,6321421,CHEMBL1816183,1
CHEMBL1812940,CHEMBL1812940,O=C1NC(=O)C(c2ccc(Oc3ccccc3)cc2)(N2CCCN(C(=O)N3CCNC3=O)CC2)C(=O)N1,191.0,6.718966632752272,active,1,191.0,191.0,6321422,CHEMBL1816183,1
CHEMBL1812941,CHEMBL1812941,Cc1c(C(=O)N2CCCN(C3(c4ccc(Oc5ccccc5)cc4)C(=O)NC(=O)NC3=O)CC2)oc2ccccc12,2.88,8.540607512240769,active,1,2.88,2.88,6321423,CHEMBL1816183,1
CHEMBL1812942,CHEMBL1812942,O=C1NC(=O)C(c2ccc(Oc3ccccc3)cc2)(N2CCCN(C(=O)c3sc4cc(F)ccc4c3Cl)CC2)C(=O)N1,215.0,6.667561540084394,active,1,215.0,215.0,6321424,CHEMBL1816183,1
CHEMBL1812943,CHEMBL1812943,Cc1cc(C(=O)N2CCCN(C3(c4ccc(Oc5ccccc5)cc4)C(=O)NC(=O)NC3=O)CC2)c(C)o1,25.0,7.6020599913279625,active,1,25.0,25.0,6321425,CHEMBL1816183,1
CHEMBL1812944,CHEMBL1812944,O=C1NC(=O)C(c2ccc(Oc3ccccc3)cc2)(N2CCCN(C(=O)c3cnc4ccccc4n3)CC2)C(=O)N1,34.0,7.468521082957745,active,1,34.0,34.0,6321426,CHEMBL1816183,1
CHEMBL1812945,CHEMBL1812945,O=C1NC(=O)C(c2ccc(Oc3ccccc3)cc2)(N2CCCN(C(=O)Cc3cccs3)CC2)C(=O)N1,51.0,7.292429823902063,active,1,51.0,51.0,6321427,CHEMBL1816183,1
CHEMBL1812946,CHEMBL1812946,O=C1NC(=O)C(c2ccc(Oc3ccccc3)cc2)(N2CCCN(C(=O)c3ccccc3COC(=O)c3ccccc3)CC2)C(=O)N1,120.0,6.920818753952375,active,1,120.0,120.0,6321428,CHEMBL1816183,1
CHEMBL1812947,CHEMBL1812947,O=C1NC(=O)C(c2ccc(Oc3ccccc3)cc2)(N2CCCN(C(=O)c3ccc(C(F)(F)F)nc3)CC2)C(=O)N1,198.0,6.703334809738469,active,1,198.0,198.0,6321429,CHEMBL1816183,1
CHEMBL1812948,CHEMBL1812948,Cc1ccc(C(=O)N2CCCN(C3(c4ccc(Oc5ccccc5)cc4)C(=O)NC(=O)NC3=O)CC2)cc1,44.0,7.356547323513812,active,1,44.0,44.0,6321430,CHEMBL1816183,1
CHEMBL1812949,CHEMBL1812949,O=C1NC(=O)C(c2ccc(Oc3ccccc3)cc2)(N2CCCN(C(=O)c3ccc(Br)cc3)CC2)C(=O)N1,282.0,6.549750891680639,active,1,282.0,282.0,6321431,CHEMBL1816183,1
CHEMBL1812950,CHEMBL1812950,O=C1NC(=O)C(c2ccc(Oc3ccccc3)cc2)(N2CCCN(C(=O)c3c(Cl)cccc3Cl)CC2)C(=O)N1,87.0,7.060480747381382,active,1,87.0,87.0,6321432,CHEMBL1816183,1
CHEMBL1812951,CHEMBL1812951,O=C1NC(=O)C(c2ccc(Oc3ccccc3)cc2)(N2CCCN(C(=O)CCc3ccccc3)CC2)C(=O)N1,62.0,7.207608310501746,active,1,62.0,62.0,6321433,CHEMBL1816183,1
CHEMBL1812952,CHEMBL1812952,O=C1NC(=O)C(c2ccc(Oc3ccccc3)cc2)(N2CCCN(C(=O)Cc3ccc(Cl)cc3)CC2)C(=O)N1,173.0,6.761953896871205,active,1,173.0,173.0,6321434,CHEMBL1816183,1
CHEMBL1812953,CHEMBL1812953,O=C1NC(=O)C(c2ccc(Oc3ccccc3)cc2)(N2CCCN(C(=O)CC3CCCCC3)CC2)C(=O)N1,77.0,7.113509274827518,active,1,77.0,77.0,6321435,CHEMBL1816183,1
CHEMBL1812954,CHEMBL1812954,O=C1NC(=O)C(c2ccc(Oc3ccccc3)cc2)(N2CCCN(C(=O)c3cc(F)c(Cl)nc3Cl)CC2)C(=O)N1,81.0,7.0915149811213505,active,1,81.0,81.0,6321436,CHEMBL1816183,1
CHEMBL1812955,CHEMBL1812955,O=C1NC(=O)C(c2ccc(Oc3ccccc3)cc2)(N2CCCN(C(=O)N3CCOCC3)CC2)C(=O)N1,24.0,7.619788758288394,active,1,24.0,24.0,6321437,CHEMBL1816183,1
CHEMBL1812956,CHEMBL1812956,CN(C)c1cccc2c(S(=O)(=O)N3CCCN(C4(c5ccc(Oc6ccccc6)cc5)C(=O)NC(=O)NC4=O)CC3)cccc12,74.0,7.130768280269024,active,1,74.0,74.0,6321438,CHEMBL1816183,1
CHEMBL1812957,CHEMBL1812957,CSc1ccc(C(=O)N2CCCN(C3(c4ccc(Oc5ccccc5)cc4)C(=O)NC(=O)NC3=O)CC2)cc1,93.0,7.031517051446065,active,1,93.0,93.0,6321439,CHEMBL1816183,1
CHEMBL1812958,CHEMBL1812958,Cn1nc(C(=O)N2CCCN(C3(c4ccc(Oc5ccccc5)cc4)C(=O)NC(=O)NC3=O)CC2)c2ccccc21,214.0,6.669586226650809,active,1,214.0,214.0,6321440,CHEMBL1816183,1
CHEMBL1812959,CHEMBL1812959,CC(C)C(NS(=O)(=O)c1ccc2c(c1)OCCO2)C(=O)N1CCCN(C2(c3ccc(Oc4ccccc4)cc3)C(=O)NC(=O)NC2=O)CC1,698.0,6.156144577376839,active,1,698.0,698.0,6321441,CHEMBL1816183,1
CHEMBL1812960,CHEMBL1812960,CC(Cc1nc2ccccc2s1)(C(=O)N1CCCN(C2(c3ccc(Oc4ccccc4)cc3)C(=O)NC(=O)NC2=O)CC1)c1ccccc1,978.0,6.009661145212398,active,1,978.0,978.0,6321442,CHEMBL1816183,1
CHEMBL1812961,CHEMBL1812961,Cc1cc(NS(=O)(=O)c2cccc(C(=O)N3CCCN(C4(c5ccc(Oc6ccccc6)cc5)C(=O)NC(=O)NC4=O)CC3)c2)no1,15.0,7.823908740944319,active,1,15.0,15.0,6321443,CHEMBL1816183,1
CHEMBL1812962,CHEMBL1812962,CS(=O)(=O)Nc1ccc(F)cc1C(=O)N1CCCN(C2(c3ccc(Oc4ccccc4)cc3)C(=O)NC(=O)NC2=O)CC1,57.0,7.2441251443275085,active,1,57.0,57.0,6321444,CHEMBL1816183,1
CHEMBL1812963,CHEMBL1812963,COc1ccc(NS(=O)(=O)c2cc(C(=O)N3CCCN(C4(c5ccc(Oc6ccccc6)cc5)C(=O)NC(=O)NC4=O)CC3)ccc2C)cc1,28.0,7.552841968657781,active,1,28.0,28.0,6321445,CHEMBL1816183,1
CHEMBL1812964,CHEMBL1812964,Cc1ccc(C(=O)N2CCCN(C3(c4ccc(Oc5ccccc5)cc4)C(=O)NC(=O)NC3=O)CC2)c(NS(C)(=O)=O)c1,80.0,7.096910013008056,active,1,80.0,80.0,6321446,CHEMBL1816183,1
CHEMBL1812965,CHEMBL1812965,O=C1NC(=O)C(c2ccc(Oc3ccccc3)cc2)(N2CCCN(C(=O)CC3S/C(=N/c4ccccc4)NC3=O)CC2)C(=O)N1,76.0,7.119186407719209,active,1,76.0,76.0,6321447,CHEMBL1816183,1
CHEMBL1830129,CHEMBL1830129,O=C(/C=C/c1ccccc1)Nc1ccccc1,7.98,8.09799710864927,active,1,7.98,7.98,12701913,CHEMBL2338836,1
CHEMBL1834425,CHEMBL1834425,Nc1ccc(Oc2ccc(S(=O)(=O)CC3CS3)cc2)cc1,611.0,6.213958789757446,active,1,611.0,611.0,15725046,CHEMBL3619579,1
CHEMBL18614,CHEMBL18614,COc1ccc(S(=O)(=O)N(C)c2c(C)cc(Br)cc2C(=O)NO)cc1,11.0,7.958607314841775,active,1,11.0,11.0,699045,CHEMBL715226,1
CHEMBL18649,CHEMBL18649,CCCC#CCOc1ccc(S(=O)(=O)N(C)c2c(C)cc(Br)cc2C(=O)NO)cc1,232.0,6.634512015109101,active,1,232.0,232.0,351376,CHEMBL715218,1
CHEMBL18667,CHEMBL18667,CC#CCOc1ccc(S(=O)(=O)N(C)c2c(C(=O)NO)cc(Br)cc2C2CCN(C)CC2)cc1,166.0,6.779891911959945,active,1,166.0,166.0,360021,CHEMBL715218,1
CHEMBL18895,CHEMBL18895,COCC#CCOc1ccc(S(=O)(=O)N(C)c2c(C)cc(Br)cc2C(=O)NO)cc1,387.0,6.412289034981089,active,1,387.0,387.0,351381,CHEMBL715218,1
CHEMBL18943,CHEMBL18943,Cc1cc(Br)cc(C(=O)NO)c1N(C)S(=O)(=O)c1ccc(OCC#CCO)cc1,477.0,6.3214816209598865,active,1,477.0,477.0,358604,CHEMBL715218,1
CHEMBL19005,CHEMBL19005,CC#CCOc1ccc(S(=O)(=O)N(C)c2c(C)cc(Br)cc2C(=O)NO)cc1,304.0,6.517126416391246,active,1,304.0,304.0,364132,CHEMBL715218,1
CHEMBL190871,CHEMBL190871,O=C1NC(=O)C(c2ccc(Oc3ccc(Br)cc3)cc2)(N2CCN(c3ccc(F)cc3)CC2)C(=O)N1,19.0,7.721246399047171,active,1,19.0,19.0,1508317,CHEMBL832895,1
CHEMBL1916050,CHEMBL1916050,O=C1[C@H](NS(=O)(=O)c2ccc(Oc3ccc(Cl)cc3)cc2)CC=CCN1O,0.58,9.236572006437063,active,1,0.58,0.58,7929880,CHEMBL1918905,1
CHEMBL1916051,CHEMBL1916051,O=C1[C@H](NS(=O)(=O)c2ccc(Oc3ccc(Cl)cc3)cc2)CCCCN1O,5.9,8.229147988357855,active,1,5.9,5.9,7929881,CHEMBL1918905,1
CHEMBL1916053,CHEMBL1916053,CC1=CC[C@@H](NS(=O)(=O)c2ccc(Oc3ccc(Cl)cc3)cc2)C(=O)N(O)C1,1.3,8.886056647693163,active,1,1.3,1.3,7929883,CHEMBL1918905,1
CHEMBL1916054,CHEMBL1916054,O=C1[C@H](NS(=O)(=O)c2ccc(Oc3ccc(Cl)cc3)cc2)CC=C(CN2CCOCC2)CN1O,0.46,9.337242168318426,active,1,0.46,0.46,7929884,CHEMBL1918905,1
CHEMBL1916057,CHEMBL1916057,O=C1[C@H](NS(=O)(=O)c2ccc(Oc3ccccc3)cc2)CC=CCN1O,2.0,8.698970004336019,active,1,2.0,2.0,7929887,CHEMBL1918905,1
CHEMBL1916201,CHEMBL1916201,COc1ccc(Oc2ccc(S(=O)(=O)N[C@@H]3CC=CCN(O)C3=O)cc2)cc1,1.0,9.0,active,1,1.0,1.0,7929888,CHEMBL1918905,1
CHEMBL1916202,CHEMBL1916202,O=C1[C@H](NS(=O)(=O)c2ccc(Oc3ccc(C(F)(F)F)cc3)cc2)CC=CCN1O,2.0,8.698970004336019,active,1,2.0,2.0,7929889,CHEMBL1918905,1
CHEMBL1916203,CHEMBL1916203,O=C1[C@H](NS(=O)(=O)c2ccc(Oc3ccccn3)cc2)CC=CCN1O,23.0,7.638272163982407,active,1,23.0,23.0,7929890,CHEMBL1918905,1
CHEMBL1916204,CHEMBL1916204,O=C1[C@H](NS(=O)(=O)c2ccc(Oc3ccncc3)cc2)CC=CCN1O,12.0,7.920818753952375,active,1,12.0,12.0,7929891,CHEMBL1918905,1
CHEMBL1916205,CHEMBL1916205,Cc1ccc(-c2ccc(S(=O)(=O)N[C@@H]3CC=CCN(O)C3=O)s2)cc1,9.0,8.045757490560675,active,1,9.0,9.0,7929892,CHEMBL1918905,1
CHEMBL1916206,CHEMBL1916206,O=C1[C@H](NS(=O)(=O)c2ccc(-c3ccc(Cl)cc3)s2)CC=CCN1O,16.0,7.795880017344075,active,1,16.0,16.0,7929893,CHEMBL1918905,1
CHEMBL1916207,CHEMBL1916207,COc1ccc(-c2ccc(S(=O)(=O)N[C@@H]3CC=CCN(O)C3=O)s2)cc1,11.0,7.958607314841775,active,1,11.0,11.0,7929894,CHEMBL1918905,1
CHEMBL1916210,CHEMBL1916210,O=C1[C@H](N(CCN2CCOCC2)S(=O)(=O)c2ccc(Oc3ccc(Cl)cc3)cc2)CC=CCN1O,0.22,9.657577319177793,active,1,0.22,0.22,7929897,CHEMBL1918905,1
CHEMBL1916211,CHEMBL1916211,O=C1[C@H](N(CCN2CCCCC2)S(=O)(=O)c2ccc(Oc3ccc(Cl)cc3)cc2)CC=CCN1O,0.21,9.67778070526608,active,1,0.21,0.21,7929898,CHEMBL1918905,1
CHEMBL1916212,CHEMBL1916212,CN1CCN(CCN([C@@H]2CC=CCN(O)C2=O)S(=O)(=O)c2ccc(Oc3ccc(Cl)cc3)cc2)CC1,0.2,9.698970004336019,active,1,0.2,0.2,7929899,CHEMBL1918905,1
CHEMBL1916213,CHEMBL1916213,O=C1[C@H](N(CCN2CCOCC2)S(=O)(=O)c2ccc(-c3ccc(Cl)cc3)s2)CC=CCN1O,17.0,7.769551078621726,active,1,17.0,17.0,7929900,CHEMBL1918905,1
CHEMBL1916214,CHEMBL1916214,Cc1ccc(-c2ccc(S(=O)(=O)N(CCN3CCOCC3)[C@@H]3CC=CCN(O)C3=O)s2)cc1,11.0,7.958607314841775,active,1,11.0,11.0,7929901,CHEMBL1918905,1
CHEMBL1916215,CHEMBL1916215,Cc1ccc(C#Cc2ccc(S(=O)(=O)N(CCN3CCOCC3)[C@@H]3CC=CCN(O)C3=O)s2)cc1,0.8,9.096910013008056,active,1,0.8,0.8,7929902,CHEMBL1918905,1
CHEMBL1916397,CHEMBL1916397,CN(C)c1ccc(CNCCC(Cc2ccccc2)c2ccc3c(c2)OCO3)cc1,25000.0,4.6020599913279625,inactive,1,25000.0,25000.0,7933246,CHEMBL1920109,0
CHEMBL1916398,CHEMBL1916398,Cc1cc(C)cc(NC(=O)c2cnn(-c3ccc(C(C)C)cc3)c2C2CCNCC2)c1,25000.0,4.6020599913279625,inactive,1,25000.0,25000.0,7933247,CHEMBL1920109,0
CHEMBL191986,CHEMBL191986,O=C1NC(=O)C(c2ccc(Oc3ccc(Br)cc3)cc2)(N2CCN(C(=O)c3cccc(I)c3)CC2)C(=O)N1,20.0,7.698970004336019,active,1,20.0,20.0,1508332,CHEMBL832895,1
CHEMBL192249,CHEMBL192249,O=C1NC(=O)C(c2ccc(Oc3ccc(I)cc3)cc2)(N2CCN(CCO)CC2)C(=O)N1,2.0,8.698970004336019,active,1,2.0,2.0,1508120,CHEMBL832895,1
CHEMBL192370,CHEMBL192370,O=C(O)CCN1CCN(C2(c3ccc(Oc4ccc(Br)cc4)cc3)C(=O)NC(=O)NC2=O)CC1,26.0,7.585026652029182,active,1,26.0,26.0,1508309,CHEMBL832895,1
CHEMBL19269,CHEMBL19269,CNCC#CCOc1ccc(S(=O)(=O)N(C)c2c(C)cc(Br)cc2C(=O)NO)cc1,643.0,6.191789027075778,active,1,643.0,643.0,349927,CHEMBL715218,1
CHEMBL19278,CHEMBL19278,CC#CCOc1ccc(S(=O)(=O)N(C)c2c(C(=O)NO)cc(-c3ccccc3)cc2C2CCN(C)CC2)cc1,28.0,7.552841968657781,active,1,28.0,28.0,375460,CHEMBL715218,1
CHEMBL19279,CHEMBL19279,C#CC(C)Oc1ccc(S(=O)(=O)N(C)c2c(C)cc(Br)cc2C(=O)NO)cc1,455.0,6.341988603342887,active,1,455.0,455.0,385411,CHEMBL715218,1
CHEMBL192872,CHEMBL192872,O=C1NC(=O)C(c2ccc(Oc3ccc(Br)cc3)cc2)(N2CCN(CCO)CC2)C(=O)N1,4.0,8.397940008672037,active,1,4.0,4.0,1508116,CHEMBL832895,1
CHEMBL19371,CHEMBL19371,CCC#CCOc1ccc(S(=O)(=O)N(C)c2c(C)cc(Br)cc2C(=O)NO)cc1,800.0,6.096910013008056,active,1,800.0,800.0,354284,CHEMBL715218,1
CHEMBL1939844,CHEMBL1939844,COc1ccc(S(=O)(=O)N2CC(=O)N(O)C(=O)[C@H]2C(C)C)cc1,690.0,6.161150909262744,active,1,690.0,690.0,8000718,CHEMBL1942109,1
CHEMBL1939845,CHEMBL1939845,CC(C)[C@@H]1C(=O)N(O)C(=O)CN1S(=O)(=O)c1ccc(-c2ccccc2)cc1,660.0,6.180456064458131,active,1,660.0,660.0,8000719,CHEMBL1942109,1
CHEMBL1939846,CHEMBL1939846,CC(C)[C@@H]1C(=O)N(O)C(=O)CN1S(=O)(=O)c1ccc(Oc2ccccc2)cc1,30.0,7.522878745280337,active,1,30.0,30.0,8000720,CHEMBL1942109,1
CHEMBL194237,CHEMBL194237,CC#CCOc1ccc(S(=O)(=O)N2CCN(S(C)(=O)=O)CC2C(=O)NO)cc1,51.0,7.292429823902063,active,2,51.0,51.0,1617479|1618002,CHEMBL881784,1
CHEMBL194627,CHEMBL194627,CC#CCOc1ccc(S(=O)(=O)N2CCN(Cc3cccnc3)CC2C(=O)NO)cc1,108.0,6.96657624451305,active,2,108.0,108.0,1617459|1617982,CHEMBL881784,1
CHEMBL195743,CHEMBL195743,COc1ccc(Oc2ccc(C3(N4CCN(CCO)CC4)C(=O)NC(=O)NC3=O)cc2)cc1,6.0,8.221848749616356,active,1,6.0,6.0,1508124,CHEMBL832895,1
CHEMBL195948,CHEMBL195948,CC#CCOc1ccc(S(=O)(=O)N2CCN(C(C)=O)CC2C(=O)NO)cc1,88.0,7.055517327849831,active,2,88.0,88.0,1617464|1617987,CHEMBL881784,1
CHEMBL196092,CHEMBL196092,CC#CCOc1ccc(S(=O)(=O)N2CCOCC2C(=O)NO)cc1,170.0,6.769551078621726,active,2,170.0,170.0,1617444|1617965,CHEMBL881784,1
CHEMBL19611,CHEMBL19611,CNC(=O)[C@H](Cc1c[nH]c2ccccc12)NC(=O)[C@@H](CC(=O)NO)CC(C)C,0.375,9.425968732272281,active,6,0.1,0.98,251845|2588651|16549277|22436956|24930076|26649858,CHEMBL3796470|CHEMBL4677719|CHEMBL5168846|CHEMBL5730327|CHEMBL687536|CHEMBL963052,1
CHEMBL1965818,CHEMBL1965818,O=[N+]([O-])c1ccc(-c2nc3ccccc3o2)cc1,36000.0,4.443697499232713,inactive,1,36000.0,36000.0,20655665,CHEMBL4617067,0
CHEMBL198100,CHEMBL198100,CC#CCOc1ccc(S(=O)(=O)N2CCN(C(=O)CCCC)CC2C(=O)NO)cc1,209.0,6.679853713888946,active,2,209.0,209.0,1617491|1618012,CHEMBL881784,1
CHEMBL1981977,CHEMBL1981977,O=C(/C=C/c1ccccc1)Nc1ccccc1Cl,13.87,7.857923538926715,active,1,13.87,13.87,12701898,CHEMBL2338836,1
CHEMBL1998736,CHEMBL1998736,O=C(/C=C/c1ccccc1)Nc1ccccc1F,10.58,7.975514332300833,active,1,10.58,10.58,12701901,CHEMBL2338836,1
CHEMBL199917,CHEMBL199917,O=C(Nc1ccc(S(=O)(=O)C[C@@H](Cc2c[nH]c3ccccc23)C(=O)O)cc1)c1ccc(Br)cc1,2.7,8.568636235841012,active,1,2.7,2.7,1667380,CHEMBL862785,1
CHEMBL202932,CHEMBL202932,COc1ccc(-c2ccc(S(=O)(=O)N[C@@H](C(C)C)P(=O)(O)O)cc2)cc1,8.0,8.096910013008056,active,1,8.0,8.0,1858001,CHEMBL918801,1
CHEMBL204153,CHEMBL204153,O=C(Nc1cccc(-c2nc3ccccc3[nH]2)c1)c1ccccc1,57000.0,4.2441251443275085,inactive,1,57000.0,57000.0,20655539,CHEMBL4617067,0
CHEMBL2048502,CHEMBL2048502,COC(=O)C1(O)CC(OC(=O)/C=C/c2ccc(O)c(O)c2)C(O)C(OC(=O)/C=C/c2ccc(O)c(O)c2)C1,11610.0,4.935167780261426,inactive,1,11610.0,11610.0,10950047,CHEMBL2051215,0
CHEMBL2048504,CHEMBL2048504,O=C1CCC(O)(CCOC(=O)/C=C/c2ccc(O)c(O)c2)CC1,12490.0,4.903437561625864,inactive,1,12490.0,12490.0,10950049,CHEMBL2051215,0
CHEMBL2048505,CHEMBL2048505,COC(=O)[C@@H](Cc1ccc(O)c(O)c1)OC(=O)/C=C/c1ccc(O)c2c1[C@H](C(=O)OC)[C@@H](c1ccc(O)c(O)c1)O2,990.0,6.004364805402449,active,1,990.0,990.0,10950050,CHEMBL2051215,1
CHEMBL2048507,CHEMBL2048507,O=C1c2c(O)cc(O)cc2O[C@]2(c3ccc(O)cc3)Oc3cc(O)c4c(c3[C@@]12O)O[C@H](c1ccc(O)cc1)CC4,21240.0,4.6728454875905685,inactive,1,21240.0,21240.0,10950055,CHEMBL2051215,0
CHEMBL2048508,CHEMBL2048508,O=C1c2c(O)cc(O)cc2O[C@H](c2cc(O)c(O)c(O)c2)[C@@H]1O,28790.0,4.540758335121918,inactive,1,28790.0,28790.0,10950057,CHEMBL2051215,0
CHEMBL2048511,CHEMBL2048511,CC(C)CC(=O)OC(C(=O)O)C(C)C,14280.0,4.845271792559845,inactive,1,14280.0,14280.0,10950064,CHEMBL2051215,0
CHEMBL204987,CHEMBL204987,Cc1ccc(C#Cc2ccc([S+]([O-])C(CCN3C(=O)c4ccccc4C3=O)C(=O)O)cc2)cc1,1.4,8.853871964321762,active,1,1.4,1.4,1726186,CHEMBL870165,1
CHEMBL206045,CHEMBL206045,COc1cccc(C#Cc2ccc(SC(CCN3C(=O)c4ccccc4C3=O)C(=O)O)cc2)c1,25.0,7.6020599913279625,active,1,25.0,25.0,1726178,CHEMBL870165,1
CHEMBL2063424,CHEMBL2063424,O=C1NC(=O)C(c2ccc(Oc3ccccc3)cc2)(N(CCO[N+](=O)[O-])CCO[N+](=O)[O-])C(=O)N1,91.0,7.040958607678906,active,1,91.0,91.0,10965377,CHEMBL2066317,1
CHEMBL2063425,CHEMBL2063425,CN(CCO[N+](=O)[O-])C1(c2ccc(Oc3ccccc3)cc2)C(=O)NC(=O)NC1=O,47.58,7.322575562298752,active,1,47.58,47.58,10965376,CHEMBL2066317,1
CHEMBL2063426,CHEMBL2063426,O=C1NC(=O)C(c2ccc(Oc3ccccc3)cc2)(N2CCN(CCO[N+](=O)[O-])CC2)C(=O)N1,92.0,7.036212172654444,active,1,92.0,92.0,10965375,CHEMBL2066317,1
CHEMBL2063427,CHEMBL2063427,O=C1NC(=O)C(c2ccc(Oc3ccccc3)cc2)(N2CCC(CCO[N+](=O)[O-])CC2)C(=O)N1,152.0,6.818156412055227,active,1,152.0,152.0,10965374,CHEMBL2066317,1
CHEMBL2063428,CHEMBL2063428,O=C1NC(=O)C(c2ccc(Oc3ccccc3)cc2)(N2CCC(CO[N+](=O)[O-])CC2)C(=O)N1,212.0,6.673664139071249,active,1,212.0,212.0,10965373,CHEMBL2066317,1
CHEMBL2063429,CHEMBL2063429,O=C1NC(=O)C(c2ccc(Oc3ccccc3)cc2)(N2CCCC(CO[N+](=O)[O-])C2)C(=O)N1,104.0,6.982966660701219,active,1,104.0,104.0,10965372,CHEMBL2066317,1
CHEMBL2063430,CHEMBL2063430,O=C1NC(=O)C(c2ccc(Oc3ccccc3)cc2)(N(CCO)CCO)C(=O)N1,26.0,7.585026652029182,active,1,26.0,26.0,10965371,CHEMBL2066317,1
CHEMBL2063431,CHEMBL2063431,CN(CCO)C1(c2ccc(Oc3ccccc3)cc2)C(=O)NC(=O)NC1=O,145.0,6.838631997765026,active,1,145.0,145.0,10965370,CHEMBL2066317,1
CHEMBL2063432,CHEMBL2063432,O=C1NC(=O)C(c2ccc(Oc3ccccc3)cc2)(N2CCN(CCO)CC2)C(=O)N1,8.1,8.09151498112135,active,1,8.1,8.1,10965369,CHEMBL2066317,1
CHEMBL2063433,CHEMBL2063433,O=C1NC(=O)C(c2ccc(Oc3ccccc3)cc2)(N2CCC(CCO)CC2)C(=O)N1,12.0,7.920818753952375,active,1,12.0,12.0,10965368,CHEMBL2066317,1
CHEMBL2063517,CHEMBL2063517,O=C1NC(=O)C(c2ccc(Oc3ccccc3)cc2)(N2CCC(CO)CC2)C(=O)N1,97.0,7.013228265733755,active,1,97.0,97.0,10965367,CHEMBL2066317,1
CHEMBL2063518,CHEMBL2063518,O=C1NC(=O)C(c2ccc(Oc3ccccc3)cc2)(N2CCCC(CO)C2)C(=O)N1,6.2,8.207608310501746,active,1,6.2,6.2,10965366,CHEMBL2066317,1
CHEMBL2064540,CHEMBL2064540,COc1ccc(S(=O)(=O)N(Cc2ccc(OCCOCCOCCOCCOCc3cn(CCOCCOCCOCCF)nn3)cc2)[C@@H](C(=O)NO)C(C)C)cc1,5.0,8.301029995663981,active,1,5.0,5.0,10978644,CHEMBL2066798,1
CHEMBL2064541,CHEMBL2064541,COc1ccc(S(=O)(=O)N(Cc2ccc(OCCOCCOCCOCCOCc3cn(CCF)nn3)cc2)[C@@H](C(=O)NO)C(C)C)cc1,0.6,9.221848749616356,active,1,0.6,0.6,10978643,CHEMBL2066798,1
CHEMBL2064542,CHEMBL2064542,C#CCOCCOCCOCCOCCOc1ccc(CN([C@@H](C(=O)NO)C(C)C)S(=O)(=O)c2ccc(OC)cc2)cc1,0.37,9.431798275933005,active,1,0.37,0.37,10978642,CHEMBL2066798,1
CHEMBL2064543,CHEMBL2064543,COc1ccc(S(=O)(=O)N(Cc2ccc(OCCOCCOCCOCCOCc3cn([C@@H]4O[C@H](CO)[C@@H](O)[C@H](O)[C@H]4F)nn3)cc2)[C@@H](C(=O)NO)C(C)C)cc1,43.0,7.366531544420414,active,1,43.0,43.0,10978645,CHEMBL2066798,1
CHEMBL2064544,CHEMBL2064544,COc1ccc(S(=O)(=O)N(Cc2ccc(OCCOCCOCCOCCn3cc(COCCOCCOCCOCCOCCF)nn3)cc2)[C@@H](C(=O)NO)C(C)C)cc1,3.0,8.522878745280337,active,1,3.0,3.0,10978646,CHEMBL2066798,1
CHEMBL2064545,CHEMBL2064545,C#CCN([C@@H](C(=O)NO)C(C)C)S(=O)(=O)c1ccc(OC)cc1,2.0,8.698970004336019,active,1,2.0,2.0,10978647,CHEMBL2066798,1
CHEMBL2064546,CHEMBL2064546,COc1ccc(S(=O)(=O)N(Cc2cn(CCOS(=O)(=O)c3ccc(C)cc3)nn2)[C@@H](C(=O)NO)C(C)C)cc1,7.0,8.154901959985743,active,1,7.0,7.0,10978648,CHEMBL2066798,1
CHEMBL2064547,CHEMBL2064547,COc1ccc(S(=O)(=O)N(Cc2cn(CCF)nn2)[C@@H](C(=O)NO)C(C)C)cc1,0.03,10.522878745280337,active,1,0.03,0.03,10978649,CHEMBL2066798,1
CHEMBL2064548,CHEMBL2064548,COc1ccc(S(=O)(=O)N(Cc2cn(CCOCCOCCOCCOS(=O)(=O)c3ccc(C)cc3)nn2)[C@@H](C(=O)NO)C(C)C)cc1,0.06,10.221848749616356,active,1,0.06,0.06,10978650,CHEMBL2066798,1
CHEMBL2064549,CHEMBL2064549,COc1ccc(S(=O)(=O)N(Cc2cn(CCOCCOCCOCCF)nn2)[C@@H](C(=O)NO)C(C)C)cc1,0.05,10.301029995663981,active,1,0.05,0.05,10978651,CHEMBL2066798,1
CHEMBL2064550,CHEMBL2064550,COc1ccc(S(=O)(=O)N(Cc2cn(CCOCCOCCOCCN=[N+]=[N-])nn2)[C@@H](C(=O)NO)C(C)C)cc1,0.9,9.045757490560675,active,1,0.9,0.9,10978652,CHEMBL2066798,1
CHEMBL2064551,CHEMBL2064551,COc1ccc(S(=O)(=O)N(Cc2cn(CCOCCOCCOCCOc3cccnc3F)nn2)[C@@H](C(=O)NO)C(C)C)cc1,4.0,8.397940008672037,active,1,4.0,4.0,10978653,CHEMBL2066798,1
CHEMBL2064552,CHEMBL2064552,COc1ccc(S(=O)(=O)N(Cc2cn([C@@H]3O[C@H](CO)[C@@H](O)[C@H](O)[C@H]3F)nn2)[C@@H](C(=O)NO)C(C)C)cc1,0.6,9.221848749616356,active,1,0.6,0.6,10978654,CHEMBL2066798,1
CHEMBL206694,CHEMBL206694,N#Cc1ccc(N2CCN(c3ccc(S(=O)(=O)C(CCN4C(=O)c5ccccc5C4=O)C(=O)O)cc3)CC2)cc1,120.0,6.920818753952375,active,1,120.0,120.0,1726188,CHEMBL870165,1
CHEMBL206944,CHEMBL206944,COc1ccc(-c2ccc(S(=O)(=O)C(CCN3C(=O)c4ccccc4C3=O)C(=O)O)cc2)cc1,4.4,8.356547323513812,active,1,4.4,4.4,1726198,CHEMBL870165,1
CHEMBL207026,CHEMBL207026,CC(C)c1ccc(C#Cc2ccc(SC(CCN3C(=O)c4ccccc4C3=O)C(=O)O)cc2)cc1,5.1,8.292429823902063,active,1,5.1,5.1,1726181,CHEMBL870165,1
CHEMBL207242,CHEMBL207242,O=C(O)C(CCN1C(=O)c2ccccc2C1=O)S(=O)(=O)c1ccc(Oc2ccc(OC(F)(F)F)cc2)cc1,23.0,7.638272163982407,active,1,23.0,23.0,1726190,CHEMBL870165,1
CHEMBL208136,CHEMBL208136,O=C(O)C(CCN1C(=O)c2ccccc2C1=O)S(=O)(=O)c1ccc(N2CC=C(c3ccc(Cl)cc3)CC2)cc1,258.0,6.58838029403677,active,1,258.0,258.0,1726189,CHEMBL870165,1
CHEMBL208287,CHEMBL208287,O=C(O)C(CCN1Cc2ccccc2C1=O)S(=O)(=O)c1ccc(-c2ccc(Cl)cc2)cc1,96.5,7.015472686656207,active,1,96.5,96.5,1726201,CHEMBL870165,1
CHEMBL208615,CHEMBL208615,CCCCc1ccc(C#Cc2ccc(SC(CCN3C(=O)c4ccccc4C3=O)C(=O)O)cc2)cc1,22.0,7.657577319177793,active,1,22.0,22.0,1726182,CHEMBL870165,1
CHEMBL208749,CHEMBL208749,O=C(O)C(CCN1C(=O)c2ccccc2C1=O)S(=O)(=O)c1ccc(-c2ccc(C(F)(F)F)cc2)cc1,20.0,7.698970004336019,active,1,20.0,20.0,1726192,CHEMBL870165,1
CHEMBL208841,CHEMBL208841,CC#CCOc1ccc(S(=O)(=O)CC2(C(=O)NO)CCN(C(=O)CN3CCOCC3)CC2)cc1,879.0,6.056011124926228,active,1,879.0,879.0,1759374,CHEMBL866143,1
CHEMBL2088987,CHEMBL2088987,O=C(NO)[C@H]1C[C@@H](OCc2ccccc2)CN1S(=O)(=O)c1ccc(Cl)c(Cl)c1,900.0,6.045757490560675,active,1,900.0,900.0,15761454,CHEMBL3635672,1
CHEMBL2088991,CHEMBL2088991,COc1ccc(C(=O)N[C@@H]2C[C@H](C(=O)NO)N(S(=O)(=O)c3ccc(Cl)c(Cl)c3)C2)c(OC)c1,560.0,6.251811972993799,active,1,560.0,560.0,15761446,CHEMBL3635672,1
CHEMBL2088993,CHEMBL2088993,O=C(N[C@@H]1C[C@H](C(=O)NO)N(S(=O)(=O)c2ccc(Cl)c(Cl)c2)C1)c1cccs1,100.0,7.0,active,1,100.0,100.0,15761448,CHEMBL3635672,1
CHEMBL2088994,CHEMBL2088994,O=C(/C=C/c1ccco1)N[C@H]1C[C@H](C(=O)NO)N(S(=O)(=O)c2ccc(Cl)c(Cl)c2)C1,360.0,6.443697499232712,active,1,360.0,360.0,15761453,CHEMBL3635672,1
CHEMBL208966,CHEMBL208966,N#Cc1ccc(-c2ccc(S(=O)(=O)C(CCN3C(=O)c4ccccc4C3=O)C(=O)O)cc2)cc1,15.0,7.823908740944319,active,1,15.0,15.0,1726197,CHEMBL870165,1
CHEMBL209165,CHEMBL209165,CSc1ccc(-c2ccc(S(=O)(=O)C(CCN3C(=O)c4ccccc4C3=O)C(=O)O)cc2)cc1,0.96,9.017728766960431,active,1,0.96,0.96,1726195,CHEMBL870165,1
CHEMBL209289,CHEMBL209289,Cc1ccc(C#Cc2ccc(SC(CCN3C(=O)c4ccccc4C3=O)C(=O)O)cc2)cc1,31.0,7.508638306165727,active,1,31.0,31.0,1726185,CHEMBL870165,1
CHEMBL209465,CHEMBL209465,O=C(O)C(CCN1C(=O)c2ccccc2C1=O)Sc1ccc(C#Cc2ccc(Cl)cc2)cc1,1.2,8.920818753952375,active,1,1.2,1.2,1726179,CHEMBL870165,1
CHEMBL2096738,CHEMBL2096738,CCCCCC[C@@H](C(=O)NO)[S@+]([O-])c1ccc(OC)cc1,186.0,6.730487055782083,active,1,186.0,186.0,1838071,CHEMBL919964,1
CHEMBL2096852,CHEMBL2096852,CCCCCC[C@@H](C(=O)NO)[S@@+]([O-])c1ccc(OC)cc1,148.0,6.8297382846050425,active,1,148.0,148.0,1838070,CHEMBL919964,1
CHEMBL210133,CHEMBL210133,CC#CCOc1ccc(S(=O)(=O)CC2(C(=O)NO)CCN(S(=O)(=O)Cc3ccccc3)CC2)cc1,19.0,7.721246399047171,active,1,19.0,19.0,1759300,CHEMBL866143,1
CHEMBL210441,CHEMBL210441,O=C(O)C(CCN1C(=O)c2ccccc2C1=O)S(=O)(=O)c1ccc(-c2nc3cc(F)ccc3[nH]2)cc1,1.8,8.744727494896694,active,1,1.8,1.8,1726191,CHEMBL870165,1
CHEMBL210517,CHEMBL210517,Cc1ccc(C#Cc2ccc(S(=O)(=O)C(CCN3C(=O)c4ccccc4C3=O)C(=O)O)cc2)cc1,0.5,9.301029995663981,active,1,0.5,0.5,1726187,CHEMBL870165,1
CHEMBL2107228,CHEMBL2107228,CO[C@H](C(=O)NO)[C@@H](CC(C)C)C(=O)N[C@H](C(=O)Nc1ccccn1)C(C)(C)C,70.0,7.154901959985743,active,1,70.0,70.0,24745145,CHEMBL5118949,1
CHEMBL211007,CHEMBL211007,O=C(O)C(CCN1C(=O)c2ccccc2C1=O)S(=O)(=O)c1ccc(-c2ccc(Cl)cc2)cc1,14.0,7.853871964321762,active,1,14.0,14.0,1726204,CHEMBL870165,1
CHEMBL211036,CHEMBL211036,CCCc1ccc(C#Cc2ccc(SC(CCN3C(=O)c4ccccc4C3=O)C(=O)O)cc2)cc1,9.7,8.013228265733755,active,1,9.7,9.7,1726183,CHEMBL870165,1
CHEMBL211037,CHEMBL211037,COc1ccc(C(=O)Cc2ccc(SC(CCN3C(=O)c4ccccc4C3=O)C(=O)O)cc2)cc1,101.0,6.995678626217357,active,1,101.0,101.0,1726177,CHEMBL870165,1
CHEMBL211274,CHEMBL211274,CC#CCOc1ccc(S(=O)(=O)CC2(C(=O)NO)CCN(C(=O)C(C)(CO)CO)CC2)cc1,972.0,6.012333735073725,active,1,972.0,972.0,1759358,CHEMBL866143,1
CHEMBL211726,CHEMBL211726,CC#CCOc1ccc(S(=O)(=O)CC2(C(=O)NO)CCN(C(=O)c3ccccc3C)CC2)cc1,68.0,7.167491087293763,active,1,68.0,68.0,1759342,CHEMBL866143,1
CHEMBL212481,CHEMBL212481,CC#CCOc1ccc(S(=O)(=O)CC2(C(=O)NO)CCN(C(=O)c3ccccc3)CC2)cc1,454.0,6.342944147142896,active,1,454.0,454.0,1759350,CHEMBL866143,1
CHEMBL212723,CHEMBL212723,Cc1ccc(C)n1-c1ccc(C(=O)O)c(O)c1,43000.0,4.366531544420414,inactive,1,43000.0,43000.0,1748555,CHEMBL871517,0
CHEMBL213158,CHEMBL213158,CSc1ccc(/C=C2\N=CN(NS(=O)(=O)c3ccc(Cl)c(C(=O)O)c3)C2=O)cc1,29600.0,4.528708288941061,inactive,1,29600.0,29600.0,1748556,CHEMBL871517,0
CHEMBL2203634,CHEMBL2203634,CCCCCCCCC1(Cc2ccccc2)C(=O)NC(=O)NC1=O,22.0,7.657577319177793,active,1,22.0,22.0,20610469,CHEMBL4606148,1
CHEMBL2203635,CHEMBL2203635,CCCCCCCCCC1(Cc2ccccc2)C(=O)NC(=O)NC1=O,5.0,8.301029995663981,active,1,5.0,5.0,20610470,CHEMBL4606148,1
CHEMBL2203637,CHEMBL2203637,O=C1NC(=O)C(CCCCCCCC(F)(F)F)(Cc2ccccc2)C(=O)N1,52.0,7.2839966563652006,active,1,52.0,52.0,20610472,CHEMBL4606148,1
CHEMBL2203638,CHEMBL2203638,CCCCCCCCC1(Cc2ccc(OC)cc2)C(=O)NC(=O)NC1=O,3.0,8.522878745280337,active,1,3.0,3.0,20610475,CHEMBL4606148,1
CHEMBL2203639,CHEMBL2203639,CCCCCCCCCC1(Cc2ccc(OC)cc2)C(=O)NC(=O)NC1=O,93.0,7.031517051446065,active,1,93.0,93.0,20610476,CHEMBL4606148,1
CHEMBL2203640,CHEMBL2203640,COc1ccc(CC2(CCCCCCCC(C)C)C(=O)NC(=O)NC2=O)cc1,60.0,7.221848749616356,active,1,60.0,60.0,20610477,CHEMBL4606148,1
CHEMBL2203641,CHEMBL2203641,COc1ccc(CC2(CCCCCCCC(F)(F)F)C(=O)NC(=O)NC2=O)cc1,62.0,7.207608310501746,active,1,62.0,62.0,20610478,CHEMBL4606148,1
CHEMBL221717,CHEMBL221717,C#CCOc1ccc(S(=O)(=O)C2(C(=O)NO)CCN(Cc3ccc(Br)cc3)CC2)cc1,6.0,8.221848749616356,active,1,6.0,6.0,1838041,CHEMBL919964,1
CHEMBL221857,CHEMBL221857,O=C(NO)[C@H]1CC2(CC2)CN[C@@H]1C(=O)N1CCN(c2ccccc2)CC1,650.0,6.187086643357144,active,1,650.0,650.0,1815815,CHEMBL911378,1
CHEMBL222303,CHEMBL222303,CC#CCOc1ccc(S(=O)(=O)C(C(=O)NO)C2CC[S+]([O-])CC2)cc1,10000.0,5.0,inactive,1,10000.0,10000.0,1838049,CHEMBL919964,0
CHEMBL222309,CHEMBL222309,CC#CCOc1ccc(S(=O)(=O)C(C(=O)NO)c2ccccc2)cc1,124.0,6.906578314837764,active,1,124.0,124.0,1838058,CHEMBL919964,1
CHEMBL222714,CHEMBL222714,CC#CCOc1ccc(S(=O)(=O)C2(C(=O)NO)CCN(Cc3ccc(OC)cc3)CC2)cc1,164.0,6.785156151952302,active,1,164.0,164.0,1838077,CHEMBL919964,1
CHEMBL222854,CHEMBL222854,CC#CCOc1ccc(S(=O)(=O)C2(C(=O)NO)CCN(Cc3ccc(Br)cc3)CC2)cc1,385.0,6.414539270491499,active,1,385.0,385.0,1838040,CHEMBL919964,1
CHEMBL222934,CHEMBL222934,CCCCOc1ccc(S(=O)(=O)C2(C(=O)NO)CCN(Cc3ccc(Br)cc3)CC2)cc1,10.0,8.0,active,1,10.0,10.0,1838042,CHEMBL919964,1
CHEMBL226438,CHEMBL226438,COc1ccc(S(=O)(=O)N(CC(=O)NO)OCc2ccccc2)cc1,870.0,6.060480747381382,active,1,870.0,870.0,1875587,CHEMBL904081,1
CHEMBL227484,CHEMBL227484,Cc1ccc(-c2ccc(S(=O)(=O)N[C@@H](C(C)C)P(=O)(O)O)cc2)cc1,4.1,8.387216143280265,active,2,4.1,4.1,1858007|1858206,CHEMBL918801,1
CHEMBL227501,CHEMBL227501,Cc1cccc(-c2ccc(S(=O)(=O)N[C@@H](C(C)C)P(=O)(O)O)cc2)c1,64.0,7.1938200260161125,active,1,64.0,64.0,1858004,CHEMBL918801,1
CHEMBL227565,CHEMBL227565,CCCCCCCCCCCCCCON(CC(=O)NO)S(=O)(=O)c1ccc(OC)cc1,33000.0,4.481486060122113,inactive,1,33000.0,33000.0,1875584,CHEMBL904081,0
CHEMBL227598,CHEMBL227598,CC(C)Oc1ccc(-c2ccc(S(=O)(=O)N[C@@H](C(C)C)P(=O)(O)O)cc2)cc1,24.0,7.619788758288394,active,1,24.0,24.0,1858010,CHEMBL918801,1
CHEMBL227824,CHEMBL227824,CCOc1ccc(-c2ccc(S(=O)(=O)N[C@@H](C(C)C)P(=O)(O)O)cc2)cc1,0.56,9.2518119729938,active,1,0.56,0.56,1858011,CHEMBL918801,1
CHEMBL228141,CHEMBL228141,COc1ccc(CCc2ccc(S(=O)(=O)N[C@@H](C(C)C)P(=O)(O)O)cc2)cc1,680.0,6.167491087293763,active,1,680.0,680.0,1858002,CHEMBL918801,1
CHEMBL228187,CHEMBL228187,CC(C)[C@H](NS(=O)(=O)c1ccc(-c2cccc(F)c2)cc1)P(=O)(O)O,170.0,6.769551078621726,active,1,170.0,170.0,1858006,CHEMBL918801,1
CHEMBL228188,CHEMBL228188,CC(C)[C@H](NS(=O)(=O)c1ccc(-c2cccc(Cl)c2)cc1)P(=O)(O)O,160.0,6.795880017344075,active,1,160.0,160.0,1858005,CHEMBL918801,1
CHEMBL228230,CHEMBL228230,CCCCC(NOCc1ccccc1)C(=O)NO,81500.0,4.088842391260023,inactive,1,81500.0,81500.0,1875576,CHEMBL904081,0
CHEMBL229844,CHEMBL229844,O=C(/C=C/c1ccccc1)Nc1ccc(O)cc1,6.19,8.208309350979881,active,1,6.19,6.19,12701908,CHEMBL2338836,1
CHEMBL2311189,CHEMBL2311189,CC(C)[C@@H](NS(=O)(=O)c1ccc(NC(=O)c2ccc(O[11CH3])cc2)cc1)C(=O)O,200.0,6.698970004336019,active,1,200.0,200.0,1508337,CHEMBL832409,1
CHEMBL2311765,CHEMBL2311765,O=C1NC(=O)C(c2ccc(Oc3ccccc3)cc2)(N2CCCN(C(=O)CCCCCCCC(=O)N3CCCN(C4(c5ccc(Oc6ccccc6)cc5)C(=O)NC(=O)NC4=O)CC3)CC2)C(=O)N1,71.0,7.1487416512809245,active,1,71.0,71.0,12618728,CHEMBL2320947,1
CHEMBL2311766,CHEMBL2311766,O=C1NC(=O)C(c2ccc(Oc3ccccc3)cc2)(N2CCCN(C(=O)CCCCCCCCC(=O)N3CCCN(C4(c5ccc(Oc6ccccc6)cc5)C(=O)NC(=O)NC4=O)CC3)CC2)C(=O)N1,131.0,6.882728704344236,active,1,131.0,131.0,12618727,CHEMBL2320947,1
CHEMBL2311767,CHEMBL2311767,O=C1NC(=O)C(c2ccc(Oc3ccccc3)cc2)(N2CCCN(C(=O)CCCCCCCCCCC(=O)N3CCCN(C4(c5ccc(Oc6ccccc6)cc5)C(=O)NC(=O)NC4=O)CC3)CC2)C(=O)N1,120.0,6.920818753952375,active,1,120.0,120.0,12618726,CHEMBL2320947,1
CHEMBL2311768,CHEMBL2311768,O=C1NC(=O)C(c2ccc(Oc3ccccc3)cc2)(N2CCCN(C(=O)CCCCCCCCCCCCC(=O)N3CCCN(C4(c5ccc(Oc6ccccc6)cc5)C(=O)NC(=O)NC4=O)CC3)CC2)C(=O)N1,81.0,7.0915149811213505,active,1,81.0,81.0,12618725,CHEMBL2320947,1
CHEMBL2311769,CHEMBL2311769,O=C1NC(=O)C(c2ccc(Oc3ccccc3)cc2)(N2CCCN(C(=O)CCCCCCCCCCCCCCC(=O)N3CCCN(C4(c5ccc(Oc6ccccc6)cc5)C(=O)NC(=O)NC4=O)CC3)CC2)C(=O)N1,222.0,6.653647025549361,active,1,222.0,222.0,12618724,CHEMBL2320947,1
CHEMBL2311770,CHEMBL2311770,O=C1NC(=O)C(c2ccc(Oc3ccccc3)cc2)(N2CCCN(C(=O)CCCCCCCCCCCCCCCCCCCCC(=O)N3CCCN(C4(c5ccc(Oc6ccccc6)cc5)C(=O)NC(=O)NC4=O)CC3)CC2)C(=O)N1,144.0,6.84163750790475,active,1,144.0,144.0,12618723,CHEMBL2320947,1
CHEMBL2311771,CHEMBL2311771,O=C1NC(=O)C(c2ccc(Oc3ccccc3)cc2)(N2CCCN(C(=O)c3ccc(C(=O)N4CCCN(C5(c6ccc(Oc7ccccc7)cc6)C(=O)NC(=O)NC5=O)CC4)cc3)CC2)C(=O)N1,50.0,7.301029995663981,active,1,50.0,50.0,12618722,CHEMBL2320947,1
CHEMBL2311772,CHEMBL2311772,CCCC(=O)N1CCCN(C2(c3ccc(Oc4ccccc4)cc3)C(=O)NC(=O)NC2=O)CC1,13.0,7.886056647693163,active,1,13.0,13.0,12618721,CHEMBL2320947,1
CHEMBL2311773,CHEMBL2311773,CCCCCCCCCCCCCC(=O)N1CCCN(C2(c3ccc(Oc4ccccc4)cc3)C(=O)NC(=O)NC2=O)CC1,608.0,6.216096420727265,active,1,608.0,608.0,12618720,CHEMBL2320947,1
CHEMBL2311774,CHEMBL2311774,O=C1NC(=O)C(c2ccc(Oc3ccccc3)cc2)(N2CCCN(C(=O)CCC(=O)N3CCCN(C4(c5ccc(Oc6ccccc6)cc5)C(=O)NC(=O)NC4=O)CC3)CC2)C(=O)N1,85.0,7.070581074285707,active,1,85.0,85.0,12618733,CHEMBL2320947,1
CHEMBL2311775,CHEMBL2311775,O=C1NC(=O)C(c2ccc(Oc3ccccc3)cc2)(N2CCCN(C(=O)CCCC(=O)N3CCCN(C4(c5ccc(Oc6ccccc6)cc5)C(=O)NC(=O)NC4=O)CC3)CC2)C(=O)N1,188.0,6.7258421507363195,active,1,188.0,188.0,12618732,CHEMBL2320947,1
CHEMBL2311776,CHEMBL2311776,O=C1NC(=O)C(c2ccc(Oc3ccccc3)cc2)(N2CCCN(C(=O)CCCCC(=O)N3CCCN(C4(c5ccc(Oc6ccccc6)cc5)C(=O)NC(=O)NC4=O)CC3)CC2)C(=O)N1,115.0,6.939302159646388,active,1,115.0,115.0,12618731,CHEMBL2320947,1
CHEMBL2311777,CHEMBL2311777,O=C1NC(=O)C(c2ccc(Oc3ccccc3)cc2)(N2CCCN(C(=O)CCCCCC(=O)N3CCCN(C4(c5ccc(Oc6ccccc6)cc5)C(=O)NC(=O)NC4=O)CC3)CC2)C(=O)N1,121.0,6.917214629683549,active,1,121.0,121.0,12618730,CHEMBL2320947,1
CHEMBL2311778,CHEMBL2311778,O=C1NC(=O)C(c2ccc(Oc3ccccc3)cc2)(N2CCCN(C(=O)CCCCCCC(=O)N3CCCN(C4(c5ccc(Oc6ccccc6)cc5)C(=O)NC(=O)NC4=O)CC3)CC2)C(=O)N1,80.0,7.096910013008056,active,1,80.0,80.0,12618729,CHEMBL2320947,1
CHEMBL2326363,CHEMBL2326363,O=C(O)Cc1ccccc1S(=O)(=O)c1ccc(-c2ccc(OCCF)cc2)cc1,107.0,6.97061622231479,active,1,107.0,107.0,12663803,CHEMBL2330329,1
CHEMBL2336335,CHEMBL2336335,O=C(/C=C/c1ccccc1)Nc1ccc(Cl)cc1,12.59,7.899974269892137,active,1,12.59,12.59,12701896,CHEMBL2338836,1
CHEMBL2336336,CHEMBL2336336,O=C(/C=C/c1cccc(O)c1)Nc1ccc(Cl)cc1,8.22,8.08512818245995,active,1,8.22,8.22,12701932,CHEMBL2338836,1
CHEMBL2336337,CHEMBL2336337,O=C(/C=C/c1ccc(O)cc1)NCc1ccccc1,7.82,8.106793246940152,active,1,7.82,7.82,12701930,CHEMBL2338836,1
CHEMBL2336338,CHEMBL2336338,O=C(/C=C/c1ccc(O)cc1)Nc1ccccc1O,5.82,8.235077015350111,active,1,5.82,5.82,12701928,CHEMBL2338836,1
CHEMBL2336340,CHEMBL2336340,O=C(/C=C/c1ccc(O)cc1)Nc1ccc(O)cc1,4.25,8.371611069949688,active,1,4.25,4.25,12701926,CHEMBL2338836,1
CHEMBL2336341,CHEMBL2336341,COc1ccccc1NC(=O)/C=C/c1ccc(O)cc1,5.91,8.228412519118745,active,1,5.91,5.91,12701925,CHEMBL2338836,1
CHEMBL2336343,CHEMBL2336343,COc1ccc(NC(=O)/C=C/c2ccc(O)cc2)cc1,4.32,8.364516253185087,active,1,4.32,4.32,12701923,CHEMBL2338836,1
CHEMBL2336344,CHEMBL2336344,Cc1ccccc1NC(=O)/C=C/c1ccc(O)cc1,5.97,8.224025668870631,active,1,5.97,5.97,12701922,CHEMBL2338836,1
CHEMBL2336346,CHEMBL2336346,Cc1ccc(NC(=O)/C=C/c2ccc(O)cc2)cc1,4.41,8.355561410532161,active,1,4.41,4.41,12701920,CHEMBL2338836,1
CHEMBL2336347,CHEMBL2336347,O=C(/C=C/c1ccc(O)cc1)Nc1ccccc1F,8.93,8.049148541111453,active,1,8.93,8.93,12701919,CHEMBL2338836,1
CHEMBL2336349,CHEMBL2336349,O=C(/C=C/c1ccc(O)cc1)Nc1ccc(F)cc1,8.41,8.075204004202089,active,1,8.41,8.41,12701917,CHEMBL2338836,1
CHEMBL2336350,CHEMBL2336350,O=C(/C=C/c1ccc(O)cc1)Nc1ccccc1Cl,9.34,8.029653123769906,active,1,9.34,9.34,12701916,CHEMBL2338836,1
CHEMBL2336351,CHEMBL2336351,O=C(/C=C/c1ccc(O)cc1)Nc1ccc(Cl)cc1,9.19,8.036684488613888,active,1,9.19,9.19,12701914,CHEMBL2338836,1
CHEMBL2336352,CHEMBL2336352,O=C(/C=C/c1ccccc1)NCc1ccccc1,8.13,8.089909454405932,active,1,8.13,8.13,12701912,CHEMBL2338836,1
CHEMBL2336353,CHEMBL2336353,O=C(/C=C/c1ccccc1)Nc1ccccc1O,7.18,8.143875555757699,active,1,7.18,7.18,12701910,CHEMBL2338836,1
CHEMBL2336355,CHEMBL2336355,COc1ccccc1NC(=O)/C=C/c1ccccc1,7.29,8.137272471682026,active,1,7.29,7.29,12701907,CHEMBL2338836,1
CHEMBL2336357,CHEMBL2336357,COc1ccc(NC(=O)/C=C/c2ccccc2)cc1,6.21,8.20690839982342,active,1,6.21,6.21,12701905,CHEMBL2338836,1
CHEMBL2336358,CHEMBL2336358,Cc1ccccc1NC(=O)/C=C/c1ccccc1,7.38,8.131943638176958,active,1,7.38,7.38,12701904,CHEMBL2338836,1
CHEMBL2336359,CHEMBL2336359,Cc1ccc(NC(=O)/C=C/c2ccccc2)cc1,6.38,8.195179321278838,active,1,6.38,6.38,12701902,CHEMBL2338836,1
CHEMBL2336361,CHEMBL2336361,O=C(/C=C/c1ccccc1)Nc1ccc(F)cc1,10.26,7.988852639224202,active,1,10.26,10.26,12701899,CHEMBL2338836,1
CHEMBL2336362,CHEMBL2336362,O=C(/C=C/c1cccc(O)c1)Nc1ccccc1,7.52,8.123782159408357,active,1,7.52,7.52,12701949,CHEMBL2338836,1
CHEMBL2336363,CHEMBL2336363,O=C(/C=C/c1cccc(O)c1)NCc1ccccc1,7.57,8.120904120499928,active,1,7.57,7.57,12701948,CHEMBL2338836,1
CHEMBL2336364,CHEMBL2336364,O=C(/C=C/c1cccc(O)c1)NCCc1ccccc1,7.63,8.11747546204512,active,1,7.63,7.63,12701947,CHEMBL2338836,1
CHEMBL2336365,CHEMBL2336365,O=C(/C=C/c1cccc(O)c1)Nc1ccccc1O,5.71,8.243363891754152,active,1,5.71,5.71,12701946,CHEMBL2338836,1
CHEMBL2336779,CHEMBL2336779,O=C(/C=C/c1cccc(O)c1)Nc1ccc(O)cc1,3.37,8.47237009912866,active,1,3.37,3.37,12701944,CHEMBL2338836,1
CHEMBL2336780,CHEMBL2336780,COc1ccccc1NC(=O)/C=C/c1cccc(O)c1,5.82,8.235077015350111,active,1,5.82,5.82,12701943,CHEMBL2338836,1
CHEMBL2336782,CHEMBL2336782,COc1ccc(NC(=O)/C=C/c2cccc(O)c2)cc1,3.42,8.465973893943865,active,1,3.42,3.42,12701941,CHEMBL2338836,1
CHEMBL2336783,CHEMBL2336783,Cc1ccccc1NC(=O)/C=C/c1cccc(O)c1,5.91,8.228412519118745,active,1,5.91,5.91,12701940,CHEMBL2338836,1
CHEMBL2336785,CHEMBL2336785,Cc1ccc(NC(=O)/C=C/c2cccc(O)c2)cc1,3.51,8.454692883534175,active,1,3.51,3.51,12701938,CHEMBL2338836,1
CHEMBL2336786,CHEMBL2336786,O=C(/C=C/c1cccc(O)c1)Nc1ccccc1F,8.02,8.095825631715837,active,1,8.02,8.02,12701937,CHEMBL2338836,1
CHEMBL2336788,CHEMBL2336788,O=C(/C=C/c1cccc(O)c1)Nc1ccc(F)cc1,7.79,8.108462542327436,active,1,7.79,7.79,12701935,CHEMBL2338836,1
CHEMBL2336789,CHEMBL2336789,O=C(/C=C/c1cccc(O)c1)Nc1ccccc1Cl,8.32,8.079876673709276,active,1,8.32,8.32,12701934,CHEMBL2338836,1
CHEMBL2337691,CHEMBL2337691,O=C(CNS(=O)(=O)c1ccc(OCc2ccccc2)cc1)NO,96.0,7.017728766960431,active,1,96.0,96.0,13457745,CHEMBL2432395,1
CHEMBL2380401,CHEMBL2380401,CN([C@H]1CN(C(N)=O)C[C@@H]1S)S(=O)(=O)c1ccc(Oc2ccccc2)cc1,1.3,8.886056647693163,active,1,1.3,1.3,25029789,CHEMBL5241289,1
CHEMBL2380403,CHEMBL2380403,NCCCCCC(=O)N1C[C@H](NS(=O)(=O)c2ccc(Oc3ccccc3)cc2)[C@@H](S)C1,2.3,8.638272163982407,active,1,2.3,2.3,25029790,CHEMBL5241289,1
CHEMBL2385084,CHEMBL2385084,O=C(Nc1ccc(S(=O)(=O)N[C@H](Cc2c[nH]c3ccccc23)C(=O)O)cc1)c1ccc(OC(F)(F)F)cc1,21.0,7.6777807052660805,active,1,21.0,21.0,13317902,CHEMBL2388298,1
CHEMBL2385441,CHEMBL2385441,O=C(Nc1ccc(S(=O)(=O)N[C@H](Cc2c[nH]c3ccccc23)C(=O)O)cc1)c1ccc(F)cc1,7.0,8.154901959985743,active,1,7.0,7.0,13317905,CHEMBL2388298,1
CHEMBL2385442,CHEMBL2385442,O=C(Nc1ccc(S(=O)(=O)N[C@H](Cc2c[nH]c3ccccc23)C(=O)O)cc1)c1ccc(I)cc1,1.1,8.958607314841775,active,1,1.1,1.1,13317904,CHEMBL2388298,1
CHEMBL2385443,CHEMBL2385443,COc1ccc(C(=O)Nc2ccc(S(=O)(=O)N[C@H](Cc3c[nH]c4ccccc34)C(=O)O)cc2)cc1,11.0,7.958607314841775,active,1,11.0,11.0,13317903,CHEMBL2388298,1
CHEMBL2385444,CHEMBL2385444,CC(C)Oc1ccc(C(=O)Nc2ccc(S(=O)(=O)N[C@H](Cc3c[nH]c4ccccc34)C(=O)O)cc2)cc1,97.0,7.013228265733755,active,1,97.0,97.0,13317901,CHEMBL2388298,1
CHEMBL2385445,CHEMBL2385445,CC(C)COc1ccc(C(=O)Nc2ccc(S(=O)(=O)N[C@H](Cc3c[nH]c4ccccc34)C(=O)O)cc2)cc1,460.0,6.337242168318426,active,1,460.0,460.0,13317900,CHEMBL2388298,1
CHEMBL2385446,CHEMBL2385446,O=C(Nc1ccc(S(=O)(=O)N[C@H](Cc2c[nH]c3ccccc23)C(=O)O)cc1)c1ccnc(F)c1,78.0,7.107905397309519,active,1,78.0,78.0,13317899,CHEMBL2388298,1
CHEMBL2385447,CHEMBL2385447,O=C(Nc1ccc(S(=O)(=O)N[C@H](Cc2c[nH]c3ccccc23)C(=O)O)cc1)c1ccc(F)nc1,17.0,7.769551078621726,active,1,17.0,17.0,13317898,CHEMBL2388298,1
CHEMBL2385449,CHEMBL2385449,O=C(Nc1ccc(S(=O)(=O)N[C@H](Cc2c[nH]c3ccccc23)C(=O)O)cc1)c1cc(F)ccn1,38.0,7.42021640338319,active,1,38.0,38.0,13317896,CHEMBL2388298,1
CHEMBL2385450,CHEMBL2385450,O=C(O)[C@@H](Cc1c[nH]c2ccccc12)NS(=O)(=O)c1ccc(-c2ccc(Cl)cc2)cc1,230.0,6.638272163982407,active,1,230.0,230.0,13317895,CHEMBL2388298,1
CHEMBL2385451,CHEMBL2385451,COc1ccc(Oc2ccc(S(=O)(=O)N[C@H](Cc3c[nH]c4ccccc34)C(=O)O)cc2)cc1,100.0,7.0,active,1,100.0,100.0,13317893,CHEMBL2388298,1
CHEMBL241405,CHEMBL241405,COC(=O)[C@@H](Cc1ccc(O)c(O)c1)OC(=O)/C=C/c1ccc(O)c(O)c1,610.0,6.214670164989233,active,1,610.0,610.0,10950046,CHEMBL2051215,1
CHEMBL242104,CHEMBL242104,COc1cc(/C=N/NC(N)=S)ccc1O,105.82,6.9754322428039615,active,1,105.82,105.82,23231072,CHEMBL4826790,1
CHEMBL2425930,CHEMBL2425930,COc1ccc(S(=O)(=O)N(CCn2cc(CN(C)S(=O)(=O)c3ccc(F)cc3)nn2)[C@@H](C(=O)NO)C(C)C)cc1,3.0,8.522878745280337,active,1,3.0,3.0,13448838,CHEMBL2429399,1
CHEMBL2425931,CHEMBL2425931,Cc1ccc(S(=O)(=O)N(CCN=[N+]=[N-])[C@@H](C(=O)NO)C(C)C)cc1,4.0,8.397940008672037,active,1,4.0,4.0,13448837,CHEMBL2429399,1
CHEMBL2425932,CHEMBL2425932,Cc1ccc(S(=O)(=O)N(CCn2cc(CCCF)nn2)[C@@H](C(=O)NO)C(C)C)cc1,3.0,8.522878745280337,active,1,3.0,3.0,13448836,CHEMBL2429399,1
CHEMBL2425933,CHEMBL2425933,Cc1ccc(S(=O)(=O)N(CCn2cc(COCCOCCOCCOCCOCCF)nn2)[C@@H](C(=O)NO)C(C)C)cc1,0.4,9.397940008672037,active,1,0.4,0.4,13448835,CHEMBL2429399,1
CHEMBL2425934,CHEMBL2425934,Cc1ccc(S(=O)(=O)N(CCn2cc(CCCCOc3cccnc3F)nn2)[C@@H](C(=O)NO)C(C)C)cc1,6.0,8.221848749616356,active,1,6.0,6.0,13448834,CHEMBL2429399,1
CHEMBL2425935,CHEMBL2425935,CC(C)[C@H](C(=O)NO)N(CCN=[N+]=[N-])S(=O)(=O)c1ccc(OCCF)cc1,4.0,8.397940008672037,active,1,4.0,4.0,13448833,CHEMBL2429399,1
CHEMBL2425936,CHEMBL2425936,CC(C)[C@H](C(=O)NO)N(CCn1cc(CCCF)nn1)S(=O)(=O)c1ccc(OCCF)cc1,2.0,8.698970004336019,active,1,2.0,2.0,13448832,CHEMBL2429399,1
CHEMBL2425937,CHEMBL2425937,CC(C)[C@H](C(=O)NO)N(CCn1cc(COCCOCCOCCOCCOCCF)nn1)S(=O)(=O)c1ccc(OCCF)cc1,10.0,8.0,active,1,10.0,10.0,13448831,CHEMBL2429399,1
CHEMBL2425938,CHEMBL2425938,CC(C)[C@H](C(=O)NO)N(CCn1cc(CCCCOc2cccnc2F)nn1)S(=O)(=O)c1ccc(OCCF)cc1,0.8,9.096910013008056,active,1,0.8,0.8,13448830,CHEMBL2429399,1
CHEMBL2425939,CHEMBL2425939,CC(C)[C@H](C(=O)NO)N(CCn1cc(CNS(=O)(=O)c2ccc(F)cc2)nn1)S(=O)(=O)c1ccc(OCCF)cc1,3.0,8.522878745280337,active,1,3.0,3.0,13448829,CHEMBL2429399,1
CHEMBL2425940,CHEMBL2425940,CC(C)[C@H](C(=O)NO)N(CCn1cc(CN(C)S(=O)(=O)c2ccc(F)cc2)nn1)S(=O)(=O)c1ccc(OCCF)cc1,11.0,7.958607314841775,active,1,11.0,11.0,13448828,CHEMBL2429399,1
CHEMBL2425941,CHEMBL2425941,CC(C)[C@H](C(=O)NO)N(CC#N)S(=O)(=O)c1ccc(OCCF)cc1,0.07,10.154901959985743,active,1,0.07,0.07,13448827,CHEMBL2429399,1
CHEMBL2425942,CHEMBL2425942,CC(C)[C@H](C(=O)NO)N(Cc1cn(CCF)nn1)S(=O)(=O)c1ccc(OCCF)cc1,7.0,8.154901959985743,active,1,7.0,7.0,13448826,CHEMBL2429399,1
CHEMBL2425943,CHEMBL2425943,CC(C)[C@H](C(=O)NO)N(Cc1cn(CCOCCOCCOCCF)nn1)S(=O)(=O)c1ccc(OCCF)cc1,0.2,9.698970004336019,active,1,0.2,0.2,13448825,CHEMBL2429399,1
CHEMBL2425944,CHEMBL2425944,CC(C)[C@H](C(=O)NO)N(Cc1cn(CCOCCOCCOCCOc2cccnc2F)nn1)S(=O)(=O)c1ccc(OCCF)cc1,0.2,9.698970004336019,active,1,0.2,0.2,13448824,CHEMBL2429399,1
CHEMBL2425946,CHEMBL2425946,COc1ccc(S(=O)(=O)N(CCN=[N+]=[N-])[C@@H](C(=O)NO)C(C)C)cc1,6.0,8.221848749616356,active,1,6.0,6.0,13448843,CHEMBL2429399,1
CHEMBL2425947,CHEMBL2425947,COc1ccc(S(=O)(=O)N(CCn2cc(CCCF)nn2)[C@@H](C(=O)NO)C(C)C)cc1,0.07,10.154901959985743,active,1,0.07,0.07,13448842,CHEMBL2429399,1
CHEMBL2425948,CHEMBL2425948,COc1ccc(S(=O)(=O)N(CCn2cc(COCCOCCOCCOCCOCCF)nn2)[C@@H](C(=O)NO)C(C)C)cc1,2.0,8.698970004336019,active,1,2.0,2.0,13448841,CHEMBL2429399,1
CHEMBL2425949,CHEMBL2425949,COc1ccc(S(=O)(=O)N(CCn2cc(CCCCOc3cccnc3F)nn2)[C@@H](C(=O)NO)C(C)C)cc1,0.3,9.522878745280337,active,1,0.3,0.3,13448840,CHEMBL2429399,1
CHEMBL2425950,CHEMBL2425950,COc1ccc(S(=O)(=O)N(CCn2cc(CNS(=O)(=O)c3ccc(F)cc3)nn2)[C@@H](C(=O)NO)C(C)C)cc1,0.6,9.221848749616356,active,1,0.6,0.6,13448839,CHEMBL2429399,1
CHEMBL2430286,CHEMBL2430286,CC(C)(C)NC(=O)c1nc(N)c(C(=O)NCCC(=O)N2CCC(C(=O)NO)(S(=O)(=O)c3ccc(Oc4ccc(OC(F)(F)F)cc4)cc3)CC2)nc1N,4.1,8.387216143280265,active,1,4.1,4.1,13462959,CHEMBL2434568,1
CHEMBL2431015,CHEMBL2431015,O=C(CNS(=O)(=O)c1ccc(OCc2cccc(Br)c2)cc1)NO,60.0,7.221848749616356,active,1,60.0,60.0,13457740,CHEMBL2432395,1
CHEMBL2431016,CHEMBL2431016,O=C(CNS(=O)(=O)c1ccc(OCc2cccc(F)c2)cc1)NO,110.0,6.958607314841775,active,1,110.0,110.0,13457739,CHEMBL2432395,1
CHEMBL2431017,CHEMBL2431017,O=C(CNS(=O)(=O)c1ccc(OCc2cccc(OC(F)(F)F)c2)cc1)NO,76.0,7.119186407719209,active,1,76.0,76.0,13457738,CHEMBL2432395,1
CHEMBL2431018,CHEMBL2431018,O=C(CNS(=O)(=O)c1ccc(OCc2cccc(-c3ccccc3)c2)cc1)NO,920.0,6.036212172654444,active,1,920.0,920.0,13457737,CHEMBL2432395,1
CHEMBL2431019,CHEMBL2431019,O=C(CNS(=O)(=O)c1ccc(OCc2cccc3cccnc23)cc1)NO,29000.0,4.5376020021010435,inactive,1,29000.0,29000.0,13457736,CHEMBL2432395,0
CHEMBL2431020,CHEMBL2431020,O=C(CNS(=O)(=O)c1ccc(OCc2cc(F)cc(F)c2)cc1)NO,330.0,6.481486060122112,active,1,330.0,330.0,13457735,CHEMBL2432395,1
CHEMBL2431021,CHEMBL2431021,O=C(CNS(=O)(=O)c1ccc(OCc2cc(Br)cc(Br)c2)cc1)NO,51000.0,4.292429823902063,inactive,1,51000.0,51000.0,13457734,CHEMBL2432395,0
CHEMBL2431026,CHEMBL2431026,O=C(NCC[C@@H](NS(=O)(=O)c1ccc(OCc2cc(Br)cc(Br)c2)cc1)C(=O)NO)OCc1ccccc1,11000.0,4.958607314841775,inactive,1,11000.0,11000.0,13457732,CHEMBL2432395,0
CHEMBL2431029,CHEMBL2431029,O=C(CNS(=O)(=O)c1ccc(OCc2ccc(Br)cc2)cc1)NO,1.4,8.853871964321762,active,1,1.4,1.4,13457744,CHEMBL2432395,1
CHEMBL2431030,CHEMBL2431030,O=C(CNS(=O)(=O)c1ccc(OCc2ccc(F)cc2)cc1)NO,42.0,7.376750709602099,active,1,42.0,42.0,13457743,CHEMBL2432395,1
CHEMBL2431031,CHEMBL2431031,O=C(CNS(=O)(=O)c1ccc(OCc2ccc(OC(F)(F)F)cc2)cc1)NO,37.0,7.431798275933005,active,1,37.0,37.0,13457742,CHEMBL2432395,1
CHEMBL2431032,CHEMBL2431032,O=C(CNS(=O)(=O)c1ccc(OCc2ccc(-c3ccccc3)cc2)cc1)NO,690.0,6.161150909262744,active,1,690.0,690.0,13457741,CHEMBL2432395,1
CHEMBL2435340,CHEMBL2435340,O=C(NCc1ccc(-c2ccccc2)cc1)c1cccc(=O)n1O,25000.0,4.6020599913279625,inactive,1,25000.0,25000.0,25036641,CHEMBL5243549,0
CHEMBL2440431,CHEMBL2440431,O=P(O)(O)C(Nc1ccc(Oc2ccc(Cl)cc2)cc1)P(=O)(O)O,55000.0,4.259637310505756,inactive,1,55000.0,55000.0,13499913,CHEMBL2444632,0
CHEMBL2440432,CHEMBL2440432,O=P(O)(O)C(Nc1ccc(Oc2ccc(Br)cc2)cc1)P(=O)(O)O,87000.0,4.060480747381382,inactive,1,87000.0,87000.0,13499912,CHEMBL2444632,0
CHEMBL2440441,CHEMBL2440441,O=P(O)(O)C(Nc1ccc(Br)cc1)P(=O)(O)O,30000.0,4.522878745280337,inactive,1,30000.0,30000.0,13499928,CHEMBL2444632,0
CHEMBL2440578,CHEMBL2440578,O=[N+]([O-])c1ccc(NC(P(=O)(O)O)P(=O)(O)O)cc1,20000.0,4.698970004336019,inactive,1,20000.0,20000.0,13499927,CHEMBL2444632,0
CHEMBL253313,CHEMBL253313,C/C=C/C=C\C=C1\C=C(CCC(=O)NO)C(=O)OC1,23.0,7.638272163982407,active,1,23.0,23.0,2071136,CHEMBL927359,1
CHEMBL253694,CHEMBL253694,O=C(CCc1cc2cc(Br)ccc2oc1=O)NO,24500.0,4.610833915635467,inactive,1,24500.0,24500.0,2071133,CHEMBL927359,0
CHEMBL255374,CHEMBL255374,Cc1cc(=O)c(O)c(C(=O)NCc2ccc(-c3ccccc3)cc2)o1,25000.0,4.6020599913279625,inactive,1,25000.0,25000.0,25036643,CHEMBL5243549,0
CHEMBL261713,CHEMBL261713,O=C(NO)[C@@H](Cc1ccc2ccccc2c1)NS(=O)(=O)c1ccc2ccccc2c1,97.2,7.012333735073725,active,1,97.2,97.2,22436957,CHEMBL4677719,1
CHEMBL262397,CHEMBL262397,CC(C)ON([C@H](CCNC(=O)CCCNC(=O)c1cccc(C(=O)NCCCC(=O)NCC[C@H](C(=O)NO)N(OC(C)C)S(=O)(=O)c2ccc(-c3ccccc3)cc2)c1)C(=O)NO)S(=O)(=O)c1ccc(-c2ccccc2)cc1,38.0,7.42021640338319,active,1,38.0,38.0,16857891,CHEMBL3879735,1
CHEMBL266292,CHEMBL266292,COCCN1CN(S(=O)(=O)c2ccc(OC)cc2)[C@@H](C(=O)NO)CC1=O,52.5,7.279840696594043,active,1,52.5,52.5,896202,CHEMBL714520,1
CHEMBL267178,CHEMBL267178|CHEMBL514138,COc1ccc(S(=O)(=O)N(Cc2cccnc2)[C@@H](C(=O)NO)C(C)C)cc1,8.0,8.096910013008056,active,8,4.3,60.0,1128093|1424609|1508335|1942526|18516850|18532960|19117991|25004569,CHEMBL4193097|CHEMBL4195647|CHEMBL4372231|CHEMBL5234258|CHEMBL714518|CHEMBL829409|CHEMBL832409|CHEMBL891304,1
CHEMBL267603,CHEMBL267603,Nc1nc2ncc(CNc3ccc(C(=O)N[C@@H](CCC(=O)N[C@@H](Cc4ccccc4)C(=O)NO)C(=O)O)cc3)nc2c(=O)[nH]1,22000.0,4.657577319177793,inactive,1,22000.0,22000.0,1940293,CHEMBL891304,0
CHEMBL267854,CHEMBL267854,O=C(CCc1cc2cc(Cl)ccc2oc1=O)NO,16400.0,4.785156151952302,inactive,1,16400.0,16400.0,2071134,CHEMBL927359,0
CHEMBL267939,CHEMBL267939,COc1ccc(S(=O)(=O)N2CCN(C(=O)OCc3ccccc3)CC[C@@H]2C(=O)NO)cc1,1.8,8.744727494896694,active,1,1.8,1.8,893890,CHEMBL714520,1
CHEMBL268114,CHEMBL268114,COc1ccc(S(=O)(=O)N2CCN(S(=O)(=O)c3cn(C)cn3)CC[C@@H]2C(=O)NO)cc1,5.5,8.259637310505756,active,1,5.5,5.5,896209,CHEMBL714520,1
CHEMBL268377,CHEMBL268377,COc1ccc(S(=O)(=O)N2CN(C(C)C)C(=O)C[C@@H]2C(=O)NO)cc1,4.2,8.3767507096021,active,1,4.2,4.2,903578,CHEMBL714520,1
CHEMBL269019,CHEMBL269019,COc1ccc(S(=O)(=O)N2CN(C3CCCCC3)C(=O)C[C@@H]2C(=O)NO)cc1,3.3,8.481486060122112,active,1,3.3,3.3,879310,CHEMBL714520,1
CHEMBL273764,CHEMBL273764,CCCCOc1ccc(S(=O)(=O)N(C)c2c(C)cc(Br)cc2C(=O)NO)cc1,21.0,7.6777807052660805,active,1,21.0,21.0,385406,CHEMBL715218,1
CHEMBL275362,CHEMBL275362,O=C(/C=C/c1ccc(O)c(O)c1)Nc1ccccc1,7.14,8.146301788223825,active,1,7.14,7.14,12701967,CHEMBL2338836,1
CHEMBL278060,CHEMBL278060,C#CCOc1ccc(S(=O)(=O)N(C)c2c(C)cc(Br)cc2C(=O)NO)cc1,15.0,7.823908740944319,active,1,15.0,15.0,693219,CHEMBL715226,1
CHEMBL278872,CHEMBL278872,COc1ccc(S(=O)(=O)N(C)c2c(C(=O)NO)cc(Br)cc2C2CCN(C)CC2)cc1,2.0,8.698970004336019,active,1,2.0,2.0,351371,CHEMBL715218,1
CHEMBL279786,CHEMBL279786,CNC(=O)[C@H](Cc1ccccc1)NC(=O)[C@H](CC(C)C)[C@H](CSc1cccs1)C(=O)NO,0.835,9.078313524516398,active,4,0.6,25.0,713272|1109696|1436489|25004567,CHEMBL5234258|CHEMBL710582|CHEMBL712570|CHEMBL833070,1
CHEMBL290632,CHEMBL290632,Oc1cc(O)c2c(c1)O[C@H](c1ccc(O)c(O)c1)[C@H](O)[C@H]2c1c(O)cc(O)c2c1O[C@H](c1ccc(O)c(O)c1)[C@H](O)[C@H]2c1c(O)cc(O)c2c1O[C@H](c1ccc(O)c(O)c1)[C@H](O)C2,53200.0,4.274088367704952,inactive,1,53200.0,53200.0,3102499,CHEMBL1066259,0
CHEMBL296761,CHEMBL296761,COc1ccc(S(=O)(=O)N(CC(C)C)[C@@H](CCSCc2ccc(-c3ccccc3)cc2)C(=O)NO)cc1,0.2,9.698970004336019,active,1,0.2,0.2,85195,CHEMBL712040,1
CHEMBL296911,CHEMBL296911,COc1ccc(S(=O)(=O)N(CC(C)C)[C@@H](CCSCc2ccccc2)C(=O)NO)cc1,2.5,8.602059991327963,active,1,2.5,2.5,86118,CHEMBL712040,1
CHEMBL305729,CHEMBL305729,CC(C)C[C@@H](C(=O)N1CCCCC1)[C@@H](CN1C(=O)N(C)C(C)(C)C1=O)C(=O)NO,237.0,6.625251653989896,active,1,237.0,237.0,650934,CHEMBL687546,1
CHEMBL306412,CHEMBL306412,CNC(=O)[C@H](NC(=O)[C@@H](CC(=O)NO)CC(C)C)C(C)(C)C,10.4,7.982966660701219,active,1,10.4,10.4,632993,CHEMBL687546,1
CHEMBL307192,CHEMBL307192,CN1C(=O)N(C[C@@H](C(=O)NO)[C@@H](CC2CCCC2)C(=O)N2CCCCC2)C(=O)C1(C)C,59.0,7.229147988357855,active,1,59.0,59.0,665677,CHEMBL687546,1
CHEMBL3085322,CHEMBL3085322,CC#CCOc1ccc([S@@+]([O-])[C@H](C(=O)NO)C(C)C)cc1,399.0,6.399027104313252,active,1,399.0,399.0,1838063,CHEMBL919964,1
CHEMBL309492,CHEMBL309492,CCCCOc1ccc(S(=O)(=O)C2(C(=O)NO)CCN(Cc3ccccc3)CC2)cc1,3.0,8.522878745280337,active,1,3.0,3.0,25004584,CHEMBL5234258,1
CHEMBL3098991,CHEMBL3098991,Cc1cc(N)c2cc(NC(=O)c3ccc(-c4cnc5ccccc5c4)cc3)ccc2n1,11000.0,4.958607314841775,inactive,1,11000.0,11000.0,13860135,CHEMBL3100546,0
CHEMBL3098994,CHEMBL3098994,Cc1cc(N)c2cc(NC(=O)c3ccc(-c4cccc5cccnc45)cc3)ccc2n1,17000.0,4.769551078621726,inactive,1,17000.0,17000.0,13860132,CHEMBL3100546,0
CHEMBL3098996,CHEMBL3098996,Cc1cc(N)c2cc(NC(=O)c3cccc(-c4cnc5ccccc5c4)c3)ccc2n1,16000.0,4.795880017344075,inactive,1,16000.0,16000.0,13860130,CHEMBL3100546,0
CHEMBL3098997,CHEMBL3098997,Cc1cc(N)c2cc(NC(=O)c3cccc(-c4cncc5ccccc45)c3)ccc2n1,48000.0,4.318758762624412,inactive,1,48000.0,48000.0,13860129,CHEMBL3100546,0
CHEMBL3098998,CHEMBL3098998,Cc1cc(N)c2cc(NC(=O)c3cccc(-c4cccc5ncccc45)c3)ccc2n1,50000.0,4.301029995663981,inactive,1,50000.0,50000.0,13860128,CHEMBL3100546,0
CHEMBL311932,CHEMBL311932,COc1ccc(S(=O)(=O)N(CC(=O)NO)CC(C)C)cc1,21.4,7.669586226650809,active,4,5.9,78.5,12703964|15725054|19277575|22457496,CHEMBL2341927|CHEMBL3619579|CHEMBL4408359|CHEMBL4682410,1
CHEMBL316332,CHEMBL316332,CNC(=O)[C@H](Cc1ccccc1)NC(=O)[C@H](CSC)NC(=O)C(S)CCN1C(=O)CCC1=O,9.0,8.045757490560675,active,1,9.0,9.0,897226,CHEMBL712041,1
CHEMBL317132,CHEMBL317132,O=C(NO)C(CCn1nnc2ccccc2c1=O)COc1ccc(-c2ccc(Cl)cc2)cc1,0.6,9.221848749616356,active,1,0.6,0.6,216739,CHEMBL714516,1
CHEMBL317508,CHEMBL317508,N#Cc1ccc(-c2ccc(OCC(CCn3nnc4ccccc4c3=O)C(=O)NO)cc2)cc1,0.6,9.221848749616356,active,1,0.6,0.6,191959,CHEMBL714516,1
CHEMBL318795,CHEMBL318795,O=C(NO)C(CCCN1C(=O)c2ccccc2C1=O)COc1ccc(-c2ccccc2)cc1,221.0,6.655607726314889,active,1,221.0,221.0,200121,CHEMBL714516,1
CHEMBL320402,CHEMBL320402,COc1ccc(S(=O)(=O)N(CC(C)C)[C@H](CCSCc2ccccc2)C(=O)NO)cc1,2.5,8.602059991327963,active,1,2.5,2.5,761556,CHEMBL712562,1
CHEMBL3221177,CHEMBL3221177,O=CN(O)C(Cc1ccc(C(=O)O)cc1)CS(=O)(=O)c1ccc(Oc2ccc(OC(F)(F)F)cc2)cc1,0.53,9.275724130399212,active,1,0.53,0.53,14529478,CHEMBL3225488,1
CHEMBL3221178,CHEMBL3221178,O=CN(O)C(CS(=O)(=O)c1ccc(Oc2ccc(OC(F)(F)F)cc2)cc1)[C@H]1CCCO1,0.32,9.494850021680094,active,1,0.32,0.32,14529480,CHEMBL3225488,1
CHEMBL3221179,CHEMBL3221179,CC1(C)OC[C@H](CC(CS(=O)(=O)c2ccc(Oc3ccc(OC(F)(F)F)cc3)cc2)N(O)C=O)O1,5.5,8.259637310505756,active,1,5.5,5.5,14529485,CHEMBL3225488,1
CHEMBL322412,CHEMBL322412,COc1ccc(S(=O)(=O)N2CC(C)(C)C(COCc3ccccc3)[C@@H]2C(=O)NO)cc1,9.2,8.036212172654444,active,1,9.2,9.2,773760,CHEMBL712562,1
CHEMBL322888,CHEMBL322888,COc1ccc(S(=O)(=O)N2CC(C)(C)C(CO)[C@@H]2C(=O)NO)cc1,50.0,7.301029995663981,active,1,50.0,50.0,762527,CHEMBL712562,1
CHEMBL323148,CHEMBL323148,CN1C(=O)N(CCC(COc2ccc(-c3ccccc3)cc2)C(=O)NO)C(=O)C1(C)C,199.0,6.701146923590294,active,1,199.0,199.0,207376,CHEMBL714516,1
CHEMBL323371,CHEMBL323371,O=C(NO)C(CCn1nnc2ccccc2c1=O)COc1ccc(-c2ccccc2)cc1,1.0,9.0,active,1,1.0,1.0,207382,CHEMBL714516,1
CHEMBL323575,CHEMBL323575,COc1ccc(CSCC2[C@H](C(=O)NO)N(S(=O)(=O)c3ccc(OC)cc3)CC2(C)C)cc1,4.4,8.356547323513812,active,1,4.4,4.4,759372,CHEMBL712562,1
CHEMBL323612,CHEMBL323612,CC(C)(NS(=O)(=O)c1ccc(Oc2ccc(F)cc2)cc1)C(=O)NO,13.0,7.886056647693163,active,1,13.0,13.0,12703967,CHEMBL2339483,1
CHEMBL325749,CHEMBL325749,O=C(/C=C/c1ccc(O)cc1)NCCc1ccccc1,7.83,8.106238237942057,active,1,7.83,7.83,12701929,CHEMBL2338836,1
CHEMBL326489,CHEMBL326489,CO[C@@H](NC(=O)[C@@H](NC(=O)[C@H](CCCc1ccc(-c2ccccc2)c(C)c1)CC(=O)NO)C(C)(C)C)c1ccccc1,560.0,6.251811972993799,active,1,560.0,560.0,1131242,CHEMBL712570,1
CHEMBL327262,CHEMBL327262,CNC(=O)[C@H](Cc1ccccc1)NC(=O)[C@H](CC(C)C)NC(=O)C(S)Cc1ccccc1,40.0,7.3979400086720375,active,1,40.0,40.0,890262,CHEMBL712041,1
CHEMBL329002,CHEMBL329002,CNC(=O)[C@H](Cc1ccccc1)NC(=O)[C@H](CC(C)C)NC(=O)C(S)C(C)C,30.0,7.522878745280337,active,1,30.0,30.0,903349,CHEMBL712041,1
CHEMBL329145,CHEMBL329145,CNC(=O)[C@H](Cc1ccccc1)NC(=O)[C@H](CC(C)C)NC(=O)CS,90.0,7.045757490560675,active,1,90.0,90.0,891492,CHEMBL712041,1
CHEMBL329617,CHEMBL329617,CC1(c2ccccc2)C(=O)NC(=O)NC1=O,11000.0,4.958607314841775,inactive,1,11000.0,11000.0,547971,CHEMBL687547,0
CHEMBL333729,CHEMBL333729,COc1ccc(S(=O)(=O)N2CCCN(S(=O)(=O)c3ccc(OC)cc3)C2C(=O)NO)cc1,3.9,8.4089353929735,active,1,3.9,3.9,1104100,CHEMBL714518,1
CHEMBL334107,CHEMBL334107,CCCCOc1ccc(S(=O)(=O)N2CC(C)(C)CN(S(=O)(=O)c3ccc(OCCCC)cc3)C2C(=O)NO)cc1,101.0,6.995678626217357,active,1,101.0,101.0,1108857,CHEMBL714518,1
CHEMBL3350246,CHEMBL3350246,CC#CCOc1ccc([S@+]([O-])[C@H](CCCCCC)C(=O)NO)cc1,1000.0,6.0,active,1,1000.0,1000.0,1838066,CHEMBL919964,1
CHEMBL3350758,CHEMBL3350758,CC1(C)C(/C=C/C2=C(N3CCC(C(=O)NO)(S(=O)(=O)c4ccc(Oc5ccc(OC(F)(F)F)cc5)cc4)CC3)C(=C/C=C3/N(CCCCS(=O)(=O)O)c4ccccc4C3(C)C)/CCC2)=[N+](CCCCS(=O)(=O)[O-])c2ccccc21,1.6,8.795880017344075,active,1,1.6,1.6,13462955,CHEMBL2434568,1
CHEMBL3355722,CHEMBL3355722,CC(C)C[C@H](CC(=O)NO)C(=O)N[C@@H](Cc1ccccc1)C(=O)N[C@@H](CCCCN)C(N)=O,19.5,7.709965388637482,active,1,19.5,19.5,15126634,CHEMBL3380039,1
CHEMBL3355723,CHEMBL3355723,CC(C)C[C@H](CC(=O)NO)C(=O)N[C@@H](Cc1ccccc1)C(=O)N[C@@H](CCCCNC(=O)c1ccc(F)cc1)C(N)=O,31.5,7.501689446210399,active,1,31.5,31.5,15126633,CHEMBL3380039,1
CHEMBL3358155,CHEMBL3358155,O=C1NC(=O)[C@](CNC(=O)c2cc3cc(Cl)ccc3o2)(c2nccs2)N1,10000.0,5.0,inactive,1,10000.0,10000.0,19402660,CHEMBL4425563,0
CHEMBL3358156,CHEMBL3358156,Cn1ccnc1[C@]1(CNC(=O)c2cc3cc(Cl)ccc3o2)NC(=O)NC1=O,17000.0,4.769551078621726,inactive,1,17000.0,17000.0,19402661,CHEMBL4425563,0
CHEMBL3358158,CHEMBL3358158,Cn1ccnc1[C@]1(CNC(=O)c2cc3cc(C(F)(F)F)ccc3o2)NC(=O)NC1=O,65000.0,4.187086643357144,inactive,1,65000.0,65000.0,19402662,CHEMBL4425563,0
CHEMBL3359657,CHEMBL3359657,CN(C)c1ccc(-c2cn(-c3ccc(S(=O)(=O)C4(C(=O)NO)CCNCC4)cc3)nn2)cc1,43.9,7.357535479757878,active,1,43.9,43.9,15115565,CHEMBL3388188,1
CHEMBL3359658,CHEMBL3359658,CC(C)N(C)c1ccc(-c2cn(-c3ccc(S(=O)(=O)C4(C(=O)NO)CCNCC4)cc3)nn2)cc1,346.4,6.460422116654691,active,1,346.4,346.4,15115566,CHEMBL3388188,1
CHEMBL3392650,CHEMBL3392650,CC1(C)SCCN(S(=O)(=O)c2ccc(OCC#CCO)cc2)C1C(=O)NO,82.0,7.086186147616283,active,1,82.0,82.0,16323765,CHEMBL3707542,1
CHEMBL3408913,CHEMBL3408913,Cc1ccc(C(=O)NNC(=O)Cn2c(=O)c(Cc3ccccc3)nc3ccccc32)cc1,23.06,7.637140697041319,active,1,23.06,23.06,23231066,CHEMBL4826790,1
CHEMBL342210,CHEMBL342210,COc1ccc(S(=O)(=O)N2CCCS(=O)(=O)C(C)(C)[C@@H]2C(=O)NO)cc1,3.6,8.443697499232712,active,1,3.6,3.6,949764,CHEMBL710585,1
CHEMBL351806,CHEMBL351806,O=C(O)[C@H](Cc1ccccc1)NS(=O)(=O)c1ccc(-c2ccccc2)cc1,310.0,6.508638306165727,active,1,310.0,310.0,13488771,CHEMBL2439830,1
CHEMBL355752,CHEMBL355752,C[C@H](C(=O)NO)N(Cc1ccccc1)[P@](C)(=O)c1ccccc1,32.5,7.488116639021126,active,1,32.5,32.5,722953,CHEMBL714517,1
CHEMBL3585679,CHEMBL3585679,O=C(O)c1c(-c2ccc(O)cc2)ccc(CO)c1C#Cc1ccc(O)cc1,40960.0,4.387640052032226,inactive,1,40960.0,40960.0,18532952,CHEMBL4195647,0
CHEMBL3585760,CHEMBL3585760,CC[C@@H](C(=O)O)N(Cc1cccnc1)S(=O)(=O)c1ccc(OC)cc1,100000.0,4.0,inactive,1,100000.0,100000.0,15631316,CHEMBL3588574,0
CHEMBL3585761,CHEMBL3585761,CC[C@H](C(=O)NO)N(Cc1cccnc1)S(=O)(=O)c1ccc(OC)cc1,4.6,8.337242168318426,active,1,4.6,4.6,15631317,CHEMBL3588574,1
CHEMBL3585762,CHEMBL3585762,CC[C@@H](C(=O)NO)N(Cc1cccnc1)S(=O)(=O)c1ccc(OC)cc1,700.0,6.154901959985743,active,1,700.0,700.0,15631318,CHEMBL3588574,1
CHEMBL3585763,CHEMBL3585763,COc1ccc(S(=O)(=O)N(Cc2cccnc2)[C@H](CCF)C(=O)O)cc1,100000.0,4.0,inactive,1,100000.0,100000.0,15631319,CHEMBL3588574,0
CHEMBL3585764,CHEMBL3585764,COc1ccc(S(=O)(=O)N(Cc2cccnc2)[C@@H](CCF)C(=O)O)cc1,100000.0,4.0,inactive,1,100000.0,100000.0,15631320,CHEMBL3588574,0
CHEMBL3585765,CHEMBL3585765,COc1ccc(S(=O)(=O)N(Cc2cccnc2)[C@H](CCF)C(=O)NO)cc1,12.3,7.910094888560602,active,1,12.3,12.3,15631321,CHEMBL3588574,1
CHEMBL3585766,CHEMBL3585766,COc1ccc(S(=O)(=O)N(Cc2cccnc2)[C@@H](CCF)C(=O)NO)cc1,3.0,8.522878745280337,active,1,3.0,3.0,15631322,CHEMBL3588574,1
CHEMBL3585768,CHEMBL3585768,C=CC[C@@H](C(=O)O)N(Cc1cccnc1)S(=O)(=O)c1ccc(OC)cc1,100000.0,4.0,inactive,1,100000.0,100000.0,15631324,CHEMBL3588574,0
CHEMBL3585769,CHEMBL3585769,C=CC[C@H](C(=O)NO)N(Cc1cccnc1)S(=O)(=O)c1ccc(OC)cc1,0.54,9.267606240177031,active,1,0.54,0.54,15631325,CHEMBL3588574,1
CHEMBL3585770,CHEMBL3585770,C=CC[C@@H](C(=O)NO)N(Cc1cccnc1)S(=O)(=O)c1ccc(OC)cc1,6.4,8.193820026016112,active,1,6.4,6.4,15631326,CHEMBL3588574,1
CHEMBL3585771,CHEMBL3585771,C=C(F)C[C@H](C(=O)O)N(Cc1cccnc1)S(=O)(=O)c1ccc(OC)cc1,100000.0,4.0,inactive,1,100000.0,100000.0,15631327,CHEMBL3588574,0
CHEMBL3585772,CHEMBL3585772,C=C(F)C[C@@H](C(=O)O)N(Cc1cccnc1)S(=O)(=O)c1ccc(OC)cc1,100000.0,4.0,inactive,1,100000.0,100000.0,15631328,CHEMBL3588574,0
CHEMBL3585773,CHEMBL3585773,C=C(F)C[C@H](C(=O)NO)N(Cc1cccnc1)S(=O)(=O)c1ccc(OC)cc1,8.3,8.080921907623926,active,1,8.3,8.3,15631329,CHEMBL3588574,1
CHEMBL3585774,CHEMBL3585774,C=C(F)C[C@@H](C(=O)NO)N(Cc1cccnc1)S(=O)(=O)c1ccc(OC)cc1,4.9,8.309803919971486,active,1,4.9,4.9,15631330,CHEMBL3588574,1
CHEMBL3589199,CHEMBL3589199,COc1ccc(-c2oc3cc(O)cc(O)c3c(=O)c2O[C@@H]2O[C@H](CO)[C@@H](O)[C@H](O)[C@H]2O)cc1O,50000.0,4.301029995663981,inactive,1,50000.0,50000.0,18277767,CHEMBL4119391,0
CHEMBL3617400,CHEMBL3617400,CC(C)ON([C@H](CCNC(=O)c1ccccc1)C(=O)NO)S(=O)(=O)c1ccc(-c2ccccc2)cc1,9.0,8.045757490560675,active,1,9.0,9.0,15720172,CHEMBL3620106,1
CHEMBL3617401,CHEMBL3617401,CC(C)ON([C@H](CCNS(C)(=O)=O)C(=O)NO)S(=O)(=O)c1ccc(-c2ccccc2)cc1,8.6,8.065501548756432,active,1,8.6,8.6,15720173,CHEMBL3620106,1
CHEMBL3617402,CHEMBL3617402,CC(=O)NCC[C@H](C(=O)NO)N(OC(C)C)S(=O)(=O)c1ccc(-c2ccccc2)cc1,6.5,8.187086643357144,active,1,6.5,6.5,15720174,CHEMBL3620106,1
CHEMBL3617403,CHEMBL3617403,CC(C)ON([C@H](CCNC(=O)Cc1ccccc1)C(=O)NO)S(=O)(=O)c1ccc(-c2ccccc2)cc1,6.4,8.193820026016112,active,1,6.4,6.4,15720175,CHEMBL3620106,1
CHEMBL3617404,CHEMBL3617404,COc1ccc(-c2ccc(S(=O)(=O)N(OC(C)C)[C@H](CCNC(C)=O)C(=O)NO)cc2)cc1,2.0,8.698970004336019,active,1,2.0,2.0,15720176,CHEMBL3620106,1
CHEMBL3617405,CHEMBL3617405,COc1ccc(-c2ccc(S(=O)(=O)N(OC(C)C)[C@H](CCNC(=O)Cc3ccccc3)C(=O)NO)cc2)cc1,2.9,8.537602002101044,active,1,2.9,2.9,15720177,CHEMBL3620106,1
CHEMBL3617407,CHEMBL3617407,COc1ccc(-c2ccc(S(=O)(=O)N(OC(C)C)[C@H](CCN3C(=O)c4ccccc4C3=O)C(=O)NO)cc2)cc1,0.43,9.366531544420413,active,1,0.43,0.43,15720179,CHEMBL3620106,1
CHEMBL3618461,CHEMBL3618461,Nc1ccc(Oc2ccc(S(=O)(=O)C[C@@H]3CS3)cc2)cc1,709.7,6.148925194771113,active,1,709.7,709.7,15725044,CHEMBL3619579,1
CHEMBL3618462,CHEMBL3618462,Nc1ccc(Oc2ccc(S(=O)(=O)C[C@H]3CS3)cc2)cc1,833.0,6.079354998593212,active,1,833.0,833.0,15725045,CHEMBL3619579,1
CHEMBL3618463,CHEMBL3618463,CC(=O)Nc1ccc(Oc2ccc(S(=O)(=O)C[C@@H]3CS3)cc2)cc1,677.2,6.169283050563102,active,1,677.2,677.2,15725047,CHEMBL3619579,1
CHEMBL3618464,CHEMBL3618464,CC(=O)Nc1ccc(Oc2ccc(S(=O)(=O)C[C@H]3CS3)cc2)cc1,428.6,6.36794783329419,active,1,428.6,428.6,15725048,CHEMBL3619579,1
CHEMBL3621216,CHEMBL3621216,NS(=O)(=O)c1ccc(N2N=C(c3ccccc3Cl)CC2c2cccc3ccccc23)cc1,11970.0,4.921905849593589,inactive,1,11970.0,11970.0,15746104,CHEMBL3625110,0
CHEMBL3622219,CHEMBL3622219,NS(=O)(=O)c1ccc(N2N=C(c3ccccc3)CC2c2cccc3ccccc23)cc1,10890.0,4.962972120244225,inactive,1,10890.0,10890.0,15746102,CHEMBL3625110,0
CHEMBL3622224,CHEMBL3622224,NS(=O)(=O)c1ccc(N2N=C(c3cccc(I)c3)CC2c2cccc3ccccc23)cc1,12870.0,4.890421453095613,inactive,1,12870.0,12870.0,15746108,CHEMBL3625110,0
CHEMBL3622225,CHEMBL3622225,Cc1ccc(C2=NN(c3ccc(S(N)(=O)=O)cc3)C(c3cccc4ccccc34)C2)cc1,15960.0,4.796967112985289,inactive,1,15960.0,15960.0,15746109,CHEMBL3625110,0
CHEMBL3622787,CHEMBL3622787,NS(=O)(=O)c1ccc(N2N=C(c3ccccc3)CC2c2ccc3ccccc3c2)cc1,33750.0,4.471726222832956,inactive,1,33750.0,33750.0,15746114,CHEMBL3625110,0
CHEMBL3622793,CHEMBL3622793,NS(=O)(=O)c1ccc(N2N=C(c3cccc(Br)c3)CC2c2ccc3ccccc3c2)cc1,13890.0,4.857297754262384,inactive,1,13890.0,13890.0,15746120,CHEMBL3625110,0
CHEMBL3622796,CHEMBL3622796,COc1ccc(C2=NN(c3ccc(S(N)(=O)=O)cc3)C(c3ccc4ccccc4c3)C2)cc1,18960.0,4.722161666997953,inactive,1,18960.0,18960.0,15746123,CHEMBL3625110,0
CHEMBL3622797,CHEMBL3622797,CCOc1ccc(C2=NN(c3ccc(S(N)(=O)=O)cc3)C(c3ccc4ccccc4c3)C2)cc1,18310.0,4.737311655698304,inactive,1,18310.0,18310.0,15746124,CHEMBL3625110,0
CHEMBL3622798,CHEMBL3622798,NS(=O)(=O)c1ccc(N2N=C(c3ccc(F)cc3)CC2c2ccc3ccccc3c2)cc1,19810.0,4.703115524461453,inactive,1,19810.0,19810.0,15746125,CHEMBL3625110,0
CHEMBL362651,CHEMBL362651,CC(C)ON([C@H](CCNC(=O)OCc1ccccc1)C(=O)NO)S(=O)(=O)c1ccc(-c2ccccc2)cc1,16.0,7.795880017344075,active,1,16.0,16.0,1424500,CHEMBL829409,1
CHEMBL362678,CHEMBL362678,CC(C)ON([C@H](C(=O)NO)C(C)C)S(=O)(=O)c1ccc(-c2ccccc2)cc1,13.0,7.886056647693163,active,1,13.0,13.0,1426644,CHEMBL829409,1
CHEMBL3633818,CHEMBL3633818,O=C(NO)[C@H]1C[C@@H](NS(=O)(=O)c2ccc(-c3ccccc3)cc2)CN1S(=O)(=O)c1ccc(Cl)c(Cl)c1,590.0,6.229147988357855,active,1,590.0,590.0,15761451,CHEMBL3635672,1
CHEMBL3633819,CHEMBL3633819,O=C(NO)[C@H]1C[C@H](NS(=O)(=O)c2ccc(-c3ccccc3)cc2)CN1S(=O)(=O)c1ccc(Cl)c(Cl)c1,60.0,7.221848749616356,active,1,60.0,60.0,15761452,CHEMBL3635672,1
CHEMBL367524,CHEMBL367524,CCC1(c2ccc(-c3ccccc3)cc2)C(=O)NC(=O)NC1=O,696.0,6.157390760389438,active,1,696.0,696.0,547976,CHEMBL687547,1
CHEMBL370129,CHEMBL370129,CC#CCOc1ccc(S(=O)(=O)N2CCSCC2C(=O)NO)cc1,21.0,7.6777807052660805,active,2,21.0,21.0,1617449|1617972,CHEMBL881784,1
CHEMBL370685,CHEMBL370685,CC(C)N1CCN(C2(c3ccc(Oc4ccc(Br)cc4)cc3)C(=O)NC(=O)NC2=O)CC1,1.0,9.0,active,1,1.0,1.0,1508142,CHEMBL832895,1
CHEMBL370825,CHEMBL370825,CC#CCOc1ccc(S(=O)(=O)N2CCN(C(=O)N(CC)CC)CC2C(=O)NO)cc1,221.0,6.655607726314889,active,2,221.0,221.0,1617486|1618007,CHEMBL881784,1
CHEMBL371600,CHEMBL371600,NCCN1CCN(C2(c3ccc(Oc4ccc(Br)cc4)cc3)C(=O)NC(=O)NC2=O)CC1,14.0,7.853871964321762,active,1,14.0,14.0,1508146,CHEMBL832895,1
CHEMBL372263,CHEMBL372263,C[Si](C)(C)c1ccc(N2CCN(C3(c4ccc(Oc5ccc(Br)cc5)cc4)C(=O)NC(=O)NC3=O)CC2)cc1,550.0,6.259637310505756,active,1,550.0,550.0,1508313,CHEMBL832895,1
CHEMBL372705,CHEMBL372705,O=C1NC(=O)C(c2ccc(Oc3ccc(Br)cc3)cc2)(N2CCN(c3ccc([N+](=O)[O-])cc3)CC2)C(=O)N1,57.0,7.2441251443275085,active,1,57.0,57.0,1508321,CHEMBL832895,1
CHEMBL372908,CHEMBL372908,CC#CCOc1ccc(S(=O)(=O)N2CCN(C(=O)OC)CC2C(=O)NO)cc1,71.0,7.1487416512809245,active,2,71.0,71.0,1617474|1617997,CHEMBL881784,1
CHEMBL372914,CHEMBL372914,O=C1NC(=O)C(c2ccc(Oc3ccc(Br)cc3)cc2)(N2CCN(c3ccc(I)cc3)CC2)C(=O)N1,10.0,8.0,active,1,10.0,10.0,1508325,CHEMBL832895,1
CHEMBL373532,CHEMBL373532,O=C(NO)[C@H]1CC2(CC2)CN[C@@H]1C(=O)N1CC=C(c2ccccc2)CC1,113.0,6.94692155651658,active,1,113.0,113.0,1815885,CHEMBL911378,1
CHEMBL373721,CHEMBL373721,COc1ccc(S(=O)(=O)N(CC(=O)NO)OCc2ccc(Cl)cc2)cc1,330.0,6.481486060122112,active,1,330.0,330.0,1875586,CHEMBL904081,1
CHEMBL373831,CHEMBL373831,C#CCOc1ccc(S(=O)(=O)C2(C(=O)NO)CCN(Cc3ccccc3)CC2)cc1,18.0,7.7447274948966935,active,1,18.0,18.0,1838076,CHEMBL919964,1
CHEMBL374377,CHEMBL374377,CC(C)[C@H](NS(=O)(=O)c1ccc(-c2ccc(F)cc2)cc1)P(=O)(O)O,59.0,7.229147988357855,active,1,59.0,59.0,1858009,CHEMBL918801,1
CHEMBL3751997,CHEMBL3751997,COc1ccc(-c2ccc(S(=O)(=O)N[C@@H](CCCCCF)P(=O)(O)O)cc2)cc1,19.0,7.721246399047171,active,1,19.0,19.0,16435230,CHEMBL3756240,1
CHEMBL3752564,CHEMBL3752564,COc1ccc(-c2ccc(S(=O)(=O)NC(C(C)C)P(=O)(O)O)cc2)cc1,8.85,8.053056729302174,active,1,8.85,8.85,16435224,CHEMBL3756240,1
CHEMBL3752747,CHEMBL3752747,CC(C)C(NS(=O)(=O)c1ccc(-c2ccc(F)nc2)cc1)P(=O)(O)O,393.0,6.405607449624574,active,1,393.0,393.0,16435226,CHEMBL3756240,1
CHEMBL375319,CHEMBL375319,CCCCCCC(C(=O)NO)S(=O)(=O)c1ccc(OC)cc1,119.0,6.924453038607469,active,1,119.0,119.0,1838069,CHEMBL919964,1
CHEMBL3753984,CHEMBL3753984,O=C(CCNS(=O)(=O)c1ccc(-c2ccccc2)cc1)NO,26000.0,4.585026652029182,inactive,1,26000.0,26000.0,16444396,CHEMBL3756033,0
CHEMBL3754094,CHEMBL3754094,CC(C)CN([C@@H](C(=O)NO)C(C)C)S(=O)(=O)c1ccc(-c2ccccc2)cc1,5.3,8.275724130399212,active,1,5.3,5.3,16444395,CHEMBL3756033,1
CHEMBL375418,CHEMBL375418,O=C(NO)[C@H]1CC2(CC2)CN[C@@H]1C(=O)N1CC=C(c2ccccc2)C1,77.0,7.113509274827518,active,1,77.0,77.0,1815877,CHEMBL911378,1
CHEMBL3754243,CHEMBL3754243,CC(C)C(NS(=O)(=O)c1ccc(-c2ccc(OCCF)cc2)cc1)P(=O)(O)O,18.5,7.732828271596986,active,1,18.5,18.5,16435225,CHEMBL3756240,1
CHEMBL3754302,CHEMBL3754302,CC(C)C(N(Cc1ccccc1)S(=O)(=O)c1ccc(-c2ccc(OCCF)cc2)cc1)P(=O)(O)O,96.4,7.015922966097169,active,1,96.4,96.4,16435228,CHEMBL3756240,1
CHEMBL376557,CHEMBL376557,CC(C)[C@H](NS(=O)(=O)c1ccc(-c2ccc(Cl)cc2)cc1)P(=O)(O)O,21.0,7.6777807052660805,active,1,21.0,21.0,1858008,CHEMBL918801,1
CHEMBL3770935,CHEMBL3770935,Cc1cc(C#N)ccc1N1CCN(S(=O)(=O)N2CSC[C@@H]2C(=O)NO)CC1,24000.0,4.619788758288394,inactive,1,24000.0,24000.0,16486092,CHEMBL3773751,0
CHEMBL377112,CHEMBL377112,O=C(O)C(CCN1C(=O)c2ccccc2C1=O)Sc1ccc(C#Cc2ccc(OC(F)(F)F)cc2)cc1,0.6,9.221848749616356,active,1,0.6,0.6,1726180,CHEMBL870165,1
CHEMBL377317,CHEMBL377317,CC#CCOc1ccc(S(=O)(=O)CC2(C(=O)NO)CCN(C(=O)c3ccncc3)CC2)cc1,191.0,6.718966632752272,active,1,191.0,191.0,1759334,CHEMBL866143,1
CHEMBL377700,CHEMBL377700,O=C(O)CC(Cc1ccc(F)cc1)C(=O)c1ccc(C#Cc2ccccc2)cc1,10030.0,4.998699066979582,inactive,1,10030.0,10030.0,1673498,CHEMBL863522,0
CHEMBL377862,CHEMBL377862,CC#CCOc1ccc(S(=O)(=O)CC2(C(=O)NO)CCN(C(=O)c3ccc(C)cc3)CC2)cc1,907.0,6.042392712939905,active,1,907.0,907.0,1759320,CHEMBL866143,1
CHEMBL378188,CHEMBL378188,COc1ccc(-c2cc(=O)c3c(O)cc(O)cc3o2)cc1-c1c(O)cc(O)c2c(=O)cc(-c3ccc(O)cc3)oc12,10330.0,4.985899678480379,inactive,1,10330.0,10330.0,18532959,CHEMBL4195647,0
CHEMBL378740,CHEMBL378740,CCCC(C(=O)O)S(=O)(=O)c1ccc(-c2ccc(Cl)cc2)cc1,10005.0,4.99978290702777,inactive,1,10005.0,10005.0,1726176,CHEMBL870165,0
CHEMBL378878,CHEMBL378878,O=C(O)C(CCN1C(=O)c2ccccc2C1=O)S(=O)(=O)c1ccc(-c2ccc(F)cc2)cc1,53.0,7.275724130399211,active,1,53.0,53.0,1726193,CHEMBL870165,1
CHEMBL379220,CHEMBL379220,CCc1ccc(C#Cc2ccc(SC(CCN3C(=O)c4ccccc4C3=O)C(=O)O)cc2)cc1,0.8,9.096910013008056,active,1,0.8,0.8,1726184,CHEMBL870165,1
CHEMBL3792842,CHEMBL3792842,CNC(=O)[C@H](Cc1c[nH]c2ccccc12)NC(=O)[C@@H](CC(=O)Nc1ccc(F)cc1N)CC(C)C,7.75,8.11069829749369,active,1,7.75,7.75,16549289,CHEMBL3796470,1
CHEMBL3792940,CHEMBL3792940,CNC(=O)[C@H](Cc1c[nH]c2ccccc12)NC(=O)[C@@H](CC(=O)Nc1cccc(N)c1)CC(C)C,13.52,7.869023308394382,active,1,13.52,13.52,16549307,CHEMBL3796470,1
CHEMBL3793480,CHEMBL3793480,CNC(=O)[C@H](Cc1c[nH]c2ccccc12)NC(=O)[C@@H](CC(=O)Nc1ccc(Br)cc1N)CC(C)C,27.32,7.563519304990505,active,1,27.32,27.32,16549301,CHEMBL3796470,1
CHEMBL3794512,CHEMBL3794512,CNC(=O)[C@H](Cc1c[nH]c2ccccc12)NC(=O)[C@@H](CC(=O)Nc1ccccc1NC(C)=O)CC(C)C,155.19,6.8091362668712545,active,1,155.19,155.19,16549304,CHEMBL3796470,1
CHEMBL379653,CHEMBL379653,CC(CCN1C(=O)c2ccccc2C1=O)(C(=O)O)S(=O)(=O)c1ccc(-c2ccc(Cl)cc2)cc1,114.0,6.943095148663527,active,1,114.0,114.0,1726200,CHEMBL870165,1
CHEMBL379763,CHEMBL379763,CC#CCOc1ccc(S(=O)(=O)CC2(C(=O)NO)CCN(S(=O)(=O)CCCC)CC2)cc1,19.0,7.721246399047171,active,1,19.0,19.0,1759286,CHEMBL866143,1
CHEMBL380049,CHEMBL380049,CC#CCOc1ccc(S(=O)(=O)CC2(C(=O)NO)CCN(C(C)=O)CC2)cc1,591.0,6.228412519118745,active,1,591.0,591.0,1759405,CHEMBL866143,1
CHEMBL381224,CHEMBL381224,CC#CCOc1ccc(S(=O)(=O)N2CCN(C(=O)c3cccs3)CC2C(=O)NO)cc1,251.0,6.600326278518962,active,2,251.0,251.0,1617469|1617992,CHEMBL881784,1
CHEMBL382227,CHEMBL382227,O=C(NO)C(CCN1C(=O)c2ccccc2C1=O)S(=O)(=O)c1ccc(-c2ccc(Cl)cc2)cc1,1.4,8.853871964321762,active,1,1.4,1.4,1726203,CHEMBL870165,1
CHEMBL3827073,CHEMBL3827073,O=C(CC[C@H](NS(=O)(=O)c1ccc(-c2ccccc2)cc1)C(=O)O)NCc1ccccc1,492.0,6.308034897232639,active,1,492.0,492.0,16654596,CHEMBL3830611,1
CHEMBL3827243,CHEMBL3827243,O=C(CC[C@H](NS(=O)(=O)c1ccc(-c2ccccc2)cc1)C(=O)O)NCc1ccccc1Cl,880.0,6.055517327849831,active,1,880.0,880.0,16654586,CHEMBL3830611,1
CHEMBL3827250,CHEMBL3827250,CCCCNC(=O)CC[C@H](NS(=O)(=O)c1ccc(-c2ccccc2)cc1)C(=O)O,714.9,6.145754702933882,active,1,714.9,714.9,16645642,CHEMBL3830611,1
CHEMBL3827306,CHEMBL3827306,CCCNC(=O)CC[C@H](NS(=O)(=O)c1ccc(-c2ccccc2)cc1)C(=O)O,11280.0,4.947690900352677,inactive,1,11280.0,11280.0,16654566,CHEMBL3830611,0
CHEMBL3827615,CHEMBL3827615,O=C(CC[C@H](NS(=O)(=O)c1ccc(-c2ccccc2)cc1)C(=O)O)NC1CCCCC1,636.0,6.196542884351587,active,1,636.0,636.0,16645637,CHEMBL3830611,1
CHEMBL3828088,CHEMBL3828088,CNC(=O)CC[C@H](NS(=O)(=O)c1ccc(-c2ccccc2)cc1)C(=O)O,38449.0,4.415114951054475,inactive,1,38449.0,38449.0,16654568,CHEMBL3830611,0
CHEMBL382975,CHEMBL382975,CC#CCOc1ccc(S(=O)(=O)N2CCSC(C)(C)C2C(=O)NO)cc1,12.0,7.920818753952375,active,2,12.0,12.0,1617496|1618017,CHEMBL881784,1
CHEMBL383193,CHEMBL383193,CC(C)c1ccc(-c2ccc(S(=O)(=O)C(CCN3C(=O)c4ccccc4C3=O)C(=O)O)cc2)cc1,1.6,8.795880017344075,active,1,1.6,1.6,1726194,CHEMBL870165,1
CHEMBL385312,CHEMBL385312,CC#CCOc1ccc(S(=O)(=O)C2(C(=O)NO)CCN(Cc3ccccc3)CC2)cc1,148.0,6.8297382846050425,active,1,148.0,148.0,1838075,CHEMBL919964,1
CHEMBL38851,CHEMBL38851,N#Cc1ccc(-c2ccc(OCCC(=O)NO)cc2)cc1,655.0,6.183758700008217,active,1,655.0,655.0,210778,CHEMBL714516,1
CHEMBL388982,CHEMBL388982,CCC(C)ON(C(C(=O)NO)C(C)C)S(=O)(=O)c1ccc(OC)cc1,286.0,6.543633966870956,active,1,286.0,286.0,1875580,CHEMBL904081,1
CHEMBL3889936,CHEMBL3889936,CC(C)C(CS(=O)(=O)c1ccc(-c2cccc(CNC(=O)c3nc4ccccc4c(=O)[nH]3)c2)cc1)N(O)C=O,5.3,8.275724130399212,active,1,5.3,5.3,16799636,CHEMBL3868403,1
CHEMBL3891386,CHEMBL3891386,CC(C)[C@H](C(=O)NO)N(CCNC(=O)c1cccc(C(=O)NCCN([C@@H](C(=O)NO)C(C)C)S(=O)(=O)c2ccc(-c3ccccc3)cc2)c1)S(=O)(=O)c1ccc(-c2ccccc2)cc1,5.5,8.259637310505756,active,1,5.5,5.5,16857895,CHEMBL3879735,1
CHEMBL3900422,CHEMBL3900422,CC(C)[C@H](C(=O)NO)N(CCNC(=O)c1ccccc1)S(=O)(=O)c1ccc(-c2ccccc2)cc1,2.5,8.602059991327963,active,1,2.5,2.5,16857893,CHEMBL3879735,1
CHEMBL3932562,CHEMBL3932562,CC(C)[C@H](NS(=O)(=O)c1ccc(-c2cccc(CNC(=O)c3nc4ccccc4c(=O)[nH]3)c2)cc1)C(=O)NO,4.7,8.327902142064282,active,1,4.7,4.7,16799622,CHEMBL3868403,1
CHEMBL3944931,CHEMBL3944931,CC(C)[C@H](C(=O)NO)N(CCNC(=O)c1cccc(C(=O)NCCN([C@@H](C(=O)N(C)C)C(C)C)S(=O)(=O)c2ccc(-c3ccccc3)cc2)c1)S(=O)(=O)c1ccc(-c2ccccc2)cc1,41.0,7.3872161432802645,active,1,41.0,41.0,16857897,CHEMBL3879735,1
CHEMBL3951740,CHEMBL3951740,CC(C)[C@H](C(=O)O)N(CCNC(=O)c1cccc(C(=O)NCCN([C@@H](C(=O)N(C)C)C(C)C)S(=O)(=O)c2ccc(-c3ccccc3)cc2)c1)S(=O)(=O)c1ccc(-c2ccccc2)cc1,34.0,7.468521082957745,active,1,34.0,34.0,16857896,CHEMBL3879735,1
CHEMBL3958969,CHEMBL3958969,O=C(NCc1cccc(OCCCS(=O)(=O)N2CCCCC2C(=O)NO)c1)c1nc2ccccc2c(=O)[nH]1,72.0,7.142667503568731,active,1,72.0,72.0,16799673,CHEMBL3868403,1
CHEMBL3960452,CHEMBL3960452,CC(C)[C@H](C(=O)O)N(CCNC(=O)c1cccc(C(=O)NCCN([C@@H](C(=O)O)C(C)C)S(=O)(=O)c2ccc(-c3ccccc3)cc2)c1)S(=O)(=O)c1ccc(-c2ccccc2)cc1,26.0,7.585026652029182,active,1,26.0,26.0,16857894,CHEMBL3879735,1
CHEMBL396296,CHEMBL396296,CN(Cc1cnc2nc(N)nc(N)c2n1)c1ccc(C(=O)N[C@@H](CCC(=O)N[C@@H](Cc2ccccc2)C(=O)NO)C(=O)O)cc1,15000.0,4.823908740944319,inactive,1,15000.0,15000.0,1940296,CHEMBL891304,0
CHEMBL3971135,CHEMBL3971135,CC(C)[C@H](NS(=O)(=O)c1ccc(-c2cccc(CNC(=O)c3nc4ccccc4c(=O)[nH]3)c2)cc1)C(=O)O,36.0,7.443697499232712,active,1,36.0,36.0,16799667,CHEMBL3868403,1
CHEMBL3971551,CHEMBL3971551,CC(C)[C@H](C(=O)O)N(CCNC(=O)c1ccccc1)S(=O)(=O)c1ccc(-c2ccccc2)cc1,510.0,6.292429823902063,active,1,510.0,510.0,16857892,CHEMBL3879735,1
CHEMBL40143,CHEMBL40143,CC1(C)NC(=O)N(C[C@@H](COc2ccc(-c3ccc(OC(F)(F)F)cc3)cc2)N(O)C=O)C1=O,120.0,6.920818753952375,active,1,120.0,120.0,1033606,CHEMBL712900,1
CHEMBL4088630,CHEMBL4088630,COc1ccc(S(=O)(=O)N2CCSC(C)(C)C2C(=O)NO)cc1,0.9,9.045757490560675,active,1,0.9,0.9,18168836,CHEMBL4037095,1
CHEMBL4097165,CHEMBL4097165,O=C1NC(=O)[C@](CNC(=O)c2cc3cc(C(F)(F)F)ccc3o2)(C2CC2)N1,19000.0,4.721246399047171,inactive,1,19000.0,19000.0,19402667,CHEMBL4425563,0
CHEMBL415482,CHEMBL415482,COc1ccc(S(=O)(=O)N2CCN(Cc3ccccc3)C(=O)C[C@@H]2C(=O)NO)cc1,1.0,9.0,active,1,1.0,1.0,892781,CHEMBL714520,1
CHEMBL416173,CHEMBL416173,CCCCC#CCOc1ccc(S(=O)(=O)N(C)c2c(C)cc(Br)cc2C(=O)NO)cc1,389.0,6.410050398674292,active,1,389.0,389.0,676063,CHEMBL715226,1
CHEMBL418737,CHEMBL418737,Cc1cc(Br)cc(C(=O)NO)c1N(C)S(=O)(=O)c1ccc(OCC#Cc2ccccc2)cc1,857.0,6.0670191780768015,active,1,857.0,857.0,352718,CHEMBL715218,1
CHEMBL4202778,CHEMBL4202778,Cc1ccccc1NC(=O)[C@@H](Cc1ccccc1)NC(=O)[C@]1(C)CCC[C@]2(C)c3cc(S(=O)(=O)N[C@H](Cc4ccccc4)C(=O)Nc4ccccc4C)c(C(C)C)cc3CC[C@@H]12,33600.0,4.473660722610156,inactive,1,33600.0,33600.0,18516839,CHEMBL4193097,0
CHEMBL4202989,CHEMBL4202989,CC(C)c1cc2c(cc1S(=O)(=O)O)[C@@]1(C)CCC[C@@](C)(C(=O)N[C@@H](Cc3ccccc3)C(=O)Nc3ccccc3Br)[C@@H]1CC2,82600.0,4.083019952679618,inactive,1,82600.0,82600.0,18516846,CHEMBL4193097,0
CHEMBL4203206,CHEMBL4203206,CC(C)c1cc2c(cc1S(=O)(=O)N[C@@H](Cc1ccccc1)C(=O)Nc1ccccc1F)[C@@]1(C)CCC[C@@](C)(C(=O)N[C@@H](Cc3ccccc3)C(=O)Nc3ccccc3F)[C@@H]1CC2,48300.0,4.316052869248487,inactive,1,48300.0,48300.0,18516836,CHEMBL4193097,0
CHEMBL4203717,CHEMBL4203717,COc1ccc(NC(=O)[C@@H](Cc2ccccc2)NC(=O)[C@]2(C)CCC[C@]3(C)c4cc(S(=O)(=O)N[C@H](Cc5ccccc5)C(=O)Nc5ccc(OC)cc5)c(C(C)C)cc4CC[C@@H]23)cc1,57800.0,4.2380721615794705,inactive,1,57800.0,57800.0,18516831,CHEMBL4193097,0
CHEMBL420657,CHEMBL420657,COc1ccc(S(=O)(=O)N2CC(C)(C)C([C@H](O)CSc3ccccc3)[C@@H]2C(=O)NO)cc1,0.9,9.045757490560675,active,1,0.9,0.9,754891,CHEMBL712562,1
CHEMBL4206592,CHEMBL4206592,O=C1OC(c2ccc(O)cc2)(c2ccc(O)cc2)c2c(-c3ccc(O)cc3)ccc(CO)c21,18320.0,4.737074530668169,inactive,1,18320.0,18320.0,18532951,CHEMBL4195647,0
CHEMBL4206821,CHEMBL4206821,CC(C)c1cc2c(cc1S(=O)(=O)O)[C@@]1(C)CCC[C@@](C)(C(=O)N[C@H](Cc3ccccc3)C(=O)Nc3ccccc3)[C@@H]1CC2,95900.0,4.018181392829336,inactive,1,95900.0,95900.0,18516843,CHEMBL4193097,0
CHEMBL4206886,CHEMBL4206886,CC(C)c1cc2c(cc1S(=O)(=O)N[C@H](Cc1ccccc1)C(=O)Nc1ccccc1)[C@@]1(C)CCC[C@@](C)(C(=O)N[C@H](Cc3ccccc3)C(=O)Nc3ccccc3)[C@@H]1CC2,53600.0,4.27083521030723,inactive,1,53600.0,53600.0,18516825,CHEMBL4193097,0
CHEMBL4206956,CHEMBL4206956,O=C(/C=C(\c1ccccc1)c1c(-c2ccc(O)cc2)cccc1-c1ccc(O)cc1)c1ccc(O)cc1,24690.0,4.6074789100680675,inactive,1,24690.0,24690.0,18532949,CHEMBL4195647,0
CHEMBL4207046,CHEMBL4207046,COc1ccc(-c2ccc(Sc3ccccc3CC(=O)NS(C)(=O)=O)cc2)cc1,18000.0,4.7447274948966935,inactive,1,18000.0,18000.0,18502913,CHEMBL4189734,0
CHEMBL4207542,CHEMBL4207542,Cc1ccc(NC(=O)[C@H](Cc2ccccc2)NC(=O)[C@]2(C)CCC[C@]3(C)c4cc(S(=O)(=O)N[C@@H](Cc5ccccc5)C(=O)Nc5ccc(C)cc5)c(C(C)C)cc4CC[C@@H]23)cc1,20900.0,4.679853713888946,inactive,1,20900.0,20900.0,18516834,CHEMBL4193097,0
CHEMBL4208646,CHEMBL4208646,COc1ccc(C2CC(=O)c3c(O)cc(O)cc3O2)cc1-c1c(O)cc(O)c2c(=O)cc(-c3ccc(O)cc3)oc12,29270.0,4.533577277566208,inactive,1,29270.0,29270.0,18532958,CHEMBL4195647,0
CHEMBL4210206,CHEMBL4210206,COc1ccc(-c2ccc(Sc3ccccc3CC(=O)NO)cc2)cc1,120.0,6.920818753952375,active,1,120.0,120.0,18502923,CHEMBL4189734,1
CHEMBL4210262,CHEMBL4210262,COc1ccc(NC(=O)[C@H](Cc2ccccc2)NC(=O)[C@]2(C)CCC[C@]3(C)c4cc(S(=O)(=O)O)c(C(C)C)cc4CC[C@@H]23)cc1,36300.0,4.440093374963888,inactive,1,36300.0,36300.0,18516849,CHEMBL4193097,0
CHEMBL4210975,CHEMBL4210975,COc1ccc(NC(=O)[C@H](Cc2ccccc2)NC(=O)[C@]2(C)CCC[C@]3(C)c4cc(S(=O)(=O)N[C@@H](Cc5ccccc5)C(=O)Nc5ccc(OC)cc5)c(C(C)C)cc4CC[C@@H]23)cc1,54600.0,4.262807357295263,inactive,1,54600.0,54600.0,18516832,CHEMBL4193097,0
CHEMBL4211189,CHEMBL4211189,CC(C)c1cc2c(cc1S(=O)(=O)O)[C@@]1(C)CCC[C@@](C)(C(=O)N[C@@H](Cc3ccccc3)C(=O)Nc3cccc(F)c3)[C@@H]1CC2,72600.0,4.139063379299906,inactive,1,72600.0,72600.0,18516841,CHEMBL4193097,0
CHEMBL4211258,CHEMBL4211258,COc1cccc(NC(=O)[C@@H](Cc2ccccc2)NC(=O)[C@]2(C)CCC[C@]3(C)c4cc(S(=O)(=O)N[C@H](Cc5ccccc5)C(=O)Nc5cccc(OC)c5)c(C(C)C)cc4CC[C@@H]23)c1,83400.0,4.078833949362261,inactive,1,83400.0,83400.0,18516827,CHEMBL4193097,0
CHEMBL4211480,CHEMBL4211480,O=C1OCc2ccc(-c3ccc(O)cc3)c(C(=O)c3ccc(O)cc3)c21,36010.0,4.443576878628715,inactive,1,36010.0,36010.0,18532950,CHEMBL4195647,0
CHEMBL4211708,CHEMBL4211708,COc1ccccc1NC(=O)[C@@H](Cc1ccccc1)NC(=O)[C@]1(C)CCC[C@]2(C)c3cc(S(=O)(=O)N[C@H](Cc4ccccc4)C(=O)Nc4ccccc4OC)c(C(C)C)cc3CC[C@@H]12,56200.0,4.250263684430939,inactive,1,56200.0,56200.0,18516837,CHEMBL4193097,0
CHEMBL4211771,CHEMBL4211771,CC(C)c1cc2c(cc1S(=O)(=O)N[C@@H](Cc1ccccc1)C(=O)Nc1cccc(Br)c1)[C@@]1(C)CCC[C@@](C)(C(=O)N[C@@H](Cc3ccccc3)C(=O)Nc3cccc(Br)c3)[C@@H]1CC2,93100.0,4.031050319018657,inactive,1,93100.0,93100.0,18516824,CHEMBL4193097,0
CHEMBL4212208,CHEMBL4212208,COc1ccc(-c2ccc(Sc3ccccc3CC(=O)NS(=O)(=O)C(F)(F)F)cc2)cc1,50000.0,4.301029995663981,inactive,1,50000.0,50000.0,18502911,CHEMBL4189734,0
CHEMBL4212449,CHEMBL4212449,CC(C)c1cc2c(cc1S(=O)(=O)N[C@H](Cc1ccccc1)C(=O)Nc1ccccc1F)[C@@]1(C)CCC[C@@](C)(C(=O)N[C@H](Cc3ccccc3)C(=O)Nc3ccccc3F)[C@@H]1CC2,66600.0,4.176525770829699,inactive,1,66600.0,66600.0,18516835,CHEMBL4193097,0
CHEMBL421295,CHEMBL421295,O=C(/C=C/c1ccc(O)c(O)c1)Nc1ccccc1O,5.28,8.277366077466187,active,1,5.28,5.28,12701964,CHEMBL2338836,1
CHEMBL4213048,CHEMBL4213048,COc1ccc(-c2cc(=O)c3c(O)cc(O)cc3o2)cc1-c1c(O)cc2c(c1O)C(=O)CC(c1ccc(O)cc1)O2,37360.0,4.427593132441944,inactive,1,37360.0,37360.0,18532956,CHEMBL4195647,0
CHEMBL4213804,CHEMBL4213804,Cc1cccc(NC(=O)[C@@H](Cc2ccccc2)NC(=O)[C@]2(C)CCC[C@]3(C)c4cc(S(=O)(=O)N[C@H](Cc5ccccc5)C(=O)Nc5cccc(C)c5)c(C(C)C)cc4CC[C@@H]23)c1,34800.0,4.458420756053419,inactive,1,34800.0,34800.0,18516829,CHEMBL4193097,0
CHEMBL4213983,CHEMBL4213983,COc1ccc(-c2ccc(S(=O)(=O)c3ccccc3C(CCC(=O)O)C(=O)O)cc2)cc1,14300.0,4.844663962534939,inactive,1,14300.0,14300.0,18502918,CHEMBL4189734,0
CHEMBL4214269,CHEMBL4214269,COc1ccc(-c2ccc(Sc3ccccc3CC(=O)O)cc2)cc1,830.0,6.080921907623926,active,1,830.0,830.0,18502921,CHEMBL4189734,1
CHEMBL4214436,CHEMBL4214436,COc1ccccc1NC(=O)[C@H](Cc1ccccc1)NC(=O)[C@]1(C)CCC[C@]2(C)c3cc(S(=O)(=O)N[C@@H](Cc4ccccc4)C(=O)Nc4ccccc4OC)c(C(C)C)cc3CC[C@@H]12,43900.0,4.357535479757878,inactive,1,43900.0,43900.0,18516838,CHEMBL4193097,0
CHEMBL4215930,CHEMBL4215930,Cc1ccc(NC(=O)[C@@H](Cc2ccccc2)NC(=O)[C@]2(C)CCC[C@]3(C)c4cc(S(=O)(=O)N[C@H](Cc5ccccc5)C(=O)Nc5ccc(C)cc5)c(C(C)C)cc4CC[C@@H]23)cc1,51600.0,4.287350298372789,inactive,1,51600.0,51600.0,18516833,CHEMBL4193097,0
CHEMBL4216008,CHEMBL4216008,COc1ccc(-c2ccc(S(=O)(=O)c3ccccc3CC(=O)NS(=O)(=O)C(F)(F)F)cc2)cc1,24500.0,4.610833915635467,inactive,1,24500.0,24500.0,18502910,CHEMBL4189734,0
CHEMBL4216154,CHEMBL4216154,Cc1ccccc1NC(=O)[C@H](Cc1ccccc1)NC(=O)[C@]1(C)CCC[C@]2(C)c3cc(S(=O)(=O)N[C@@H](Cc4ccccc4)C(=O)Nc4ccccc4C)c(C(C)C)cc3CC[C@@H]12,27400.0,4.562249437179612,inactive,1,27400.0,27400.0,18516840,CHEMBL4193097,0
CHEMBL4216220,CHEMBL4216220,CC(C)c1cc2c(cc1S(=O)(=O)N[C@@H](Cc1ccccc1)C(=O)Nc1ccccc1)[C@@]1(C)CCC[C@@](C)(C(=O)N[C@@H](Cc3ccccc3)C(=O)Nc3ccccc3)[C@@H]1CC2,24300.0,4.614393726401688,inactive,1,24300.0,24300.0,18516826,CHEMBL4193097,0
CHEMBL4216342,CHEMBL4216342,COc1ccc(C2CC(=O)c3c(O)cc(O)cc3O2)cc1-c1c(O)cc2c(c1O)C(=O)CC(c1ccc(O)cc1)O2,25430.0,4.594653639824291,inactive,1,25430.0,25430.0,18532955,CHEMBL4195647,0
CHEMBL421666,CHEMBL421666,O=C(Nc1ccc(-c2nc3ccccc3s2)cc1)c1ccccc1,42000.0,4.376750709602099,inactive,1,42000.0,42000.0,20655668,CHEMBL4617067,0
CHEMBL4218730,CHEMBL4218730,COc1cccc(NC(=O)[C@H](Cc2ccccc2)NC(=O)[C@]2(C)CCC[C@]3(C)c4cc(S(=O)(=O)N[C@@H](Cc5ccccc5)C(=O)Nc5cccc(OC)c5)c(C(C)C)cc4CC[C@@H]23)c1,51900.0,4.284832642151542,inactive,1,51900.0,51900.0,18516828,CHEMBL4193097,0
CHEMBL4238489,CHEMBL4238489,COc1ccc(/C=C/C(=O)N2C[C@@H](NC(=O)c3cccc4no[n+]([O-])c34)C[C@H]2C(=O)NO)cc1OC,524.0,6.280668713016274,active,1,524.0,524.0,18675489,CHEMBL4235587,1
CHEMBL4241167,CHEMBL4241167,O=C(N[C@H]1C[C@@H](C(=O)NO)N(S(=O)(=O)c2ccc(Oc3ccccc3)cc2)C1)c1cccc2no[n+]([O-])c12,242.0,6.616184634019569,active,1,242.0,242.0,18675491,CHEMBL4235587,1
CHEMBL4245382,CHEMBL4245382,O=C(N[C@H]1C[C@@H](C(=O)NO)N(S(=O)(=O)c2ccc(Oc3ccccc3)cc2)C1)c1ccc2no[n+]([O-])c2c1,162.0,6.790484985457369,active,1,162.0,162.0,18675492,CHEMBL4235587,1
CHEMBL4249544,CHEMBL4249544,COc1ccc(/C=C/C(=O)N2C[C@@H](NC(=O)c3ccc4no[n+]([O-])c4c3)C[C@H]2C(=O)NO)cc1OC,388.0,6.411168274405792,active,1,388.0,388.0,18675490,CHEMBL4235587,1
CHEMBL427616,CHEMBL427616,COc1ccc(S(=O)(=O)N2CC[C@H](C(=O)NO)N(S(=O)(=O)c3ccc(OC)cc3)CC2)cc1,0.5,9.301029995663981,active,1,0.5,0.5,865653,CHEMBL714520,1
CHEMBL4279699,CHEMBL4279699,CO[C@@H]1O[C@H](CNC(=S)NCCN([C@@H](C(=O)O)C(C)C)S(=O)(=O)c2ccc(-c3ccccc3)cc2)[C@@H](O)[C@H](O)[C@H]1O,520.0,6.2839966563652006,active,1,520.0,520.0,18758547,CHEMBL4265744,1
CHEMBL4282849,CHEMBL4282849,CC(=O)OC[C@H]1O[C@@H](NC(=S)NCCN([C@@H](C(=O)O)C(C)C)S(=O)(=O)c2ccc(-c3ccccc3)cc2)[C@H](OC(C)=O)[C@@H](OC(C)=O)[C@@H]1OC(C)=O,880.0,6.055517327849831,active,1,880.0,880.0,18758544,CHEMBL4265744,1
CHEMBL4285334,CHEMBL4285334,O=C(Nc1ccc(-c2nc3ccccc3[nH]2)cc1)c1ccccc1,16000.0,4.795880017344075,inactive,1,16000.0,16000.0,20655545,CHEMBL4617067,0
CHEMBL4286237,CHEMBL4286237,CO[C@@H]1O[C@H](CN([C@@H](C(=O)O)C(C)C)S(=O)(=O)c2ccc(-c3ccccc3)cc2)[C@@H](O)[C@H](O)[C@H]1NC(C)=O,890.0,6.050609993355087,active,1,890.0,890.0,18758542,CHEMBL4265744,1
CHEMBL4291027,CHEMBL4291027,CO[C@@H]1O[C@H](CNC(=S)NCCN([C@@H](C(=O)O)C(C)C)S(=O)(=O)c2ccc(-c3ccccc3)cc2)[C@@H](OC(C)=O)[C@H](OC(C)=O)[C@H]1OC(C)=O,32.0,7.494850021680094,active,1,32.0,32.0,18758546,CHEMBL4265744,1
CHEMBL4303669,CHEMBL4303669,O=P(O)(O)C(O)(Cn1ccnc1)P(=O)(O)O,52000.0,4.2839966563652006,inactive,1,52000.0,52000.0,13499932,CHEMBL2444632,0
CHEMBL431268,CHEMBL431268,CNC(=O)[C@H](Cc1ccccc1)NC(=O)[C@H](CC(C)C)NC(=O)C(S)CCc1ccccc1,50.0,7.301029995663981,active,1,50.0,50.0,897223,CHEMBL712041,1
CHEMBL434567,CHEMBL434567,COC(=O)N1CC2(CC2)C[C@H](C(=O)NO)[C@H]1C(=O)N1CC=C(c2ccccc2)CC1,428.0,6.368556230986828,active,1,428.0,428.0,1815874,CHEMBL911378,1
CHEMBL435690,CHEMBL435690,O=C1NC(=O)C(c2ccc(Oc3ccc(Br)cc3)cc2)(N2CCNCC2)C(=O)N1,2.0,8.698970004336019,active,1,2.0,2.0,1508138,CHEMBL832895,1
CHEMBL436324,CHEMBL436324,CC#CCOc1ccc(S(=O)(=O)N2CCNCC2C(=O)NO)cc1,14.0,7.853871964321762,active,2,14.0,14.0,1617454|1617977,CHEMBL881784,1
CHEMBL436326,CHEMBL436326,O=C1NC(=O)C(c2ccc(Oc3ccc(Br)cc3)cc2)(N2CCN(CCBr)CC2)C(=O)N1,26.0,7.585026652029182,active,1,26.0,26.0,1508131,CHEMBL832895,1
CHEMBL437017,CHEMBL437017,COc1ccc(S(=O)(=O)N2CN(Cc3ccccc3)C(=O)CC2C(=O)NO)cc1,6.8,8.167491087293763,active,1,6.8,6.8,25004576,CHEMBL5234258,1
CHEMBL438832,CHEMBL438832,O=C(O)C1=NN(c2ccc(S(=O)(=O)O)cc2)/C(=N\c2nc3ccccc3s2)C1,60100.0,4.221125527997261,inactive,1,60100.0,60100.0,1748554,CHEMBL871517,0
CHEMBL439944,CHEMBL439944,CNC(=O)[C@H](NC(=O)[C@H](CC(C)C)[C@@H](C)C(=O)NO)C(C)(C)C,2.4,8.619788758288394,active,1,2.4,2.4,632998,CHEMBL687546,1
CHEMBL440498,CHEMBL440498,O=C(NO)C1(CS(=O)(=O)c2ccc(Oc3ccc(Cl)cc3)cc2)CCOCC1,0.11,9.958607314841775,active,1,0.11,0.11,15114005,CHEMBL3373434,1
CHEMBL441662,CHEMBL441662,COc1ccc(S(=O)(=O)N2CCCCCSC(C)(C)[C@@H]2C(=O)NO)cc1,3.7,8.431798275933005,active,1,3.7,3.7,949771,CHEMBL710585,1
CHEMBL442057,CHEMBL442057,COc1ccc(S(=O)(=O)N(OC(C)C)C(C(=O)NO)C(C)C)cc1,370.0,6.431798275933005,active,1,370.0,370.0,1875581,CHEMBL904081,1
CHEMBL4436740,CHEMBL4436740,Cc1cnc([C@]2(CNC(=O)c3cc4cc(C(F)(F)F)ccc4o3)NC(=O)NC2=O)n1C,64000.0,4.1938200260161125,inactive,1,64000.0,64000.0,19402666,CHEMBL4425563,0
CHEMBL4442617,CHEMBL4442617,O=C(NCC[C@@H](NS(=O)(=O)c1ccc(-c2ccccc2)cc1)C(=O)NO)c1cccc(C(=O)NCC[C@@H](NS(=O)(=O)c2ccc(-c3ccccc3)cc2)C(=O)NO)c1,1.25,8.903089986991944,active,1,1.25,1.25,19117993,CHEMBL4372231,1
CHEMBL4444377,CHEMBL4444377,O=C(NO)[C@H]1CCCC1S(=O)(=O)c1ccc(C#Cc2ccccc2)cc1,0.91,9.040958607678906,active,1,0.91,0.91,19211374,CHEMBL4393186,1
CHEMBL4448558,CHEMBL4448558,O=C(Nc1ccc(S(=O)(=O)C2CCC[C@@H]2C(=O)NO)cc1)c1ccccc1,47.0,7.327902142064282,active,1,47.0,47.0,19211376,CHEMBL4393186,1
CHEMBL4450729,CHEMBL4450729,CCn1ccnc1[C@]1(CNC(=O)c2cc3cc(C(F)(F)F)ccc3o2)NC(=O)NC1=O,41000.0,4.3872161432802645,inactive,1,41000.0,41000.0,19402665,CHEMBL4425563,0
CHEMBL445971,CHEMBL445971,CS(=O)(=O)Nc1ccc(Oc2ccc(S(=O)(=O)CC3CS3)cc2)cc1,80.0,7.096910013008056,active,1,80.0,80.0,25029788,CHEMBL5241289,1
CHEMBL4461597,CHEMBL4461597,O=C(NO)[C@H]1CCCC1S(=O)(=O)c1ccc(-c2ccc(Cl)c(Cl)c2)cc1,0.76,9.119186407719209,active,1,0.76,0.76,19211375,CHEMBL4393186,1
CHEMBL4466038,CHEMBL4466038,O=C(CCCNC(=O)c1cccc(C(=O)NCCCC(=O)NCC[C@@H](NS(=O)(=O)c2ccc(-c3ccccc3)cc2)C(=O)NO)c1)NCC[C@@H](NS(=O)(=O)c1ccc(-c2ccccc2)cc1)C(=O)NO,8.7,8.060480747381382,active,1,8.7,8.7,19117992,CHEMBL4372231,1
CHEMBL446702,CHEMBL446702,Cc1ccc(-c2ccc(S(=O)(=O)C(CCN3C(=O)c4ccccc4C3=O)C(=O)O)cc2)cc1,4.9,8.309803919971486,active,1,4.9,4.9,1726196,CHEMBL870165,1
CHEMBL448246,CHEMBL448246,CCCCCCOc1ccc(C(CC(=O)O)C(N)=O)cc1,160.0,6.795880017344075,active,1,160.0,160.0,2506427,CHEMBL940662,1
CHEMBL45162,CHEMBL45162,COc1ccc(S(=O)(=O)N(CC(C)C)[C@@H](CCSCc2ccc(OCc3ccccc3)cc2)C(=O)NO)cc1,8.0,8.096910013008056,active,1,8.0,8.0,88211,CHEMBL712040,1
CHEMBL4517346,CHEMBL4517346,COc1ccccc1Nc1nc(-c2sc(NC(C)=O)nc2C)cs1,440.0,6.356547323513812,active,1,440.0,440.0,22396227,CHEMBL4668454,1
CHEMBL4518217,CHEMBL4518217,COc1ccc(-c2ccc(S(=O)(=O)N(CCNC(=O)c3cccc(C(=O)NCCN([C@H](CCN4C(=O)c5ccccc5C4=O)C(=O)NO)S(=O)(=O)c4ccc(-c5ccc(OC)cc5)cc4)c3)[C@H](CCN3C(=O)c4ccccc4C3=O)C(=O)NO)cc2)cc1,14.0,7.853871964321762,active,1,14.0,14.0,19117995,CHEMBL4372231,1
CHEMBL451902,CHEMBL451902,COc1ccc(-c2cc(=O)c3c(O)cc(O)cc3o2)cc1-c1c(O)cc2oc(-c3ccc(O)cc3)cc(=O)c2c1O,26080.0,4.583692412940118,inactive,1,26080.0,26080.0,18532953,CHEMBL4195647,0
CHEMBL452083,CHEMBL452083,CNC(=O)[C@H](Cc1ccccc1)NC(=O)[C@H](CC(=O)NO)CC(C)C,150.0,6.823908740944319,active,1,150.0,150.0,2234869,CHEMBL1007242,1
CHEMBL4522121,CHEMBL4522121,O=C(NCc1ccc(C(=O)Nc2ccc(S(=O)(=O)C3CCC[C@@H]3C(=O)NO)cc2)cc1)OCc1ccccc1,35.0,7.455931955649724,active,1,35.0,35.0,19211378,CHEMBL4393186,1
CHEMBL4531635,CHEMBL4531635,O=C(Nc1ccc(S(=O)(=O)C2CCC[C@@H]2C(=O)NO)cc1)OCc1ccccc1,520.0,6.2839966563652006,active,1,520.0,520.0,19211379,CHEMBL4393186,1
CHEMBL4535400,CHEMBL4535400,O=C(Nc1ccc(S(=O)(=O)C2CCC[C@@H]2C(=O)NO)cc1)c1ccc([N+](=O)[O-])cc1,0.122,9.913640169325252,active,1,0.122,0.122,19211377,CHEMBL4393186,1
CHEMBL45357,CHEMBL45357,CC[C@@H](C(=O)NO)N(CC(C)C)S(=O)(=O)c1ccc(OC)cc1,7.0,8.154901959985743,active,1,7.0,7.0,100134,CHEMBL712040,1
CHEMBL4580198,CHEMBL4580198,O=C(CCCCCNCc1cc(Cl)c2cccnc2c1O)Nc1ccccc1,660.0,6.180456064458131,active,1,660.0,660.0,19277559,CHEMBL4408359,1
CHEMBL4584813,CHEMBL4584813,COc1ccc(-c2ccc(S(=O)(=O)N(CCNC(=O)CCCNC(=O)c3cccc(C(=O)NCCCC(=O)NCCN([C@H](CCN4C(=O)c5ccccc5C4=O)C(=O)NO)S(=O)(=O)c4ccc(-c5ccc(OC)cc5)cc4)c3)[C@H](CCN3C(=O)c4ccccc4C3=O)C(=O)NO)cc2)cc1,2.1,8.67778070526608,active,1,2.1,2.1,19117994,CHEMBL4372231,1
CHEMBL4585243,CHEMBL4585243,O=C(O)[C@H]1[C@H](Cn2nnc3ccccc3c2=O)CC[C@@H]1C(=O)c1ccc(OCCC2CCOCC2)cc1,460.0,6.337242168318426,active,1,460.0,460.0,24956826,CHEMBL5213672,1
CHEMBL4585478,CHEMBL4585478,COc1ccc(S(=O)(=O)C2CCC[C@@H]2C(=O)NO)cc1,22.0,7.657577319177793,active,1,22.0,22.0,19211373,CHEMBL4393186,1
CHEMBL458649,CHEMBL458649,CC(C)CC(C(=O)N(C)C(Cc1ccccc1)C(=O)O)C(CSc1ccccc1)C(=O)NO,14.4,7.84163750790475,active,1,14.4,14.4,25004570,CHEMBL5234258,1
CHEMBL4589438,CHEMBL4589438,CCn1ccnc1[C@]1(CNC(=O)c2cc3cc(Cl)ccc3o2)NC(=O)NC1=O,14000.0,4.853871964321762,inactive,1,14000.0,14000.0,19402663,CHEMBL4425563,0
CHEMBL4632444,CHEMBL4632444,O=C(CCc1ccccc1)Nc1cccc(-c2nc3ccccc3[nH]2)c1,68000.0,4.167491087293763,inactive,1,68000.0,68000.0,20655535,CHEMBL4617067,0
CHEMBL4632565,CHEMBL4632565,Cc1ccc2nc(-c3cccc(NC(=O)CCc4ccccc4)c3)[nH]c2c1,27495.0,4.560746275982102,inactive,2,26600.0,28390.0,20655489|29278251,CHEMBL4617067|CHEMBL6155579,0
CHEMBL4633293,CHEMBL4633293,COc1ccc(CC2(CCCCCCC(F)CF)C(=O)NC(=O)NC2=O)cc1,47.0,7.327902142064282,active,1,47.0,47.0,20610480,CHEMBL4606148,1
CHEMBL4633399,CHEMBL4633399,O=C(CCc1ccccc1)Nc1cccc(-c2nc3ccc(Br)cc3[nH]2)c1,14500.0,4.838631997765025,inactive,1,14500.0,14500.0,20655538,CHEMBL4617067,0
CHEMBL4635076,CHEMBL4635076,O=[N+]([O-])c1ccc(-c2nc3ccc(Br)cc3[nH]2)cc1,10000.0,5.0,inactive,1,10000.0,10000.0,20655623,CHEMBL4617067,0
CHEMBL4635438,CHEMBL4635438,COC(=O)c1ccc(-c2nc3ccc(Br)cc3[nH]2)cc1,20700.0,4.684029654543083,inactive,1,20700.0,20700.0,20655620,CHEMBL4617067,0
CHEMBL4636104,CHEMBL4636104,Cc1ccc2nc(-c3cccc(C(=O)NCCc4ccccc4)c3)[nH]c2c1,37700.0,4.423658649794207,inactive,1,37700.0,37700.0,20655534,CHEMBL4617067,0
CHEMBL4636483,CHEMBL4636483,Cc1ccc2nc(-c3ccc(NC(=O)c4ccccc4)cc3)[nH]c2c1,28400.0,4.546681659952962,inactive,1,28400.0,28400.0,20655548,CHEMBL4617067,0
CHEMBL4637645,CHEMBL4637645,O=C1NC(=O)C(CCCCCCCC(F)CF)(Cc2ccccc2)C(=O)N1,60.0,7.221848749616356,active,1,60.0,60.0,20610473,CHEMBL4606148,1
CHEMBL4637824,CHEMBL4637824,O=C(CCc1ccccc1)Nc1ccc(-c2nc3ccc(Br)cc3[nH]2)cc1,11500.0,4.939302159646388,inactive,1,11500.0,11500.0,20655553,CHEMBL4617067,0
CHEMBL4638748,CHEMBL4638748,Cc1cccc2nc(-c3cccc(NC(=O)CCc4ccccc4)c3)[nH]c12,60000.0,4.221848749616356,inactive,1,60000.0,60000.0,20655536,CHEMBL4617067,0
CHEMBL4639311,CHEMBL4639311,Cc1ccc2nc(-c3ccc(NC(=O)c4cccc([N+](=O)[O-])c4)cc3)[nH]c2c1,14500.0,4.838631997765025,inactive,1,14500.0,14500.0,20655550,CHEMBL4617067,0
CHEMBL4639945,CHEMBL4639945,O=C(CCCc1ccccc1)Nc1ccc(-c2nc3ccc(Br)cc3[nH]2)cc1,58000.0,4.236572006437063,inactive,1,58000.0,58000.0,20655543,CHEMBL4617067,0
CHEMBL4640215,CHEMBL4640215,Cc1ccc2oc(-c3ccc(NC(=O)c4ccc([N+](=O)[O-])cc4)cc3)nc2c1,20000.0,4.698970004336019,inactive,1,20000.0,20000.0,20655671,CHEMBL4617067,0
CHEMBL4640244,CHEMBL4640244,O=C(CCCc1ccccc1)Nc1cccc(-c2nc3ccccc3[nH]2)c1,43000.0,4.366531544420414,inactive,1,43000.0,43000.0,20655541,CHEMBL4617067,0
CHEMBL4640667,CHEMBL4640667,O=C(Nc1ccc(-c2nc3ccc(Br)cc3[nH]2)cc1)c1ccccc1,32000.0,4.494850021680094,inactive,1,32000.0,32000.0,20655552,CHEMBL4617067,0
CHEMBL4640970,CHEMBL4640970,Cc1ccc2nc(-c3ccc(NC(=O)CCc4ccccc4)cc3)[nH]c2c1,60000.0,4.221848749616356,inactive,1,60000.0,60000.0,20655547,CHEMBL4617067,0
CHEMBL4642399,CHEMBL4642399,Cc1ccc2nc(-c3ccc([N+](=O)[O-])cc3)[nH]c2c1,22000.0,4.657577319177793,inactive,1,22000.0,22000.0,20655625,CHEMBL4617067,0
CHEMBL4643048,CHEMBL4643048,COc1ccc(CC2(CCCCCCCC(F)CF)C(=O)NC(=O)NC2=O)cc1,26.0,7.585026652029182,active,1,26.0,26.0,20610479,CHEMBL4606148,1
CHEMBL4643922,CHEMBL4643922,O=C(Nc1ccc(-c2nc3ccccc3[nH]2)cc1)c1ccc(Br)cc1,41000.0,4.3872161432802645,inactive,1,41000.0,41000.0,20655546,CHEMBL4617067,0
CHEMBL4644146,CHEMBL4644146,Cc1cccc2nc(-c3cccc(NC(=O)CCCc4ccccc4)c3)[nH]c12,38600.0,4.413412695328245,inactive,1,38600.0,38600.0,20655537,CHEMBL4617067,0
CHEMBL4645291,CHEMBL4645291,Cc1ccc2nc(-c3cccc([N+](=O)[O-])c3)[nH]c2c1,36600.0,4.436518914605589,inactive,1,36600.0,36600.0,20655626,CHEMBL4617067,0
CHEMBL4646265,CHEMBL4646265,Nc1ccc(-c2nc3ccc(Br)cc3[nH]2)cc1,21700.0,4.663540266151471,inactive,1,21700.0,21700.0,20655622,CHEMBL4617067,0
CHEMBL4646530,CHEMBL4646530,O=[N+]([O-])c1ccc(-c2nc3ccccc3[nH]2)o1,32000.0,4.494850021680094,inactive,1,32000.0,32000.0,20655630,CHEMBL4617067,0
CHEMBL4647123,CHEMBL4647123,Cc1ccc2nc(-c3ccc(NC(=O)c4ccc([N+](=O)[O-])cc4)cc3)[nH]c2c1,10700.0,4.97061622231479,inactive,1,10700.0,10700.0,20655549,CHEMBL4617067,0
CHEMBL4647266,CHEMBL4647266,O=C(CCc1ccccc1)Nc1ccc(-c2nc3ccccc3[nH]2)cc1,29000.0,4.5376020021010435,inactive,1,29000.0,29000.0,20655544,CHEMBL4617067,0
CHEMBL4647857,CHEMBL4647857,O=C(O)c1ccc(-c2nc3ccc(Br)cc3[nH]2)cc1,27000.0,4.568636235841013,inactive,1,27000.0,27000.0,20655621,CHEMBL4617067,0
CHEMBL4648156,CHEMBL4648156,Cc1ccc2nc(-c3ccc([N+](=O)[O-])cc3)oc2c1,18000.0,4.7447274948966935,inactive,1,18000.0,18000.0,20655669,CHEMBL4617067,0
CHEMBL464825,CHEMBL464825,O=c1c2cc(O)c(O)cc2oc2cc(O)c([C@@H]3O[C@H](CO)[C@@H](O)[C@H](O)[C@H]3O)c(O)c12,250.0,6.6020599913279625,active,1,250.0,250.0,24786188,CHEMBL5130776,1
CHEMBL4648603,CHEMBL4648603,O=C1NC(=O)C(CCCCCCC(F)CF)(Cc2ccccc2)C(=O)N1,123.0,6.910094888560602,active,1,123.0,123.0,20610474,CHEMBL4606148,1
CHEMBL472915,CHEMBL472915,COc1ccc(/C=C/C(=O)N2C[C@@H](NC(=O)c3cccnc3)C[C@H]2C(=O)NO)cc1OC,360.0,6.443697499232712,active,1,360.0,360.0,18675488,CHEMBL4235587,1
CHEMBL473361,CHEMBL473361,O=[N+]([O-])c1ccc(-c2nc3ccccc3[nH]2)cc1,56500.0,4.247951552180561,inactive,1,56500.0,56500.0,20655627,CHEMBL4617067,0
CHEMBL473539,CHEMBL473539,CC1(C)SCCN(S(=O)(=O)c2ccc(Oc3ccccc3)cc2)[C@H]1C(=O)NO,0.26,9.585026652029182,active,1,0.26,0.26,24745137,CHEMBL5118949,1
CHEMBL4741120,CHEMBL4741120,COc1ccc(S(=O)(=O)N2C[C@H](NC(=O)CCCNC(=O)OC(C)(C)C)C[C@@H]2C(=O)NO)cc1,49.0,7.309803919971486,active,1,49.0,49.0,22400639,CHEMBL4669491,1
CHEMBL4741270,CHEMBL4741270,O=c1[nH]c2ccccc2c2cc(-c3ccccc3)cc(Nc3ccccc3)c12,54000.0,4.267606240177032,inactive,1,54000.0,54000.0,22916100,CHEMBL4735574,0
CHEMBL4747482,CHEMBL4747482,Cc1ccc(-c2cc(Nc3ccccc3)c3c(=O)[nH]c4ccccc4c3c2)cc1,37500.0,4.425968732272281,inactive,1,37500.0,37500.0,22916105,CHEMBL4735574,0
CHEMBL4750308,CHEMBL4750308,COc1ccc(S(=O)(=O)N2CCC[C@@H]2C(=O)NO)cc1,22.0,7.657577319177793,active,1,22.0,22.0,22400647,CHEMBL4669491,1
CHEMBL4751596,CHEMBL4751596,Cc1cc(C)cc(Nc2cc(-c3ccco3)cc3c2c(=O)[nH]c2ccccc23)c1,86000.0,4.0655015487564325,inactive,1,86000.0,86000.0,22916117,CHEMBL4735574,0
CHEMBL4752635,CHEMBL4752635,COc1ccc(S(=O)(=O)N2C[C@H](NC(=O)[C@@H](N)CCCCN)C[C@@H]2C(=O)NO)cc1,5.7,8.244125144327509,active,1,5.7,5.7,22400646,CHEMBL4669491,1
CHEMBL4753407,CHEMBL4753407,COc1ccc(S(=O)(=O)N2C[C@H](NC(=O)[C@H](CCCCN)NC(=O)OC(C)(C)C)C[C@@H]2C(=O)NO)cc1,27.0,7.568636235841012,active,1,27.0,27.0,22400641,CHEMBL4669491,1
CHEMBL4753504,CHEMBL4753504,COc1ccc(Nc2cc(-c3ccccc3)cc3c2c(=O)[nH]c2c(OC)c(OC)ccc23)cc1,20500.0,4.688246138944246,inactive,1,20500.0,20500.0,22916107,CHEMBL4735574,0
CHEMBL475540,CHEMBL475540,O=C(O)CCC(NS(=O)(=O)c1ccc(-c2ccccc2)cc1)C(=O)O,14000.0,4.853871964321762,inactive,1,14000.0,14000.0,2506428,CHEMBL940662,0
CHEMBL4756447,CHEMBL4756447,COc1ccc(Nc2cc(-c3ccccc3)cc3c2c(=O)[nH]c2ccccc23)cc1,22000.0,4.657577319177793,inactive,1,22000.0,22000.0,22916101,CHEMBL4735574,0
CHEMBL4756766,CHEMBL4756766,COc1ccc(S(=O)(=O)N2C[C@H](NC(=O)CCCN)C[C@@H]2C(=O)NO)cc1,53.0,7.275724130399211,active,1,53.0,53.0,22400644,CHEMBL4669491,1
CHEMBL4757741,CHEMBL4757741,COc1ccc(-c2cc(Nc3ccccc3)c3c(=O)[nH]c4ccccc4c3c2)cc1,32000.0,4.494850021680094,inactive,1,32000.0,32000.0,22916106,CHEMBL4735574,0
CHEMBL4758787,CHEMBL4758787,O=c1[nH]c2ccccc2c2cc(-c3cccs3)cc(Nc3ccccc3)c12,16100.0,4.79317412396815,inactive,1,16100.0,16100.0,22916113,CHEMBL4735574,0
CHEMBL4765192,CHEMBL4765192,COc1ccc(S(=O)(=O)N2C[C@H](NC(=O)[C@@H](N)CCCN)C[C@@H]2C(=O)NO)cc1,154.0,6.8124792791635365,active,1,154.0,154.0,22400645,CHEMBL4669491,1
CHEMBL47728,CHEMBL47728,CSCC[C@@H](C(=O)NO)N(CC(C)C)S(=O)(=O)c1ccc(-c2ccccc2)cc1,0.2,9.698970004336019,active,1,0.2,0.2,91195,CHEMBL712040,1
CHEMBL4777311,CHEMBL4777311,O=c1[nH]c2ccccc2c2cc(-c3ccccc3)cc(Nc3ccc(F)cc3)c12,99000.0,4.00436480540245,inactive,1,99000.0,99000.0,22916103,CHEMBL4735574,0
CHEMBL477841,CHEMBL477841,O=[N+]([O-])c1ccc(-c2nc3ccccc3s2)cc1,11500.0,4.939302159646388,inactive,1,11500.0,11500.0,20655666,CHEMBL4617067,0
CHEMBL4780030,CHEMBL4780030,O=C(Nc1ccc([N+](=O)[O-])cc1)C(c1ccccc1)N(Cc1ccccc1)C(=O)Cc1ccccc1,5.56,8.254925208417943,active,1,5.56,5.56,22457495,CHEMBL4682410,1
CHEMBL4780220,CHEMBL4780220,CCCCCC(=O)N1CC(F)(F)C[C@@H]1C(=O)N(C)[C@H](C(=O)N[C@@H](CCNC(=O)c1ccccc1)C(=O)NO)[C@@H](C)CC,310.0,6.508638306165727,active,1,310.0,310.0,22396224,CHEMBL4668451,1
CHEMBL4780502,CHEMBL4780502,CN(C)c1ccc(Nc2cc(-c3ccccc3)cc3c2c(=O)[nH]c2ccccc23)cc1,88000.0,4.055517327849832,inactive,1,88000.0,88000.0,22916102,CHEMBL4735574,0
CHEMBL4781893,CHEMBL4781893,O=c1[nH]c2ccccc2c2cc(-c3cccs3)cc(Nc3ccc(F)cc3)c12,20100.0,4.696803942579511,inactive,1,20100.0,20100.0,22916115,CHEMBL4735574,0
CHEMBL4788683,CHEMBL4788683,O=C(Nc1ccc([N+](=O)[O-])cc1)C(c1ccc([N+](=O)[O-])cc1)N(C(=O)c1ccc(C(F)(F)F)cc1)c1ccccc1,7.46,8.127261172527332,active,1,7.46,7.46,22457494,CHEMBL4682410,1
CHEMBL4789542,CHEMBL4789542,COc1ccc([S+]([O-])N2C[C@H](NC(=O)C(C)(C)C)C[C@@H]2C(=O)NO)cc1,13.0,7.886056647693163,active,1,13.0,13.0,22400642,CHEMBL4669491,1
CHEMBL4790362,CHEMBL4790362,CCCC[C@H](N)C(=O)N[C@@H]1C[C@H](C(=O)NO)N(S(=O)(=O)c2ccc(OC)cc2)C1,98.0,7.008773924307505,active,1,98.0,98.0,22400643,CHEMBL4669491,1
CHEMBL4791180,CHEMBL4791180,CCCC[C@H](NC(=O)OC(C)(C)C)C(=O)N[C@@H]1C[C@H](C(=O)NO)N(S(=O)(=O)c2ccc(OC)cc2)C1,131.0,6.882728704344236,active,1,131.0,131.0,22400638,CHEMBL4669491,1
CHEMBL4792262,CHEMBL4792262,O=C(Nc1ccc([N+](=O)[O-])cc1)C(c1ccccc1)N(C(=O)c1ccccc1I)c1ccccc1,4.49,8.347753658996677,active,1,4.49,4.49,22457493,CHEMBL4682410,1
CHEMBL4794200,CHEMBL4794200,CCCCNc1cc(-c2ccccc2)cc2c1c(=O)[nH]c1ccccc12,99500.0,4.002176919254275,inactive,1,99500.0,99500.0,22916099,CHEMBL4735574,0
CHEMBL4800543,CHEMBL4800543,Nc1ccc(-c2cc(Nc3ccccc3)c3c(=O)[nH]c4ccccc4c3c2)cc1,28000.0,4.552841968657781,inactive,1,28000.0,28000.0,22916104,CHEMBL4735574,0
CHEMBL481599,CHEMBL481599,COc1cc(/C=C/c2cc(C)[nH]n2)ccc1O,17600.0,4.7544873321858505,inactive,1,17600.0,17600.0,2498754,CHEMBL982420,0
CHEMBL483857,CHEMBL483857,O=S(=O)(CC1CS1)c1ccc(Oc2ccccc2)cc1,400.0,6.3979400086720375,active,1,400.0,400.0,24972835,CHEMBL5223591,1
CHEMBL4852596,CHEMBL4852596,O=C(Cn1c(=O)c(Cc2ccccc2)nc2ccccc21)NNC(=S)Nc1ccccc1,8.407,8.075358952582837,active,1,8.407,8.407,23231068,CHEMBL4826790,1
CHEMBL4854379,CHEMBL4854379,CNC(=O)C(Cc1ccccc1)NC(=O)C(CC(C)C)SC1CCCC1S,0.57,9.244125144327509,active,1,0.57,0.57,23231073,CHEMBL4826790,1
CHEMBL485492,CHEMBL485492,CC(=O)Nc1ccc(Oc2ccc(S(=O)(=O)CC3CS3)cc2)cc1,529.1,6.276462238467943,active,1,529.1,529.1,15725049,CHEMBL3619579,1
CHEMBL4862110,CHEMBL4862110,CCOC(=O)NNC(=O)Cn1c(=O)c(Cc2ccccc2)nc2ccccc21,4.502,8.3465945093355,active,1,4.502,4.502,23231069,CHEMBL4826790,1
CHEMBL4869361,CHEMBL4869361,[2H]C([2H])(NC(=O)c1cc(C(=O)NCc2ccc(F)c(C)c2)ncn1)c1ccc(C(=O)O)cc1,74000.0,4.130768280269024,inactive,1,74000.0,74000.0,23240133,CHEMBL4829056,0
CHEMBL4871376,CHEMBL4871376,NC(=S)NNC(=O)Cn1c(=O)c(Cc2ccccc2)nc2ccccc21,5.074,8.294649537114289,active,1,5.074,5.074,23231067,CHEMBL4826790,1
CHEMBL4872688,CHEMBL4872688,CC(C)c1ccc(-n2nnc(-c3ccc(S(=O)(=O)NCC(=O)O)cc3)n2)cc1,110.0,6.958607314841775,active,1,110.0,110.0,23231074,CHEMBL4826790,1
CHEMBL4878125,CHEMBL4878125,O=c1c(Cc2ccccc2)nc2ccccc2n1CC(O)CO,9.301,8.03147035562516,active,1,9.301,9.301,23231070,CHEMBL4826790,1
CHEMBL488617,CHEMBL488617,CNC(=O)[C@H](Cc1c[nH]c2ccccc12)NC(=O)[C@@H](CC(=O)NNS(=O)(=O)c1ccc2ccccc2c1)CC(C)C,11.0,7.958607314841775,active,1,11.0,11.0,2588652,CHEMBL963052,1
CHEMBL489100,CHEMBL489100,Cc1cc(COc2ccc([C@]3(N)CCN([C@H](CC(C)C)C(=O)NO)C3=O)cc2)c2ccccc2n1,389.0,6.410050398674292,active,1,389.0,389.0,14532926,CHEMBL3222377,1
CHEMBL495831,CHEMBL495831,Cc1cc(COc2ccc(S(=O)(=O)C3(C(=O)NO)CCN(C=O)CC3)cc2)c2ccccc2n1,12000.0,4.920818753952375,inactive,1,12000.0,12000.0,2630914,CHEMBL1008311,0
CHEMBL496628,CHEMBL496628,O=C(NO)[C@H]1C[C@@H](CC(=O)N2CCCCC2)CC[C@@H]1C(=O)N1CCN(c2ccccc2)CC1,683.0,6.165579296318468,active,1,683.0,683.0,2625842,CHEMBL1008373,1
CHEMBL498915,CHEMBL498915,CNC(=O)[C@H](Cc1c[nH]c2ccccc12)NC(=O)[C@@H](CC(=O)NNS(=O)(=O)c1ccc(N2C(=O)CCC2=O)cc1)CC(C)C,8.5,8.070581074285707,active,1,8.5,8.5,2588653,CHEMBL963052,1
CHEMBL50,CHEMBL50,O=c1c(O)c(-c2ccc(O)c(O)c2)oc2cc(O)cc(O)c12,891.9,6.0496838360754,active,2,173.8,1610.0,10950053|23231071,CHEMBL2051215|CHEMBL4826790,1
CHEMBL500586,CHEMBL500586,COc1ccc(/C=C/C(=O)O[C@H](C(=O)O)[C@](O)(Cc2ccc(O)c(O)c2)C(=O)O)cc1O,13400.0,4.872895201635193,inactive,1,13400.0,13400.0,19051800,CHEMBL4355034,0
CHEMBL501715,CHEMBL501715,CNC(=O)[C@H](Cc1ccccc1)NC(=O)[C@H](CC(C)C)NC(=O)NO,20000.0,4.698970004336019,inactive,1,20000.0,20000.0,2234851,CHEMBL1007242,0
CHEMBL502674,CHEMBL502674,CNC(=O)[C@H](Cc1c(-c2ccccc2)[nH]c2ccccc12)NC(=O)[C@@H](CC(=O)NNS(=O)(=O)c1ccc(-c2ccc(Br)cc2)cc1)CC(C)C,18.0,7.7447274948966935,active,1,18.0,18.0,2588659,CHEMBL963052,1
CHEMBL504873,CHEMBL504873,C[C@@H]1O[C@@H](O[C@@H]2[C@@H](O)[C@H](OCCc3ccc(O)c(O)c3)O[C@H](COC(=O)/C=C/c3ccc(O)c(O)c3)[C@H]2O)[C@H](O)[C@H](O)[C@H]1O,14280.0,4.845271792559845,inactive,1,14280.0,14280.0,10950052,CHEMBL2051215,0
CHEMBL508335,CHEMBL508335,CNC(=O)[C@H](Cc1c[nH]c2ccccc12)NC(=O)[C@@H](CC(=O)NNS(=O)(=O)c1ccc(-c2ccc(Br)cc2)cc1)CC(C)C,3.0,8.522878745280337,active,1,3.0,3.0,2588654,CHEMBL963052,1
CHEMBL509270,CHEMBL509270,CCCCCC/C=C(\CC(=O)NNS(=O)(=O)c1ccc(-c2ccc(Br)cc2)cc1)C(=O)N[C@@H](Cc1c(-c2ccccc2)[nH]c2ccccc12)C(=O)NC,732.0,6.135488918941608,active,1,732.0,732.0,2588657,CHEMBL963052,1
CHEMBL509346,CHEMBL509346,CNC(=O)[C@H](Cc1c(-c2ccccc2)[nH]c2ccccc12)NC(=O)/C(=C/CCc1ccccc1)CC(=O)NNS(=O)(=O)c1ccc(-c2ccc(Br)cc2)cc1,827.0,6.082494490447454,active,1,827.0,827.0,2588658,CHEMBL963052,1
CHEMBL5172839,CHEMBL5172839,O=C(CS(=O)(=O)c1ccc(-c2ccccc2)cc1)NO,140.0,6.853871964321762,active,1,140.0,140.0,24745149,CHEMBL5118949,1
CHEMBL5174280,CHEMBL5174280,O=C(CCC(NS(=O)(=O)c1ccc(-c2ccccc2)cc1)C(=O)O)NCc1ccccc1,0.704,9.152427340857887,active,1,0.704,0.704,24745154,CHEMBL5118949,1
CHEMBL5175662,CHEMBL5175662,CNC(=O)[C@@H](NC(=O)[C@H](CC(C)C)NC(=O)[C@H](S)CCN1C(=O)N(C)C(C)(C)C1=O)C(C)(C)C,25.0,7.6020599913279625,active,1,25.0,25.0,24745144,CHEMBL5118949,1
CHEMBL5176328,CHEMBL5176328,CN(C)c1ccc(-c2cn(-c3ccc(S(=O)(=O)C4(C(=O)NO)CCOCC4)cc3)nn2)cc1,43.9,7.357535479757878,active,1,43.9,43.9,24745213,CHEMBL5118956,1
CHEMBL5177819,CHEMBL5177819,CC(C)ON([C@@H](CCNC(=O)OCc1ccccc1)C(=O)NO)S(=O)(=O)c1ccc(-c2ccccc2)cc1,16.0,7.795880017344075,active,1,16.0,16.0,24745148,CHEMBL5118949,1
CHEMBL5182207,CHEMBL5182207,CC[C@H](C)[C@@H](C(=O)N1CCC[C@H]1CC(N)=O)N(C)C(=O)[C@H](CC(C)C)NC(=O)[C@H](C)NC(=O)[C@H](CC(=O)O)NC(=O)[C@H](CC(N)=O)NC(=O)CCCNS(=O)(=O)c1ccc(Oc2ccccc2)cc1,181.0,6.7423214251308154,active,1,181.0,181.0,24930078,CHEMBL5168846,1
CHEMBL5182668,CHEMBL5182668,O=C(NO)C(Cc1ccccc1)NS(=O)(=O)c1ccc(-c2cn(-c3ccc(-c4ccccc4)cc3)nn2)cc1,5.54,8.25649023527157,active,1,5.54,5.54,24745217,CHEMBL5118956,1
CHEMBL5187653,CHEMBL5187653,C=CC[C@H](C(=O)NO)C(CC(C)C)C(=O)N[C@@H](Cc1ccccc1)C(=O)NC,3.0,8.522878745280337,active,1,3.0,3.0,24745139,CHEMBL5118949,1
CHEMBL5194517,CHEMBL5194517,O=C(NCCCCC(NS(=O)(=O)c1ccc(-c2ccc(Cl)cc2)cc1)C(=O)O)OCc1ccccc1,800.0,6.096910013008056,active,1,800.0,800.0,24745229,CHEMBL5118965,1
CHEMBL5196672,CHEMBL5196672,NC1CCCCC1NC(=O)P(=O)(O)O,20.0,7.698970004336019,active,1,20.0,20.0,24745247,CHEMBL5118970,1
CHEMBL5198463,CHEMBL5198463,O=C(NO)C1(S(=O)(=O)c2ccc(-n3cc(-c4ccc(-c5ccccc5)cc4)nn3)cc2)CCOCC1,98.0,7.008773924307505,active,1,98.0,98.0,24745214,CHEMBL5118956,1
CHEMBL5199189,CHEMBL5199189,COc1ccc(-c2cn(-c3ccc(S(=O)(=O)C4(C(=O)NO)CCOCC4)cc3)nn2)cc1,11.3,7.94692155651658,active,1,11.3,11.3,24745215,CHEMBL5118956,1
CHEMBL5205063,CHEMBL5205063,CNC(=O)[C@@H](CC(=O)[C@H](CC(C)C)[C@H](CSc1cccs1)C(=O)NO)Cc1ccccc1,1.0,9.0,active,1,1.0,1.0,24745136,CHEMBL5118949,1
CHEMBL5205118,CHEMBL5205118,NCCCCC(NS(=O)(=O)c1ccc(-c2ccccc2)cc1)C(=O)O,40000.0,4.3979400086720375,inactive,1,40000.0,40000.0,24745230,CHEMBL5118965,0
CHEMBL5205275,CHEMBL5205275,CCNC(=O)CCC(NS(=O)(=O)c1ccc(-c2ccccc2)cc1)C(=O)O,1.19,8.924453038607469,active,1,1.19,1.19,24745153,CHEMBL5118949,1
CHEMBL5206844,CHEMBL5206844,NC(=O)CCC(NS(=O)(=O)c1ccc(-c2ccccc2)cc1)C(=O)O,3.571,8.447210149807217,active,1,3.571,3.571,24745152,CHEMBL5118949,1
CHEMBL521719,CHEMBL521719,O=C(NO)[C@H]1CC2(CC[C@@H]1C(=O)N1CCN(c3ccccc3)CC1)CC2,577.0,6.238824186844269,active,1,577.0,577.0,2625838,CHEMBL1008373,1
CHEMBL522613,CHEMBL522613,Cc1ccc2oc(-c3ccc([N+](=O)[O-])cc3)nc2c1,14900.0,4.826813731587726,inactive,1,14900.0,14900.0,20655670,CHEMBL4617067,0
CHEMBL5267304,CHEMBL5267304,CCCCCC(=O)N1C[C@H](F)C[C@H]1C(=O)N(C)[C@H](C(=O)N[C@@H](CCNC(=O)c1ccccc1)C(=O)NO)C(C)CC,10.0,8.0,active,1,10.0,10.0,27744047,CHEMBL5734390,1
CHEMBL5267731,CHEMBL5267731,CCN([C@@H](C(=O)O)C(C)C)S(=O)(=O)c1ccc(-c2nc(-c3ccc(C)s3)no2)cc1,34.7,7.459670525209126,active,2,33.0,36.4,25004648|25481388,CHEMBL5234286|CHEMBL5327370,1
CHEMBL5268402,CHEMBL5268402,CCOP(=O)(OCC)C(Nc1ccc(CCCC(=O)OCCOc2cc(/C=C\c3cc(OC)c(OC)c(OC)c3)ccc2OC)cc1)c1ccc(OC)cc1,28690.0,4.542269451754001,inactive,1,28690.0,28690.0,25058175,CHEMBL5249442,0
CHEMBL5268474,CHEMBL5268474,CCC(C)[C@@H](C(=O)N[C@@H](CCNC(=O)c1cc(F)cc(F)c1)C(=O)NO)N(C)C(=O)[C@@H]1CCCN1C(=O)[C@H](C)N(C)C(C)=O,136.0,6.866461091629782,active,1,136.0,136.0,27744023,CHEMBL5734390,1
CHEMBL5268799,CHEMBL5268799,COc1ccc(-c2ccc(S(=O)(=O)N(OC(C)C)[C@H](CCC3C(=O)c4ccccc4C3=O)C(=O)NO)cc2)cc1,0.43,9.366531544420413,active,1,0.43,0.43,24972831,CHEMBL5223591,1
CHEMBL5269115,CHEMBL5269115,COc1ccc(S(=O)(=O)N(Cc2ccccn2)c2c(C)cc(-c3cccc(C(F)(F)F)c3)cc2C(=O)NO)cc1,1.0,9.0,active,1,1.0,1.0,25004578,CHEMBL5234258,1
CHEMBL5269640,CHEMBL5269640,CCn1c(Cn2cc(-c3ccccc3)nn2)nn(CN2CCN(Cn3nc(Cn4cc(-c5ccccc5)nn4)n(CC)c3=S)CC2)c1=S,390.0,6.4089353929735005,active,1,390.0,390.0,25872559,CHEMBL5513338,1
CHEMBL5270698,CHEMBL5270698,O=CN(O)C(CS(=O)(=O)c1ccc(Oc2ccc(OC(F)(F)F)cc2)cc1)[C@@H](O)CO,0.092,10.036212172654444,active,1,0.092,0.092,25004650,CHEMBL5234288,1
CHEMBL5272043,CHEMBL5272043,Cn1ccc(=O)c(O)c1C(=O)NCc1ccc(-c2ccccc2)cc1,25000.0,4.6020599913279625,inactive,1,25000.0,25000.0,25036644,CHEMBL5243549,0
CHEMBL5272175,CHEMBL5272175,COc1ccc(S(=O)(=O)N(C)c2c(C)cc(Cc3ccc(CN(C)C)cc3)cc2C(=O)NO)cc1,3.0,8.522878745280337,active,1,3.0,3.0,25004580,CHEMBL5234258,1
CHEMBL5272906,CHEMBL5272906,CCOP(=O)(OCC)C(Nc1ccc(CC(=O)OCCOc2cc(/C=C\c3cc(OC)c(OC)c(OC)c3)ccc2OC)cc1)c1ccc(OC)cc1,22370.0,4.65033401590337,inactive,1,22370.0,22370.0,25058172,CHEMBL5249442,0
CHEMBL5274327,CHEMBL5274327,CN(C)c1ccc(-c2cn(-c3ccc(S(=O)(=O)NC(Cc4ccccc4)C(=O)NO)cc3)nn2)cc1,1.03,8.987162775294827,active,2,1.0,1.06,25004574|25029773,CHEMBL5234258|CHEMBL5241284,1
CHEMBL5274715,CHEMBL5274715,O=C(NCc1ccc(-c2ccccc2)cc1)c1occc(=O)c1O,25000.0,4.6020599913279625,inactive,1,25000.0,25000.0,25036642,CHEMBL5243549,0
CHEMBL5275186,CHEMBL5275186,Cc1cc(=O)c(O)c(C(=O)NCc2ccc(-c3ccccc3)cc2)n1C,25000.0,4.6020599913279625,inactive,1,25000.0,25000.0,25036645,CHEMBL5243549,0
CHEMBL5275421,CHEMBL5275421,O=C(NO)C1(S(=O)(=O)c2ccc(-n3cc(-c4ccc(-c5cncnc5)cc4)nn3)cc2)CCOCC1,0.8,9.096910013008056,active,1,0.8,0.8,25004643,CHEMBL5234281,1
CHEMBL5276809,CHEMBL5276809,O=C(O)[C@H]1[C@H](CN2C(=O)c3ccccc3C2=O)CC[C@@H]1SCc1ccc(-c2ccc(Cl)cc2)cc1,13.0,7.886056647693163,active,1,13.0,13.0,25004692,CHEMBL5234311,1
CHEMBL5276957,CHEMBL5276957,O=C(NCCC[C@@H](NS(=O)(=O)c1ccc(OCc2cc(Br)cc(Br)c2)cc1)C(=O)NO)NCCC[C@@H](NS(=O)(=O)c1ccc(OCc2cc(Br)cc(Br)c2)cc1)C(=O)NO,13500.0,4.8696662315049934,inactive,1,13500.0,13500.0,24989471,CHEMBL5229261,0
CHEMBL5278145,CHEMBL5278145,CC1(C)NC(=O)N(C[C@H](CS(=O)(=O)c2ccc(-c3ccc(OC(F)(F)F)cc3)cc2)N(O)C(=O)O)C1=O,0.34,9.468521082957745,active,1,0.34,0.34,25004651,CHEMBL5234288,1
CHEMBL5278204,CHEMBL5278204,COc1ccc(S(=O)(=O)N(C)c2c(CN3CCOCC3)cc(C)cc2C(=O)NO)cc1,5.0,8.301029995663981,active,1,5.0,5.0,25004581,CHEMBL5234258,1
CHEMBL5278767,CHEMBL5278767,COc1ccc(S(=O)(=O)N(c2c(C)cc(-c3cccc(C(F)(F)F)c3)cc2C(=O)NO)N(C)C)cc1,2.0,8.698970004336019,active,1,2.0,2.0,25004579,CHEMBL5234258,1
CHEMBL5280430,CHEMBL5280430,CCc1ccc(-c2cc(-c3ccc(S(=O)(=O)N[C@H](C(=O)O)C(C)C)cc3)no2)s1,0.29,9.537602002101044,active,1,0.29,0.29,25029771,CHEMBL5241284,1
CHEMBL5281153,CHEMBL5281153,CCc1ccc(C#Cc2ccc(S(=O)(=O)N[C@H](C(=O)O)C(C)C)s2)cc1,4.4,8.356547323513812,active,1,4.4,4.4,24972833,CHEMBL5223591,1
CHEMBL5281827,CHEMBL5281827,COc1ccc(S(=O)(=O)N(Cc2ccccc2)c2c(C(=O)NO)ccc3c(C(C)(C)C)cccc23)cc1,9.0,8.045757490560675,active,1,9.0,9.0,25004583,CHEMBL5234258,1
CHEMBL5283286,CHEMBL5283286,COc1ccc(S(=O)(=O)N2CCN(c3cccnc3)CC2C(=O)NO)cc1,32.0,7.494850021680094,active,1,32.0,32.0,25004669,CHEMBL5234297,1
CHEMBL5283653,CHEMBL5283653,COc1ccc(S(=O)(=O)N2[C@H](C(=O)NO)C[C@@H]3CCN(C(=O)CCc4ccccc4)C[C@@H]32)cc1,41.0,7.3872161432802645,active,1,41.0,41.0,25029772,CHEMBL5241284,1
CHEMBL5283673,CHEMBL5283673,CCCN(C(CSC)C(=O)NO)S(=O)(=O)c1ccc(OC)cc1,0.2,9.698970004336019,active,1,0.2,0.2,25004629,CHEMBL5234271,1
CHEMBL5284605,CHEMBL5284605,O=C(CCCSc1nc(=O)c2ccccc2[nH]1)Nc1nc2ccccc2[nH]1,300.0,6.522878745280337,active,1,300.0,300.0,25029782,CHEMBL5241287,1
CHEMBL5284688,CHEMBL5284688,COc1ccc(S(=O)(=O)N2CCCC(C)(C)CC2C(=O)NO)cc1,0.5,9.301029995663981,active,1,0.5,0.5,25004667,CHEMBL5234297,1
CHEMBL5285794,CHEMBL5285794,CCOP(=O)(OCC)C(Nc1ccc(CC(=O)OCCOc2cc(/C=C\c3cc(OC)c(OC)c(OC)c3)ccc2OC)cc1)c1ccc(C)cc1,38190.0,4.4180503416266825,inactive,1,38190.0,38190.0,25058173,CHEMBL5249442,0
CHEMBL5285908,CHEMBL5285908,CCCCCCCCCC[C@@H](CC(=O)NO)C(=O)N[C@H](C(=O)NC)c1ccccc1,0.2,9.698970004336019,active,1,0.2,0.2,25004627,CHEMBL5234269,1
CHEMBL5286002,CHEMBL5286002,CCOP(=O)(OCC)C(Nc1ccc(CC(=O)OCCOc2cc(/C=C\c3cc(OC)c(OC)c(OC)c3)ccc2OC)cc1)c1cccc(OC)c1,31300.0,4.504455662453552,inactive,1,31300.0,31300.0,25058174,CHEMBL5249442,0
CHEMBL5287803,CHEMBL5287803,O=C1NC(=O)C(O)(CC(=O)c2ccc(NS(=O)(=O)c3ccc(C(F)(F)F)cc3)cc2)C(=O)N1,8.24,8.084072788302883,active,1,8.24,8.24,24995184,CHEMBL5231484,1
CHEMBL5287905,CHEMBL5287905,Cc1ccc(C#Cc2ccc(S(=O)(=O)N[C@H](C(=O)O)C(C)C)s2)cc1,14.0,7.853871964321762,active,1,14.0,14.0,25004654,CHEMBL5234290,1
CHEMBL5288452,CHEMBL5288452,Cc1ccc(-c2cc(-c3ccc(S(=O)(=O)N[C@H](C(=O)O)C(C)C)cc3)no2)s1,0.34,9.468521082957745,active,1,0.34,0.34,25029770,CHEMBL5241284,1
CHEMBL5289570,CHEMBL5289570,COc1ccc(S(=O)(=O)N2CC(C)(C)C(CCSCc3ccccc3)C2C(=O)NO)cc1,0.9,9.045757490560675,active,1,0.9,0.9,25004636,CHEMBL5234275,1
CHEMBL5291044,CHEMBL5291044,S=c1n(CN2CCN(Cn3nc(Cn4cc(-c5ccccc5)nn4)n(-c4ccccc4)c3=S)CC2)nc(Cn2cc(-c3ccccc3)nn2)n1-c1ccccc1,140.0,6.853871964321762,active,1,140.0,140.0,25872558,CHEMBL5513338,1
CHEMBL5395662,CHEMBL5395662,Cc1ccc(-c2noc(-c3ccc(S(=O)(=O)N(Cc4ccccc4)[C@@H](C(=O)O)C(C)C)cc3)n2)s1,95.0,7.022276394711152,active,1,95.0,95.0,25481398,CHEMBL5327370,1
CHEMBL5396285,CHEMBL5396285,CCCCN([C@@H](C(=O)O)C(C)C)S(=O)(=O)c1ccc(-c2nc(-c3ccc(C)s3)no2)cc1,87.0,7.060480747381382,active,1,87.0,87.0,25481390,CHEMBL5327370,1
CHEMBL5401833,CHEMBL5401833,Cc1ccc(-c2noc(-c3ccc(S(=O)(=O)N(C)[C@@H](C(=O)O)C(C)C)cc3)n2)s1,36.0,7.443697499232712,active,1,36.0,36.0,25481387,CHEMBL5327370,1
CHEMBL5406674,CHEMBL5406674,CCCCCN([C@@H](C(=O)O)C(C)C)S(=O)(=O)c1ccc(-c2nc(-c3ccc(C)s3)no2)cc1,87.0,7.060480747381382,active,1,87.0,87.0,25481394,CHEMBL5327370,1
CHEMBL5406867,CHEMBL5406867,Cc1ccc(-c2noc(-c3ccc(S(=O)(=O)N(CCCCF)[C@@H](C(=O)O)C(C)C)cc3)n2)s1,25.0,7.6020599913279625,active,1,25.0,25.0,25481391,CHEMBL5327370,1
CHEMBL5409238,CHEMBL5409238,COc1cccc2[nH]cc(-c3cc(-c4ccccc4)oc3-c3ccccc3)c12,50000.0,4.301029995663981,inactive,1,50000.0,50000.0,25995085,CHEMBL5551591,0
CHEMBL5413782,CHEMBL5413782,Cc1ccc(-c2noc(-c3ccc(S(=O)(=O)N(CCCCCCCCCCCCN=[N+]=[N-])[C@@H](C(=O)O)C(C)C)cc3)n2)s1,933.0,6.0301183562534995,active,1,933.0,933.0,25481399,CHEMBL5327370,1
CHEMBL5419103,CHEMBL5419103,Cc1ccc(-c2noc(-c3ccc(S(=O)(=O)N(CCCC(F)(F)F)[C@@H](C(=O)O)C(C)C)cc3)n2)s1,154.0,6.8124792791635365,active,1,154.0,154.0,25481392,CHEMBL5327370,1
CHEMBL5420372,CHEMBL5420372,CCCCCCN([C@@H](C(=O)O)C(C)C)S(=O)(=O)c1ccc(-c2nc(-c3ccc(C)s3)no2)cc1,329.0,6.482804102050025,active,1,329.0,329.0,25481395,CHEMBL5327370,1
CHEMBL5424250,CHEMBL5424250,Cc1ccc(-c2noc(-c3ccc(S(=O)(=O)N(CCF)[C@@H](C(=O)O)C(C)C)cc3)n2)s1,34.0,7.468521082957745,active,1,34.0,34.0,25481389,CHEMBL5327370,1
CHEMBL5428131,CHEMBL5428131,CC(C)[C@@H](NS(=O)(=O)c1ccc(-c2nc(-c3ccc(Cn4cc(CCCCCF)nn4)s3)no2)cc1)C(=O)O,1000.0,6.0,active,1,1000.0,1000.0,25481386,CHEMBL5327370,1
CHEMBL5429762,CHEMBL5429762,CC(C)[C@@H](NS(=O)(=O)c1ccc(-c2nc(-c3ccc(Cn4cc(CCCF)nn4)s3)no2)cc1)C(=O)O,102.0,6.991399828238082,active,1,102.0,102.0,25481385,CHEMBL5327370,1
CHEMBL5430097,CHEMBL5430097,Cc1ccc(-c2noc(-c3ccc(S(=O)(=O)N(CCOCOCCCOCCN=[N+]=[N-])[C@@H](C(=O)O)C(C)C)cc3)n2)s1,36.0,7.443697499232712,active,1,36.0,36.0,25481400,CHEMBL5327370,1
CHEMBL5434496,CHEMBL5434496,CCCN([C@@H](C(=O)O)C(C)C)S(=O)(=O)c1ccc(-c2nc(-c3ccc(C)s3)no2)cc1,92.0,7.036212172654444,active,1,92.0,92.0,25481393,CHEMBL5327370,1
CHEMBL5436337,CHEMBL5436337,Cc1ccc(-c2noc(-c3ccc(S(=O)(=O)N[C@@H](C(=O)O)C(C)C)cc3)n2)s1,13.0,7.886056647693163,active,1,13.0,13.0,25481384,CHEMBL5327370,1
CHEMBL550038,CHEMBL550038,CC(C)[C@H](NS(=O)(=O)c1ccc2c(c1)oc1ccc(N3CCOC3=O)cc12)C(=O)O,318.0,6.497572880015568,active,1,318.0,318.0,2692709,CHEMBL1058824,1
CHEMBL5557636,CHEMBL5557636,Cc1ccc(S(=O)(=O)N[C@H](CCC(=O)NCc2ccccc2)C(=O)O)cc1,402.75,6.394964450908745,active,1,402.75,402.75,25911305,CHEMBL5525329,1
CHEMBL5558206,CHEMBL5558206,C[C@H](C[C@H](CO)NC(=O)c1ccc(Oc2ccccc2)cc1)C(=O)NO,0.8,9.096910013008056,active,1,0.8,0.8,25872551,CHEMBL5513333,1
CHEMBL5558542,CHEMBL5558542,CC(C(=O)N(C)N1C(=O)CSC1c1ccc(C(=O)O)cc1)c1nsc2ccccc12,40.0,7.3979400086720375,active,1,40.0,40.0,25872526,CHEMBL5513325,1
CHEMBL5560685,CHEMBL5560685,CC(C(=O)N(C)N1C(=O)CSC1c1ccc(O)cc1)c1nsc2ccccc12,300.0,6.522878745280337,active,1,300.0,300.0,25872527,CHEMBL5513325,1
CHEMBL5560744,CHEMBL5560744,O=C(CC[C@@H](NS(=O)(=O)c1ccc([N+](=O)[O-])cc1)C(=O)O)NCc1ccccc1,560.7,6.2512694439015055,active,1,560.7,560.7,25911302,CHEMBL5525329,1
CHEMBL5560889,CHEMBL5560889,CCC[C@H](C(=O)NO)N(Cc1cccnc1)S(=O)(=O)c1ccc(OC)cc1,700.0,6.154901959985743,active,1,700.0,700.0,25872541,CHEMBL5513329,1
CHEMBL5561001,CHEMBL5561001,CNC(=O)CC[C@@H](NS(=O)(=O)c1ccc(C)cc1)C(=O)O,566.43,6.2468537530417585,active,1,566.43,566.43,25911303,CHEMBL5525329,1
CHEMBL5561148,CHEMBL5561148,CCCCNC(=O)CC[C@@H](NS(=O)(=O)c1ccc([N+](=O)[O-])cc1)C(=O)O,833.21,6.079245526387809,active,1,833.21,833.21,25911301,CHEMBL5525329,1
CHEMBL5567551,CHEMBL5567551,CCC[C@@H](C(=O)NO)N(Cc1cccnc1)S(=O)(=O)c1ccc(OC)cc1,4.6,8.337242168318426,active,1,4.6,4.6,25872540,CHEMBL5513329,1
CHEMBL5568549,CHEMBL5568549,C[C@H](C[C@H](COC(=O)CCC(=O)O)NC(=O)c1ccc(Oc2ccccc2)cc1)C(=O)NO,2.8,8.55284196865778,active,1,2.8,2.8,25872550,CHEMBL5513333,1
CHEMBL5590205,CHEMBL5590205,C[C@]1(O)C[C@@H](c2ccc3cc(C(=O)N4CCCc5cnccc5C4)[nH]c3c2)C1,160.0,6.795880017344075,active,1,160.0,160.0,26035429,CHEMBL5584483,1
CHEMBL5590730,CHEMBL5590730,O=C(NCCN1CCCC1)c1ccc2c(c1)CN(C(=O)c1cc3c(F)cc(C4CC4)cc3[nH]1)CC2,1000.0,6.0,active,1,1000.0,1000.0,26035421,CHEMBL5584483,1
CHEMBL5596198,CHEMBL5596198,O=C(c1cc2ccc(C3CCC3)cc2[nH]1)N1CCCc2cnccc2C1,120.0,6.920818753952375,active,1,120.0,120.0,26035428,CHEMBL5584483,1
CHEMBL5596204,CHEMBL5596204,CCc1ccc2cc(C(=O)N3CCCc4cnccc4C3)[nH]c2c1,120.0,6.920818753952375,active,1,120.0,120.0,26035426,CHEMBL5584483,1
CHEMBL5597220,CHEMBL5597220,CC(C)(C)c1ccc2cc(C(=O)N3CCCc4cnccc4C3)[nH]c2c1,110.0,6.958607314841775,active,1,110.0,110.0,26035427,CHEMBL5584483,1
CHEMBL5597368,CHEMBL5597368,O=C(c1cc2ccc(C3CC3)cc2[nH]1)N1CCCc2cnccc2C1,81.0,7.0915149811213505,active,1,81.0,81.0,26035425,CHEMBL5584483,1
CHEMBL5597635,CHEMBL5597635,CC(C)(O)c1ccc2cc(C(=O)N3CCCc4cnc(N)c(F)c4C3)[nH]c2c1,44.0,7.356547323513812,active,1,44.0,44.0,26035432,CHEMBL5584483,1
CHEMBL5597889,CHEMBL5597889,CC(C)(O)c1ccc2cc(C(=O)N3CCCc4cnccc4C3)[nH]c2c1,580.0,6.236572006437063,active,1,580.0,580.0,26035431,CHEMBL5584483,1
CHEMBL5612602,CHEMBL5612602,O=C(O)CNc1nc(NCC(=O)O)nc(NNC(=O)c2ccc(Nc3nc(Nc4ccc(C(=O)NNc5nc(NCC(=O)O)nc(NCC(=O)O)n5)cc4)nc(Nc4ccc(C(=O)NNc5nc(NCC(=O)O)nc(NCC(=O)O)n5)cc4)n3)cc2)n1,156.0,6.806875401645538,active,1,156.0,156.0,26110345,CHEMBL5609700,1
CHEMBL572780,CHEMBL572780,COc1ccc(-c2ccc(S(=O)(=O)c3ccccc3C(C)C(=O)NO)cc2)cc1,69.0,7.161150909262744,active,1,69.0,69.0,2923399,CHEMBL1042352,1
CHEMBL572982,CHEMBL572982,O=C(O)CC(O)CCc1ccc(-c2ccccc2)cc1,16500.0,4.782516055786093,inactive,3,10500.0,19100.0,2923564|2923565|2923566,CHEMBL1045856,0
CHEMBL573714,CHEMBL573714,COc1ccc(S(=O)(=O)c2ccccc2CC(=O)NO)cc1,98.0,7.008773924307505,active,1,98.0,98.0,2923407,CHEMBL1042352,1
CHEMBL573715,CHEMBL573715,COc1ccc(Oc2ccc(S(=O)(=O)c3ccccc3CC(=O)NO)cc2)cc1,0.8,9.096910013008056,active,1,0.8,0.8,2923379,CHEMBL1042352,1
CHEMBL573934,CHEMBL573934,COc1ccc(-c2ccc(S(=O)(=O)c3ccccc3C(=O)NO)cc2)cc1,930.0,6.031517051446064,active,1,930.0,930.0,2923447,CHEMBL1042352,1
CHEMBL573936,CHEMBL573936,COc1ccc(-c2ccc(S(=O)(=O)c3ccccc3CC(=O)O)cc2)cc1,730.0,6.136677139879544,active,1,730.0,730.0,2923442,CHEMBL1042352,1
CHEMBL574370,CHEMBL574370,O=C(Cc1ccccc1S(=O)(=O)c1ccc(-c2ccccc2)cc1)NO,310.0,6.508638306165727,active,1,310.0,310.0,2923425,CHEMBL1042352,1
CHEMBL574605,CHEMBL574605,CC(C(=O)NO)c1ccccc1S(=O)(=O)c1ccc(-c2ccccc2)cc1,340.0,6.468521082957745,active,1,340.0,340.0,2923427,CHEMBL1042352,1
CHEMBL5754516,CHEMBL5754516,CCCCCC(=O)N1CCC[C@H]1C(=O)N(C)[C@H](C(=O)N[C@@H](CCNC(=O)c1ccccc1)C(=O)NO)C(C)CC,702.0,6.153662887870195,active,1,702.0,702.0,27744041,CHEMBL5734390,1
CHEMBL575881,CHEMBL575881,CC(C)ON([C@@H](C(=O)O)C(C)C)S(=O)(=O)c1ccc(-c2ccccc2)cc1,24000.0,4.619788758288394,inactive,1,24000.0,24000.0,2923901,CHEMBL1042352,0
CHEMBL575895,CHEMBL575895,COc1ccc(S(=O)(=O)c2ccccc2C(=O)NO)cc1,24000.0,4.619788758288394,inactive,1,24000.0,24000.0,2923504,CHEMBL1042352,0
CHEMBL575896,CHEMBL575896,O=C(NO)c1ccccc1S(=O)(=O)c1ccc(Oc2ccccc2)cc1,690.0,6.161150909262744,active,1,690.0,690.0,2923438,CHEMBL1042352,1
CHEMBL5762778,CHEMBL5762778,CCCC(CCC)C(=O)N1CCC[C@H]1C(=O)N(C)[C@H](C(=O)N[C@@H](CCNC(=O)c1cc(F)cc(F)c1)C(=O)NO)C(C)CC,263.0,6.580044251510242,active,1,263.0,263.0,27743999,CHEMBL5734390,1
CHEMBL576762,CHEMBL576762,C[S+]([O-])c1ccc(Oc2ccc(S(=O)(=O)c3ccccc3C(=O)NO)cc2)cc1,51000.0,4.292429823902063,inactive,1,51000.0,51000.0,2923513,CHEMBL1042352,0
CHEMBL5775711,CHEMBL5775711,COc1cc(/C=C/C(=O)CC(=O)/C=C/c2ccc(N(C)C)cc2)ccc1O,17000.0,4.769551078621726,inactive,1,17000.0,17000.0,28967864,CHEMBL5739131,0
CHEMBL579067,CHEMBL579067,COc1ccc(Oc2ccc(S(=O)(=O)c3ccccc3CC(=O)O)cc2)cc1,420.0,6.376750709602099,active,1,420.0,420.0,2923433,CHEMBL1042352,1
CHEMBL579068,CHEMBL579068,CC(C(=O)O)c1ccccc1S(=O)(=O)c1ccc(-c2ccccc2)cc1,20000.0,4.698970004336019,inactive,1,20000.0,20000.0,2923500,CHEMBL1042352,0
CHEMBL5797936,CHEMBL5797936,O=C(O)c1csc(CN(Cc2ccccc2)Cc2ccccc2)n1,13000.0,4.886056647693163,inactive,1,13000.0,13000.0,26649963,CHEMBL5730327,0
CHEMBL5798113,CHEMBL5798113,O=C(O)c1csc(CN(Cc2ccc(F)cc2)Cc2ccc(OCc3cccnc3)cc2)n1,37000.0,4.431798275933005,inactive,1,37000.0,37000.0,26649951,CHEMBL5730327,0
CHEMBL5806271,CHEMBL5806271,CCCCCC(=O)N1CCC[C@H]1C(=O)N(C)[C@H](C(=O)N[C@@H](CCNC(=O)c1cc(F)cc(F)c1)C(=O)NO)C(C)CC,395.0,6.403402904373539,active,1,395.0,395.0,27743969,CHEMBL5734390,1
CHEMBL5806984,CHEMBL5806984,CCC(C)[C@@H](C(=O)N[C@@H](CCNC(=O)c1cc(F)cc(F)c1)C(=O)NO)N(C)C(=O)[C@@H]1CCCN1C(=O)CC(C)C,601.0,6.221125527997261,active,1,601.0,601.0,27743981,CHEMBL5734390,1
CHEMBL5815281,CHEMBL5815281,COc1cc(/C=C/C(=O)C(C(=O)/C=C/c2ccc(O)c(CO)c2)C(=O)CO)ccc1O,16000.0,4.795880017344075,inactive,1,16000.0,16000.0,27980381,CHEMBL5735248,0
CHEMBL5817631,CHEMBL5817631,CCCCCCCC(=O)N1CCC[C@H]1C(=O)N(C)[C@H](C(=O)N[C@@H](CCNC(=O)c1cc(F)cc(F)c1)C(=O)NO)C(C)CC,733.0,6.134896025358872,active,1,733.0,733.0,27743987,CHEMBL5734390,1
CHEMBL584122,CHEMBL584122,COc1ccc(Oc2ccc(S(=O)(=O)c3ccccc3C(=O)NO)cc2)cc1,410.0,6.3872161432802645,active,1,410.0,410.0,2923432,CHEMBL1042352,1
CHEMBL584365,CHEMBL584365,COc1ccc(-c2ccc(S(=O)(=O)c3ccccc3CC(=O)NO)cc2)cc1,94.0,7.026872146400302,active,1,94.0,94.0,2923406,CHEMBL1042352,1
CHEMBL5851255,CHEMBL5851255,CCC(C)[C@@H](C(=O)N[C@@H](CCNC(=O)c1cc(F)cc(F)c1)C(=O)NO)N(C)C(=O)[C@@H]1CCCN1C(=O)CCN(C)C(C)=O,339.0,6.4698003017969175,active,1,339.0,339.0,27744029,CHEMBL5734390,1
CHEMBL5860213,CHEMBL5860213,O=C(O)c1csc(CN(Cc2ccc(F)cc2)Cc2ccc(-c3ccccc3)cc2)n1,20000.0,4.698970004336019,inactive,1,20000.0,20000.0,26649984,CHEMBL5730327,0
CHEMBL5861599,CHEMBL5861599,Cc1cccn(CC2(c3cccc(-c4cccnc4)c3)NC(=O)NC2=O)c1=O,67000.0,4.173925197299174,inactive,1,67000.0,67000.0,27673097,CHEMBL5734075,0
CHEMBL5873958,CHEMBL5873958,CNCc1ccc(/C=C/C(=O)CC(=O)/C=C/c2ccc(O)c(OC)c2)cc1,17000.0,4.769551078621726,inactive,1,17000.0,17000.0,27980384,CHEMBL5735248,0
CHEMBL5883658,CHEMBL5883658,CCC(C)[C@@H](C(=O)N[C@@H](Cc1c[nH]c2ccccc12)C(=O)NO)N(C)C(=O)[C@@H]1CCCN1C(C)=O,16000.0,4.795880017344075,inactive,1,16000.0,16000.0,27744077,CHEMBL5734390,0
CHEMBL5916829,CHEMBL5916829,CC(=O)N1CCC[C@H]1C(=O)N(C)[C@@H](CCC(N)=O)C(=O)N[C@@H](Cc1c[nH]c2ccccc12)C(=O)NO,22000.0,4.657577319177793,inactive,1,22000.0,22000.0,27744071,CHEMBL5734390,0
CHEMBL592329,CHEMBL592329,Oc1cc(O)c2c(c1)O[C@H](c1ccc(O)c(O)c1)[C@H](O)[C@H]2c1c(O)cc(O)c2c1O[C@H](c1ccc(O)c(O)c1)[C@H](O)[C@H]2c1c(O)cc2c(c1O)C[C@@H](O)[C@@H](c1ccc(O)c(O)c1)O2,27300.0,4.5638373529592435,inactive,1,27300.0,27300.0,3102501,CHEMBL1066259,0
CHEMBL592373,CHEMBL592373,Oc1cc(O)c2c(c1)O[C@H](c1ccc(O)c(O)c1)[C@H](O)[C@H]2c1c(O)cc(O)c2c1O[C@H](c1ccc(O)c(O)c1)[C@H](O)[C@H]2c1c(O)cc(O)c2c1O[C@H](c1ccc(O)c(O)c1)[C@H](O)[C@H]2c1c(O)cc(O)c2c1O[C@H](c1ccc(O)c(O)c1)[C@H](O)[C@H]2c1c(O)cc(O)c2c1O[C@H](c1ccc(O)c(O)c1)[C@H](O)C2,39200.0,4.406713932979542,inactive,1,39200.0,39200.0,3102505,CHEMBL1066259,0
CHEMBL5933644,CHEMBL5933644,CCC(C)[C@@H](C(=O)N[C@@H](CCNC(=O)c1cc(F)cc(F)c1)C(=O)NO)N(C)C(=O)[C@@H]1CCCN1C(C)=O,301.0,6.521433504406156,active,1,301.0,301.0,27743963,CHEMBL5734390,1
CHEMBL59338,CHEMBL59338,CCCCCCCCC[C@H](CC(=O)NO)C(=O)N[C@H](C(=O)NC)C(C)(C)C,1.5,8.823908740944319,active,1,1.5,1.5,255920,CHEMBL687544,1
CHEMBL5946001,CHEMBL5946001,CCC(C)[C@@H](C(=O)N[C@@H](CCNC(=O)c1cc(F)cc(F)c1)C(=O)NO)N(C)C(=O)[C@@H]1CCCN1C(=O)[C@H](Cc1ccccc1)N(C)C(C)=O,71.0,7.1487416512809245,active,1,71.0,71.0,27744017,CHEMBL5734390,1
CHEMBL5946822,CHEMBL5946822,CCC(C)[C@@H](C(=O)N[C@@H](CCNC(=O)c1cc(F)cc(F)c1)C(=O)NO)N(C)C(=O)[C@@H]1CCCN1C(=O)CCCOc1ccccc1,506.0,6.2958494831602,active,1,506.0,506.0,27744005,CHEMBL5734390,1
CHEMBL5954097,CHEMBL5954097,CCCC(=O)N(C)[C@@H](Cc1c[nH]c2ccccc12)C(=O)N(C)[C@@H](CC(C)C)C(=O)N1CCC[C@H]1C(=O)N(C)[C@H](C(=O)N[C@@H](CCNC(=O)c1cc(F)cc(F)c1)C(=O)NO)C(C)CC,46.0,7.337242168318426,active,1,46.0,46.0,27744035,CHEMBL5734390,1
CHEMBL5963948,CHEMBL5963948,O=C(O)c1c[nH]c(CN(Cc2ccc(F)cc2)Cc2ccc(OCc3ccccc3)cc2)n1,56500.0,4.247951552180561,inactive,2,13000.0,100000.0,26650008|26650017,CHEMBL5730327,0
CHEMBL5980393,CHEMBL5980393,O=C(O)c1csc(CN(Cc2ccc(OCc3ccccc3)cc2)CC(c2ccccc2)c2ccccc2)n1,10000.0,5.0,inactive,1,10000.0,10000.0,26649960,CHEMBL5730327,0
CHEMBL5988132,CHEMBL5988132,CCCCCC(=O)N1CC(F)(F)C[C@H]1C(=O)N(C)[C@H](C(=O)N[C@@H](CCNC(=O)c1cc(F)cc(F)c1)C(=O)NO)C(C)CC,713.0,6.146910470148134,active,1,713.0,713.0,27743993,CHEMBL5734390,1
CHEMBL5988172,CHEMBL5988172,O=C(c1cnc(CCc2ccccc2)[nH]1)N1CCCC1,80000.0,4.096910013008056,inactive,1,80000.0,80000.0,26650035,CHEMBL5730327,0
CHEMBL5997113,CHEMBL5997113,CCCC(=O)N1CCC[C@H]1C(=O)N(C)[C@H](C(=O)N[C@@H](CCNC(=O)c1cc(F)cc(F)c1)C(=O)NO)C(C)CC,235.0,6.628932137728263,active,1,235.0,235.0,27743975,CHEMBL5734390,1
CHEMBL6059022,CHEMBL6059022,CCC(C)[C@@H](C(=O)N[C@@H](CCNC(=O)c1cc(F)cc(F)c1)C(=O)NO)N(C)C(=O)[C@@H]1CC(F)(F)CN1C(=O)CCCOc1ccccc1,223.0,6.651695136951839,active,1,223.0,223.0,27744011,CHEMBL5734390,1
CHEMBL6150966,CHEMBL6150966,COc1ccc(Cl)cc1-c1c(C(=O)O)[nH]c2c1CCc1ccccc1-2,45030.0,4.346498053037068,inactive,1,45030.0,45030.0,29180885,CHEMBL6112542,0
CHEMBL6176925,CHEMBL6176925,CCOP(=O)(OCC)C(Nc1ccc(CC(=O)Oc2cc(/C=C/C(=O)c3cc(OC)c(OC)c(OC)c3)ccc2OC)cc1)c1cccc([N+](=O)[O-])c1,19240.0,4.715794932298206,inactive,1,19240.0,19240.0,29278250,CHEMBL6155579,0
CHEMBL63677,CHEMBL63677,O=c1cc(-c2ccc(O)c(-c3c(O)cc4oc(-c5ccc(O)cc5)cc(=O)c4c3O)c2)oc2cc(O)cc(O)c12,11850.0,4.926281649653878,inactive,1,11850.0,11850.0,18532954,CHEMBL4195647,0
CHEMBL66,CHEMBL66,O=C1c2c(O)cc(O)cc2O[C@H](c2ccc(O)c(O)c2)[C@H]1O,32020.0,4.494578672416719,inactive,1,32020.0,32020.0,10950058,CHEMBL2051215,0
CHEMBL67291,CHEMBL67291,O=C(/C=C/c1ccc(O)c(O)c1)NCc1ccccc1,7.25,8.139661993429007,active,1,7.25,7.25,12701966,CHEMBL2338836,1
CHEMBL67498,CHEMBL67498,O=C(/C=C/c1ccc(O)c(O)c1)NCCc1ccccc1,7.28,8.137868620686962,active,1,7.28,7.28,12701965,CHEMBL2338836,1
CHEMBL6973,CHEMBL6973,COc1ccc(S(=O)(=O)N2CN(C)C(=O)C[C@@H]2C(=O)NO)cc1,24.1,7.617982957425132,active,1,24.1,24.1,881900,CHEMBL714520,1
CHEMBL69803,CHEMBL69803,O=C(/C=C/c1ccc(O)c(O)c1)Nc1ccc(O)cc1,2.35,8.628932137728263,active,1,2.35,2.35,12701962,CHEMBL2338836,1
CHEMBL7108,CHEMBL7108,COc1ccc(S(=O)(=O)N2CN(C(C)(C)C)C(=O)C[C@@H]2C(=O)NO)cc1,1.1,8.958607314841775,active,1,1.1,1.1,867015,CHEMBL714520,1
CHEMBL73763,CHEMBL73763,CNC(=O)[C@H](NC(=O)[C@H](CC(C)C)[C@@H](CN1C(=O)N(C)C(C)(C)C1=O)C(=O)NO)C(C)(C)C,2.8,8.55284196865778,active,1,2.8,2.8,658145,CHEMBL687546,1
CHEMBL7390,CHEMBL7390,COc1ccc(S(=O)(=O)N2CN(Cc3ccccc3)C(=O)C[C@@H]2C(=O)NO)cc1,6.8,8.167491087293763,active,1,6.8,6.8,891668,CHEMBL714520,1
CHEMBL74670,CHEMBL74670,CNC(=O)[C@H](NC(=O)[C@H](CC(C)C)[C@@H](CN1C(=O)c2ccccc2C1=O)C(=O)NO)C(C)(C)C,4.3,8.366531544420413,active,1,4.3,4.3,647370,CHEMBL687546,1
CHEMBL75094,CHEMBL75094,CC1(C)SCCN(S(=O)(=O)c2ccc(Oc3ccncc3)cc2)[C@H]1C(=O)NO,0.26,9.585026652029182,active,3,0.2,3.3,195393|1424621|19277576,CHEMBL4408359|CHEMBL714516|CHEMBL829409,1
CHEMBL76222,CHEMBL76222,CNC(=O)[C@@H](NC(=O)[C@H](CC(C)C)NC(=O)[C@@H](S)CCN1C(=O)N(C)C(C)(C)C1=O)C(C)(C)C,27.0,7.568636235841012,active,1,27.0,27.0,24998203,CHEMBL5232269,1
CHEMBL7756,CHEMBL7756,COc1ccc(S(=O)(=O)N2CCN(C(C)C)C(=O)C[C@@H]2C(=O)NO)cc1,4.1,8.387216143280265,active,1,4.1,4.1,873290,CHEMBL714520,1
CHEMBL85030,CHEMBL85030,COc1ccc(S(=O)(=O)N(Cc2ccccc2)[C@@H](C(=O)NO)C(C)C)cc1,17.5,7.756961951313706,active,2,8.0,27.0,24745140|25004621,CHEMBL5118949|CHEMBL5234265,1
CHEMBL87223,CHEMBL87223,Cc1cc(N)c2cc(NC(=O)Nc3ccc4nc(C)cc(N)c4c3)ccc2n1,100000.0,4.0,inactive,1,100000.0,100000.0,13860156,CHEMBL3100546,0
CHEMBL92512,CHEMBL92512,CNC(=O)[C@H](Cc1ccccc1)NC(=O)[C@H](CSC)NC(=O)[C@@H](S)CCN1C(=O)CCC1=O,5.0,8.301029995663981,active,1,5.0,5.0,892609,CHEMBL712041,1
CHEMBL92835,CHEMBL92835,CNC(=O)[C@H](Cc1ccccc1)NC(=O)[C@H](CC(C)C)NC(=O)C(S)CCN1C(=O)c2ccccc2C1=O,31.0,7.508638306165727,active,1,31.0,31.0,887772,CHEMBL712041,1
CHEMBL92970,CHEMBL92970,CNC(=O)[C@H](Cc1ccccc1)NC(=O)[C@H](CSC)NC(=O)[C@H](S)CCN1C(=O)CCC1=O,30.0,7.522878745280337,active,1,30.0,30.0,876553,CHEMBL712041,1
CHEMBL93118,CHEMBL93118,Nc1ccc(-c2nc3ccccc3s2)cc1,79000.0,4.102372908709558,inactive,1,79000.0,79000.0,20655667,CHEMBL4617067,0
CHEMBL93155,CHEMBL93155,CNC(=O)[C@H](Cc1ccccc1)NC(=O)[C@H](CC(C)C)NC(=O)C(S)CCCN1C(=O)c2ccccc2C1=O,3.0,8.522878745280337,active,1,3.0,3.0,881664,CHEMBL712041,1
CHEMBL93320,CHEMBL93320,CNC(=O)[C@H](Cc1ccccc1)NC(=O)[C@H](CC(C)C)NC(=O)C(S)CCCC(=O)OC,1.0,9.0,active,1,1.0,1.0,899697,CHEMBL712041,1
CHEMBL93357,CHEMBL93357,CNC(=O)[C@H](Cc1ccccc1)NC(=O)[C@H](CC(C)C)NC(=O)C(S)CCCCN1C(=O)c2ccccc2C1=O,30.0,7.522878745280337,active,1,30.0,30.0,867999,CHEMBL712041,1
CHEMBL94256,CHEMBL94256,CNC(=O)[C@H](Cc1ccccc1)NC(=O)[C@H](CC(C)C)NC(=O)C(S)CCCNS(C)(=O)=O,6.0,8.221848749616356,active,1,6.0,6.0,903352,CHEMBL712041,1
CHEMBL94715,CHEMBL94715,CC#CCOc1ccc(S(=O)(=O)NCC(=O)NO)cc1,890.0,6.050609993355087,active,1,890.0,890.0,13457733,CHEMBL2432395,1
CHEMBL96473,CHEMBL96473,CNC(=O)[C@H](Cc1ccccc1)NC(=O)[C@H](CC(C)C)NC(=O)C(S)CCCC(=O)O,32.0,7.494850021680094,active,1,32.0,32.0,879054,CHEMBL712041,1
